variant,kind,aibl_n,aibl_acc,aibl_bacc,aibl_auc,aibl_ad_vs_cn_auc,aibl_recall_CN,aibl_recall_MCI,aibl_recall_AD,aibl_ad_to_cn_errors,ixi_cn_retention,ixi_false_impairment,oasis_bacc_stress,aibl_ece,aibl_brier,aibl_nll,notes,source,temperature
random_0000,risk_candidate,216,0.7314814814814815,0.38271604938271603,0.9368604018020618,0.9858104858104858,1.0,0.0,0.14814814814814814,23,1.0,0.0,0.3333333333333333,0.19781160871661652,0.37282260536773854,0.6757249364273611,Random candidate from RC-SPE pooling family.,random_pool,1.8980651572075444
random_0001,risk_candidate,216,0.7268518518518519,0.3907327240660574,0.9213746864017166,0.9757094757094757,0.987012987012987,0.0,0.18518518518518517,20,1.0,0.0,0.3220338983050847,0.22165983719296478,0.43959050141901057,0.871813656579119,Random candidate from RC-SPE pooling family.,random_pool,0.781390998715745
random_0002,risk_candidate,216,0.7361111111111112,0.38831168831168833,0.9325362095310236,0.9848484848484849,0.9935064935064936,0.17142857142857143,0.0,19,1.0,0.0,0.3333333333333333,0.21258122407029412,0.3354112760385907,0.6371270608440105,Random candidate from RC-SPE pooling family.,random_pool,1.5322047195771136
random_0003,risk_candidate,216,0.8518518518518519,0.6518037518037517,0.9501419434598529,0.9987974987974988,0.9935064935064936,0.6285714285714286,0.3333333333333333,5,1.0,0.0,0.3333333333333333,0.07278057868365068,0.21309114860851489,0.4084265075749726,Random candidate from RC-SPE pooling family.,random_pool,0.8014650916472427
random_0004,risk_candidate,216,0.8611111111111112,0.710357543690877,0.9556042681108964,0.9983164983164983,0.9935064935064936,0.2857142857142857,0.8518518518518519,3,1.0,0.0,0.3333333333333333,0.06583241322509482,0.1882742282034295,0.35835639641987554,Random candidate from RC-SPE pooling family.,random_pool,0.8943525655204443
random_0005,risk_candidate,216,0.7361111111111112,0.3950617283950617,0.9416415492396094,0.9903799903799904,1.0,0.0,0.18518518518518517,22,1.0,0.0,0.3333333333333333,0.18108336381493131,0.3435814043122583,0.5714348720377014,Random candidate from RC-SPE pooling family.,random_pool,1.4737139948738565
random_0006,risk_candidate,216,0.7222222222222222,0.35802469135802467,0.9535458823099283,0.9983164983164983,1.0,0.0,0.07407407407407407,25,1.0,0.0,0.3333333333333333,0.2180911781609586,0.29594697019835,0.5137029205006625,Random candidate from RC-SPE pooling family.,random_pool,1.7755670835763573
random_0007,risk_candidate,216,0.9027777777777778,0.8187590187590188,0.9488283958322968,0.9990379990379991,0.961038961038961,0.8285714285714286,0.6666666666666666,0,1.0,0.0,0.3450224040522112,0.21300545512041152,0.2278344719977222,0.4474054266213322,Random candidate from RC-SPE pooling family.,random_pool,1.0278025790895593
random_0008,risk_candidate,216,0.9120370370370371,0.8332691999358666,0.9527712153249293,0.9992784992784993,0.9675324675324676,0.8285714285714286,0.7037037037037037,0,0.8967297762478486,0.10327022375215145,0.3670368205727645,0.3262461178167718,0.3218896000611978,0.5949902631040287,Random candidate from RC-SPE pooling family.,random_pool,1.5818393658453607
random_0009,risk_candidate,216,0.7314814814814815,0.4047939714606381,0.9280908793085052,0.9795574795574795,0.9805194805194806,0.08571428571428572,0.14814814814814814,20,1.0,0.0,0.3220338983050847,0.17699218329114613,0.34961131500647435,0.5808969939452723,Random candidate from RC-SPE pooling family.,random_pool,0.8391770533005986
random_0010,risk_candidate,216,0.7268518518518519,0.3703703703703704,0.9248754311877674,0.9785954785954786,1.0,0.0,0.1111111111111111,21,1.0,0.0,0.3333333333333333,0.21073480806600584,0.34883990430489564,0.6097031521250079,Random candidate from RC-SPE pooling family.,random_pool,2.2191288104624203
random_0011,risk_candidate,216,0.8055555555555556,0.5763187429854096,0.9551841349747138,0.9992784992784993,0.9935064935064936,0.14285714285714285,0.5925925925925926,9,1.0,0.0,0.3333333333333333,0.10021162915056595,0.22126110163783227,0.4031882685201947,Random candidate from RC-SPE pooling family.,random_pool,1.0221575581206062
random_0012,risk_candidate,216,0.8101851851851852,0.5773769440436106,0.9441325627423921,0.9963924963924964,0.9935064935064936,0.2571428571428571,0.48148148148148145,10,1.0,0.0,0.3333333333333333,0.07536974528928762,0.23080559418955032,0.4035223252058447,Random candidate from RC-SPE pooling family.,random_pool,0.7834432320080925
random_0013,risk_candidate,216,0.8703703703703703,0.7702421035754369,0.952714494455695,0.9990379990379991,0.935064935064935,0.8571428571428571,0.5185185185185185,0,0.0,1.0,0.3333333333333333,0.2953590220380828,0.3858244562692957,0.6489231127928595,Random candidate from RC-SPE pooling family.,random_pool,1.3896200049215919
random_0014,risk_candidate,216,0.9212962962962963,0.8607824274490942,0.9465733320777755,1.0,0.9675324675324676,0.8,0.8148148148148148,0,1.0,0.0,0.3333333333333333,0.08191444279372273,0.13940851543845087,0.28428561856478995,Random candidate from RC-SPE pooling family.,random_pool,0.5817390108477457
random_0015,risk_candidate,216,0.8148148148148148,0.5953663620330287,0.9500060173346333,0.9961519961519961,0.9935064935064936,0.2,0.5925925925925926,10,1.0,0.0,0.3333333333333333,0.07928252409764884,0.22762814301734965,0.3914810689633971,Random candidate from RC-SPE pooling family.,random_pool,0.7845026795439226
random_0016,risk_candidate,216,0.8425925925925926,0.6396184062850729,0.9549462560006222,0.9975949975949976,0.9675324675324676,0.9142857142857143,0.037037037037037035,1,1.0,0.0,0.3393726865380869,0.14696093909143837,0.2481036512063806,0.484753205471668,Random candidate from RC-SPE pooling family.,random_pool,1.057081581543866
random_0017,risk_candidate,216,0.8657407407407407,0.7198813532146865,0.9550764878457837,0.9990379990379991,0.9935064935064936,0.3142857142857143,0.8518518518518519,1,1.0,0.0,0.3333333333333333,0.06544912124008384,0.17466884294760554,0.3135271770634745,Random candidate from RC-SPE pooling family.,random_pool,0.5786833543513408
random_0018,risk_candidate,216,0.7685185185185185,0.4747314413981081,0.9527423173126829,0.9961519961519961,0.9935064935064936,0.17142857142857143,0.25925925925925924,17,1.0,0.0,0.3333333333333333,0.13856300986295292,0.2534964482205883,0.4427703307830769,Random candidate from RC-SPE pooling family.,random_pool,1.0577303010420795
random_0019,risk_candidate,216,0.8148148148148148,0.6502004168670835,0.92391998688427,0.98989898989899,0.9675324675324676,0.05714285714285714,0.9259259259259259,1,1.0,0.0,0.3050847457627119,0.22725645433763875,0.3113185842905025,0.6000132876202918,Random candidate from RC-SPE pooling family.,random_pool,1.368484953183692
random_0020,risk_candidate,216,0.7129629629629629,0.3333333333333333,0.9329230369840634,0.9889369889369889,1.0,0.0,0.0,27,1.0,0.0,0.3333333333333333,0.20105599905689367,0.4479385855770169,0.7567959615472292,Random candidate from RC-SPE pooling family.,random_pool,2.2334574047326603
random_0021,risk_candidate,216,0.9027777777777778,0.8113997113997113,0.9547613859695948,0.9990379990379991,0.9675324675324676,0.8,0.6666666666666666,0,1.0,0.0,0.3450224040522112,0.10268823911450886,0.16675916066694488,0.3361976056274052,Random candidate from RC-SPE pooling family.,random_pool,0.7261542663903845
random_0022,risk_candidate,216,0.7777777777777778,0.5135321468654802,0.9535014735506054,0.9963924963924964,0.9935064935064936,0.02857142857142857,0.5185185185185185,12,1.0,0.0,0.3333333333333333,0.10156412956948897,0.26956783028409287,0.4439848389886472,Random candidate from RC-SPE pooling family.,random_pool,0.7721106522422503
random_0023,risk_candidate,216,0.7731481481481481,0.5040083373416707,0.9457586326249293,0.9920634920634921,0.9935064935064936,0.0,0.5185185185185185,12,1.0,0.0,0.3276836158192091,0.13321742174855503,0.29907032752764584,0.5362705628229714,Random candidate from RC-SPE pooling family.,random_pool,1.2566287583803124
random_0024,risk_candidate,216,0.8564814814814815,0.7365239698573033,0.9463617138158549,0.9911014911014911,0.9545454545454546,0.5142857142857142,0.7407407407407407,1,1.0,0.0,0.35671147477108905,0.25666811444965976,0.30198305127565994,0.5759884767481673,Random candidate from RC-SPE pooling family.,random_pool,1.6049614372633745
random_0025,risk_candidate,216,0.7314814814814815,0.38271604938271603,0.9482858295630164,0.9954304954304954,1.0,0.0,0.14814814814814814,23,1.0,0.0,0.3333333333333333,0.1862698482756125,0.36630031649502326,0.5934628597462136,Random candidate from RC-SPE pooling family.,random_pool,1.3349431478878984
random_0026,risk_candidate,216,0.8796296296296297,0.7564213564213564,0.9548741201629819,0.9990379990379991,0.974025974025974,0.6285714285714286,0.6666666666666666,1,1.0,0.0,0.3333333333333333,0.04691999433796591,0.16418050460905978,0.31649655741744886,Random candidate from RC-SPE pooling family.,random_pool,0.6075242112254282
random_0027,risk_candidate,216,0.7685185185185185,0.48319704986371653,0.9487524758905271,0.9985569985569985,0.9935064935064936,0.08571428571428572,0.37037037037037035,14,1.0,0.0,0.3333333333333333,0.12139710266994642,0.28050494168837503,0.4648667155181196,Random candidate from RC-SPE pooling family.,random_pool,0.6029618922727785
random_0028,risk_candidate,216,0.7129629629629629,0.3406926406926407,0.9511118633599608,0.9973544973544973,0.9935064935064936,0.02857142857142857,0.0,27,1.0,0.0,0.3333333333333333,0.1948508804635049,0.28059977591966834,0.4818627365971509,Random candidate from RC-SPE pooling family.,random_pool,1.2047418422929472
random_0029,risk_candidate,216,0.8287037037037037,0.6510501843835177,0.9488309899525964,0.9980759980759981,0.987012987012987,0.11428571428571428,0.8518518518518519,3,1.0,0.0,0.3333333333333333,0.18520150201386662,0.23584429983890903,0.4763004721936169,Random candidate from RC-SPE pooling family.,random_pool,1.3737279776661369
random_0030,risk_candidate,216,0.8888888888888888,0.7947250280583614,0.9476858222324029,0.9978354978354979,0.9545454545454546,0.8,0.6296296296296297,0,1.0,0.0,0.3682057276446522,0.32383428180263735,0.33145605052833593,0.6144891943084662,Random candidate from RC-SPE pooling family.,random_pool,1.791664614753342
random_0031,risk_candidate,216,0.7731481481481481,0.49382716049382713,0.9538277715829087,0.9995189995189995,1.0,0.0,0.48148148148148145,14,1.0,0.0,0.3333333333333333,0.13356694908517985,0.2746665762290915,0.47563480435144184,Random candidate from RC-SPE pooling family.,random_pool,1.3709745558375945
random_0032,risk_candidate,216,0.8101851851851852,0.5701298701298702,0.9548650257401367,0.9956709956709957,0.9675324675324676,0.7428571428571429,0.0,1,1.0,0.0,0.3391778686927723,0.17531928423308712,0.24872333083022113,0.48089951772846695,Random candidate from RC-SPE pooling family.,random_pool,1.1127772529266111
random_0033,risk_candidate,216,0.16203703703703703,0.3333333333333333,0.9412146321690186,0.9959114959114959,0.0,1.0,0.0,0,0.0,1.0,0.3333333333333333,0.5059349916671209,0.7769424348731123,1.0799040066289018,Random candidate from RC-SPE pooling family.,random_pool,1.6211589213542408
random_0034,risk_candidate,216,0.8611111111111112,0.7369729036395704,0.9503386359124977,0.9954304954304954,0.9675324675324676,0.42857142857142855,0.8148148148148148,1,1.0,0.0,0.3450224040522112,0.07470183142758516,0.1876618654371296,0.35814796531862475,Random candidate from RC-SPE pooling family.,random_pool,0.7655110481754414
random_0035,risk_candidate,216,0.875,0.7724066057399391,0.9448977999204516,0.9975949975949976,0.9415584415584416,0.8571428571428571,0.5185185185185185,0,0.1566265060240964,0.8433734939759037,0.3389830508474576,0.28526483009883835,0.3567337780839038,0.6218684166232288,Random candidate from RC-SPE pooling family.,random_pool,1.1078203719604995
random_0036,risk_candidate,216,0.8657407407407407,0.7137405804072471,0.953497367714811,0.9990379990379991,0.974025974025974,0.6857142857142857,0.48148148148148145,3,1.0,0.0,0.3333333333333333,0.09226929597232997,0.20162524699018178,0.3914182820362775,Random candidate from RC-SPE pooling family.,random_pool,0.9417639429828936
random_0037,risk_candidate,216,0.7824074074074074,0.5258778258778259,0.9484666967864656,0.9968734968734969,0.9935064935064936,0.02857142857142857,0.5555555555555556,11,1.0,0.0,0.3333333333333333,0.1251084768567405,0.2923415124865609,0.49467636796203784,Random candidate from RC-SPE pooling family.,random_pool,0.5790422439706769
random_0038,risk_candidate,216,0.8564814814814815,0.6951899951899952,0.9534615518896835,0.9990379990379991,0.9935064935064936,0.3142857142857143,0.7777777777777778,5,1.0,0.0,0.3333333333333333,0.07008858384126322,0.19642868117293144,0.3504258279134019,Random candidate from RC-SPE pooling family.,random_pool,0.7907266937994921
random_0039,risk_candidate,216,0.8009259259259259,0.6188071188071188,0.9088408440008363,0.9822029822029822,0.9675324675324676,0.0,0.8888888888888888,2,1.0,0.0,0.3050847457627119,0.09266335766153033,0.3082999681566189,0.6108494638067858,Random candidate from RC-SPE pooling family.,random_pool,1.036140687301524
random_0040,risk_candidate,216,0.9120370370370371,0.8519159852493186,0.9406658280095819,0.9985569985569985,0.961038961038961,0.7428571428571429,0.8518518518518519,0,1.0,0.0,0.3450224040522112,0.3735107640506835,0.3616311494404795,0.6662792998409564,Random candidate from RC-SPE pooling family.,random_pool,2.049111300928319
random_0041,risk_candidate,216,0.8657407407407407,0.7311688311688312,0.933286942167206,1.0,0.9935064935064936,0.2,1.0,0,1.0,0.0,0.3333333333333333,0.1434927497445494,0.22225901813638949,0.4565240991656816,Random candidate from RC-SPE pooling family.,random_pool,1.1421932096723488
random_0042,risk_candidate,216,0.7592592592592593,0.4975148308481641,0.9305694245451028,0.9824434824434825,0.974025974025974,0.0,0.5185185185185185,10,1.0,0.0,0.3050847457627119,0.10869605469932281,0.27800571660713563,0.46776620374012545,Random candidate from RC-SPE pooling family.,random_pool,0.6973275054845246
random_0043,risk_candidate,216,0.8796296296296297,0.7620650953984288,0.9538619871634166,0.9983164983164983,0.974025974025974,0.5714285714285714,0.7407407407407407,0,1.0,0.0,0.35671147477108905,0.2690854516872163,0.29201601385361325,0.5577602978082248,Random candidate from RC-SPE pooling family.,random_pool,1.7660667619600814
random_0044,risk_candidate,216,0.7592592592592593,0.7618406285072953,0.9291123745407769,0.9985569985569985,0.7532467532467533,0.8285714285714286,0.7037037037037037,0,0.0017211703958691911,0.9982788296041308,0.3333333333333333,0.19247283753631786,0.4212562902071987,0.6833201730361104,Random candidate from RC-SPE pooling family.,random_pool,0.8893586153810639
random_0045,risk_candidate,216,0.7962962962962963,0.5555555555555555,0.9563798159950778,0.9990379990379991,1.0,0.0,0.6666666666666666,9,1.0,0.0,0.3333333333333333,0.13760602650873152,0.27597282549841035,0.5112696979420092,Random candidate from RC-SPE pooling family.,random_pool,1.4752188021449741
random_0046,risk_candidate,216,0.7361111111111112,0.3950617283950617,0.9211059756387386,0.9773929773929774,1.0,0.0,0.18518518518518517,20,1.0,0.0,0.3333333333333333,0.18544878219317867,0.4182333514738453,0.7384766611193143,Random candidate from RC-SPE pooling family.,random_pool,1.099439464700245
random_0047,risk_candidate,216,0.8842592592592593,0.7739137405804072,0.9541824012103951,0.9990379990379991,0.9545454545454546,0.8857142857142857,0.48148148148148145,0,0.20481927710843373,0.7951807228915663,0.3446327683615819,0.2213289894064471,0.27649690312384545,0.5042925660982507,Random candidate from RC-SPE pooling family.,random_pool,0.9020271565771624
random_0048,risk_candidate,216,0.8564814814814815,0.7100208433541767,0.952279174156175,0.9978354978354979,0.948051948051948,0.8857142857142857,0.2962962962962963,0,1.0,0.0,0.3970387687512176,0.2913906130645279,0.3653192138566051,0.6488868276943174,Random candidate from RC-SPE pooling family.,random_pool,1.8101682762210376
random_0049,risk_candidate,216,0.7129629629629629,0.3333333333333333,0.9468985504040104,0.9954304954304954,1.0,0.0,0.0,27,1.0,0.0,0.3333333333333333,0.2628891001054519,0.3479712809135635,0.6196337601466337,Random candidate from RC-SPE pooling family.,random_pool,2.2094229703687653
random_0050,risk_candidate,216,0.7129629629629629,0.3333333333333333,0.9505347624772432,0.9975949975949976,1.0,0.0,0.0,27,1.0,0.0,0.3333333333333333,0.2040840133425359,0.3365276379689836,0.5361849255014427,Random candidate from RC-SPE pooling family.,random_pool,1.2170203517290388
random_0051,risk_candidate,216,0.7175925925925926,0.3835818502485169,0.8983850479573167,0.9708994708994709,0.974025974025974,0.02857142857142857,0.14814814814814814,20,1.0,0.0,0.3163841807909605,0.24093466164835756,0.4865593571786267,1.0017666659016002,Random candidate from RC-SPE pooling family.,random_pool,0.6132586522904823
random_0052,risk_candidate,216,0.8379629629629629,0.6429854096520763,0.9493695102345218,0.993987493987494,0.9935064935064936,0.34285714285714286,0.5925925925925926,8,1.0,0.0,0.3506721215663355,0.06567519866333502,0.2154099766436399,0.37955859469418723,Random candidate from RC-SPE pooling family.,random_pool,0.6526744498694288
random_0053,risk_candidate,216,0.8888888888888888,0.7919031585698253,0.9490524332539906,0.9947089947089947,0.9545454545454546,0.8285714285714286,0.5925925925925926,0,0.9690189328743546,0.030981067125645412,0.3553477498538866,0.0773295268362604,0.18562074661919536,0.3891763471788285,Random candidate from RC-SPE pooling family.,random_pool,0.5817635962595074
random_0054,risk_candidate,216,0.7916666666666666,0.5737534070867404,0.9315372209633042,0.9867724867724867,0.9805194805194806,0.0,0.7407407407407407,6,1.0,0.0,0.3220338983050847,0.10607827642770942,0.29996788234597566,0.5609864222676016,Random candidate from RC-SPE pooling family.,random_pool,1.127946623855033
random_0055,risk_candidate,216,0.3194444444444444,0.566394099727433,0.9093061270433319,0.9971139971139971,0.12987012987012986,0.8285714285714286,0.7407407407407407,0,0.0,1.0,0.3333333333333333,0.22724602352987308,0.581787423658495,0.9183279105195636,Random candidate from RC-SPE pooling family.,random_pool,1.3006777424223932
random_0056,risk_candidate,216,0.8148148148148148,0.6238095238095238,0.950930570847467,0.9990379990379991,0.9285714285714286,0.9428571428571428,0.0,0,0.022375215146299483,0.9776247848537005,0.3333333333333333,0.21112097000951544,0.3859545996884353,0.6480739454906504,Random candidate from RC-SPE pooling family.,random_pool,0.7964670079219405
random_0057,risk_candidate,216,0.7638888888888888,0.4454545454545455,0.953822878774528,0.9990379990379991,0.9935064935064936,0.34285714285714286,0.0,26,1.0,0.0,0.3333333333333333,0.23030625454976045,0.2944428559072969,0.5514208652057183,Random candidate from RC-SPE pooling family.,random_pool,2.0172652947841954
random_0058,risk_candidate,216,0.8287037037037037,0.65669392336059,0.9417181413253942,0.9935064935064936,0.987012987012987,0.05714285714285714,0.9259259259259259,2,1.0,0.0,0.3276836158192091,0.2169704335974591,0.28717437288614805,0.5618868663041409,Random candidate from RC-SPE pooling family.,random_pool,1.8016048237828506
random_0059,risk_candidate,216,0.9074074074074074,0.8276735610068945,0.9453855291969798,0.9990379990379991,0.974025974025974,0.6571428571428571,0.8518518518518519,0,1.0,0.0,0.3393726865380869,0.2776147236294176,0.2676954299408964,0.5291866924098705,Random candidate from RC-SPE pooling family.,random_pool,1.5553215861675138
random_0060,risk_candidate,216,0.6527777777777778,0.6147827481160815,0.9234796988996742,0.9884559884559885,0.6623376623376623,0.8857142857142857,0.2962962962962963,0,0.153184165232358,0.846815834767642,0.3333333333333333,0.1784388855040941,0.5146880454657952,0.8409533942622092,Random candidate from RC-SPE pooling family.,random_pool,2.0516739433183537
random_0061,risk_candidate,216,0.7222222222222222,0.35974025974025975,0.9493679939682171,0.9944684944684945,0.9935064935064936,0.08571428571428572,0.0,24,1.0,0.0,0.3333333333333333,0.21664123012751124,0.2953582982695664,0.5331599120852659,Random candidate from RC-SPE pooling family.,random_pool,1.5651079592466264
random_0062,risk_candidate,216,0.7222222222222222,0.3987493987493987,0.9210937016286297,0.9752284752284752,0.974025974025974,0.0,0.2222222222222222,18,1.0,0.0,0.3050847457627119,0.19518287620234606,0.3962338149006258,0.6710209901220892,Random candidate from RC-SPE pooling family.,random_pool,0.7657626939753207
random_0063,risk_candidate,216,0.8333333333333334,0.6605739939073273,0.9503561335642718,0.9961519961519961,0.987012987012987,0.14285714285714285,0.8518518518518519,3,1.0,0.0,0.3276836158192091,0.06262958619097561,0.2308233231758273,0.3980752155282896,Random candidate from RC-SPE pooling family.,random_pool,0.5640157686640309
random_0064,risk_candidate,216,0.7314814814814815,0.41779701779701783,0.9291320350971697,0.9790764790764791,0.974025974025974,0.05714285714285714,0.2222222222222222,18,1.0,0.0,0.3393726865380869,0.17850990947339893,0.34034112795142407,0.5584883106383507,Random candidate from RC-SPE pooling family.,random_pool,0.5733149610666253
random_0065,risk_candidate,216,0.9120370370370371,0.837197370530704,0.9525175401198248,0.9992784992784993,0.974025974025974,0.6857142857142857,0.8518518518518519,0,1.0,0.0,0.3333333333333333,0.054714565599910274,0.15218792467720965,0.2952270931335054,Random candidate from RC-SPE pooling family.,random_pool,0.598748944008624
random_0066,risk_candidate,216,0.7685185185185185,0.5018438351771685,0.9392850794742141,0.9891774891774892,0.987012987012987,0.0,0.5185185185185185,12,1.0,0.0,0.3276836158192091,0.16520602211888807,0.35529198604552614,0.7298785365332672,Random candidate from RC-SPE pooling family.,random_pool,0.5587674691574582
random_0067,risk_candidate,216,0.8935185185185185,0.8358986692320025,0.9078787083666168,0.9995189995189995,0.9415584415584416,0.7142857142857143,0.8518518518518519,0,0.0,1.0,0.3333333333333333,0.28454724072356175,0.3365048957893947,0.5977025084916923,Random candidate from RC-SPE pooling family.,random_pool,1.0159106304453838
random_0068,risk_candidate,216,0.8194444444444444,0.7481481481481481,0.9517753078670675,0.9978354978354979,0.8571428571428571,0.9428571428571428,0.4444444444444444,0,0.0,1.0,0.3333333333333333,0.24437999250586154,0.4149951743870985,0.6633474748993232,Random candidate from RC-SPE pooling family.,random_pool,0.8180992845542032
random_0069,risk_candidate,216,0.7777777777777778,0.5237133237133237,0.941998681759535,0.9906204906204906,0.987012987012987,0.02857142857142857,0.5555555555555556,10,1.0,0.0,0.3163841807909605,0.11872791114486529,0.29659651069754467,0.4978576523509893,Random candidate from RC-SPE pooling family.,random_pool,0.610370349249829
random_0070,risk_candidate,216,0.8240740740740741,0.6415263748597082,0.9525123427776067,0.9966329966329966,0.987012987012987,0.08571428571428572,0.8518518518518519,3,1.0,0.0,0.3276836158192091,0.12275439412899107,0.2216296983498959,0.4319972649233683,Random candidate from RC-SPE pooling family.,random_pool,1.1478356024913812
random_0071,risk_candidate,216,0.8425925925925926,0.6469777136443803,0.9549981752893362,0.9973544973544973,0.961038961038961,0.9428571428571428,0.037037037037037035,0,0.9965576592082617,0.0034423407917383297,0.3611922852133255,0.1419985397692659,0.2385277721354275,0.468376392665646,Random candidate from RC-SPE pooling family.,random_pool,0.898618590276578
random_0072,risk_candidate,216,0.7685185185185185,0.48148148148148145,0.9543673506689275,0.9990379990379991,1.0,0.0,0.4444444444444444,15,1.0,0.0,0.3333333333333333,0.12885181297926668,0.2971765233198709,0.4945384427604875,Random candidate from RC-SPE pooling family.,random_pool,0.8792674742038041
random_0073,risk_candidate,216,0.7453703703703703,0.5913419913419914,0.9486427959783867,0.993025493025493,0.8311688311688312,0.9428571428571428,0.0,0,0.03442340791738382,0.9655765920826161,0.3446327683615819,0.1893414355939181,0.4739559950221095,0.7533577172583138,Random candidate from RC-SPE pooling family.,random_pool,1.4897285117386287
random_0074,risk_candidate,216,0.2175925925925926,0.5125220458553792,0.8999550197965568,0.9990379990379991,0.0,0.6857142857142857,0.8518518518518519,0,0.0,1.0,0.2654127481713689,0.2851512833532888,0.6464609380946869,1.0678899381669142,Random candidate from RC-SPE pooling family.,random_pool,1.6819170743655647
random_0075,risk_candidate,216,0.8009259259259259,0.5679012345679012,0.9514658044922669,0.9951899951899952,1.0,0.0,0.7037037037037037,8,1.0,0.0,0.3333333333333333,0.08843180954862696,0.2959461713572438,0.5204721472271339,Random candidate from RC-SPE pooling family.,random_pool,0.8858558949202887
random_0076,risk_candidate,216,0.7083333333333334,0.3718935385602052,0.8620920955642655,0.9531024531024531,0.9675324675324676,0.0,0.14814814814814814,20,1.0,0.0,0.3050847457627119,0.25640810141884673,0.5037447025070793,1.1478962079505595,Random candidate from RC-SPE pooling family.,random_pool,0.7776394335731143
random_0077,risk_candidate,216,0.875,0.7763347763347763,0.9389509872806571,0.9874939874939875,0.948051948051948,0.7142857142857143,0.6666666666666666,0,0.963855421686747,0.03614457831325302,0.3154100915643873,0.11690714360452434,0.21469252912958503,0.4181006212202933,Random candidate from RC-SPE pooling family.,random_pool,0.6327725629978127
random_0078,risk_candidate,216,0.8935185185185185,0.78670835337502,0.9560440151312138,0.9990379990379991,0.9675324675324676,0.8,0.5925925925925926,0,1.0,0.0,0.3333333333333333,0.0853577921898003,0.17629174311025653,0.35173980984603787,Random candidate from RC-SPE pooling family.,random_pool,0.783081641883769
random_0079,risk_candidate,216,0.8055555555555556,0.5802469135802469,0.9552271350467575,0.9997594997594997,1.0,0.0,0.7407407407407407,7,1.0,0.0,0.3333333333333333,0.11639596139567966,0.2316610962017405,0.4305424324357338,Random candidate from RC-SPE pooling family.,random_pool,1.3239485608410166
random_0080,risk_candidate,216,0.875,0.7508257174923841,0.9543605549341635,0.9975949975949976,0.9805194805194806,0.45714285714285713,0.8148148148148148,1,1.0,0.0,0.3335281511786479,0.037450368448299465,0.1712815647029993,0.31644038893871673,Random candidate from RC-SPE pooling family.,random_pool,0.642500138575695
random_0081,risk_candidate,216,0.9166666666666666,0.861439794773128,0.9285122451320461,1.0,0.961038961038961,0.7714285714285715,0.8518518518518519,0,0.1342512908777969,0.8657487091222031,0.3389830508474576,0.4289521980151889,0.4451995455872315,0.7716858330586526,Random candidate from RC-SPE pooling family.,random_pool,2.0110036425613087
random_0082,risk_candidate,216,0.7916666666666666,0.5449254449254449,0.9538389776873046,0.9980759980759981,0.9935064935064936,0.08571428571428572,0.5555555555555556,11,1.0,0.0,0.3333333333333333,0.10326158872413493,0.2618367414794404,0.4440814350552547,Random candidate from RC-SPE pooling family.,random_pool,0.580743356174342
random_0083,risk_candidate,216,0.7962962962962963,0.5562770562770564,0.9452105064832269,0.9903799903799904,0.9545454545454546,0.7142857142857143,0.0,0,0.9965576592082617,0.0034423407917383297,0.37385544515877656,0.18921079507250868,0.28897714238568667,0.5644115553036608,Random candidate from RC-SPE pooling family.,random_pool,1.1401240397243722
random_0084,risk_candidate,216,0.8148148148148148,0.5756132756132756,0.9533599253232866,0.9968734968734969,0.9935064935064936,0.4,0.3333333333333333,12,1.0,0.0,0.3333333333333333,0.0948910449293603,0.2250254637987402,0.4118848841171384,Random candidate from RC-SPE pooling family.,random_pool,0.9180792245335699
random_0085,risk_candidate,216,0.7870370370370371,0.5355138688472021,0.9465459884316364,0.9901394901394901,0.961038961038961,0.5714285714285714,0.07407407407407407,10,1.0,0.0,0.3682057276446522,0.20054174836471952,0.31029841044381073,0.5746559083855127,Random candidate from RC-SPE pooling family.,random_pool,1.6162921396266927
random_0086,risk_candidate,216,0.7129629629629629,0.3333333333333333,0.9391689142877836,0.9894179894179894,1.0,0.0,0.0,27,1.0,0.0,0.3333333333333333,0.2389160482368724,0.4186322697839537,0.6915943130402898,Random candidate from RC-SPE pooling family.,random_pool,2.082188518719844
random_0087,risk_candidate,216,0.8287037037037037,0.6436908770242104,0.9580279618556503,0.9990379990379991,0.9935064935064936,0.08571428571428572,0.8518518518518519,4,1.0,0.0,0.3333333333333333,0.15527710508612536,0.22924928556525284,0.4566424375664731,Random candidate from RC-SPE pooling family.,random_pool,1.4997724750207913
random_0088,risk_candidate,216,0.8240740740740741,0.6472823472823472,0.9314642259751184,0.982924482924483,0.9545454545454546,0.5428571428571428,0.4444444444444444,3,0.9948364888123924,0.005163511187607606,0.29807130333138515,0.1958453874481938,0.30611853219434954,0.5703840360339605,Random candidate from RC-SPE pooling family.,random_pool,1.2840673150713016
random_0089,risk_candidate,216,0.8935185185185185,0.7832772166105499,0.9537047312342093,0.9990379990379991,0.9805194805194806,0.6285714285714286,0.7407407407407407,0,1.0,0.0,0.3333333333333333,0.03656458934535499,0.15940925072593845,0.3046283348279157,Random candidate from RC-SPE pooling family.,random_pool,0.5938614177857656
random_0090,risk_candidate,216,0.8518518518518519,0.6958473625140291,0.9475618052058511,0.9925444925444925,0.987012987012987,0.2857142857142857,0.8148148148148148,2,1.0,0.0,0.32222871615039933,0.19435492570253043,0.26694763479394235,0.519716617130567,Random candidate from RC-SPE pooling family.,random_pool,1.4723790304156315
random_0091,risk_candidate,216,0.8888888888888888,0.8116562449895784,0.9387770410979891,0.993987493987494,0.9545454545454546,0.6285714285714286,0.8518518518518519,0,0.9965576592082617,0.0034423407917383297,0.3280732515098383,0.25371181380846797,0.2763071538920148,0.540142896283764,Random candidate from RC-SPE pooling family.,random_pool,1.2912280774869225
random_0092,risk_candidate,216,0.7731481481481481,0.492720859387526,0.9492098480382077,0.9944684944684945,0.9935064935064936,0.11428571428571428,0.37037037037037035,14,1.0,0.0,0.3278784336645237,0.11133487231589986,0.26240732987106635,0.4370793709693994,Random candidate from RC-SPE pooling family.,random_pool,0.6927903943919084
random_0093,risk_candidate,216,0.8194444444444444,0.6246432579765914,0.9537019310574782,0.9975949975949976,0.9935064935064936,0.02857142857142857,0.8518518518518519,4,1.0,0.0,0.3333333333333333,0.07934582039752813,0.22695341120780488,0.40122642473710673,Random candidate from RC-SPE pooling family.,random_pool,0.9914617786114599
random_0094,risk_candidate,216,0.875,0.8153439153439154,0.9051620826503056,1.0,0.9285714285714286,0.6285714285714286,0.8888888888888888,0,0.0,1.0,0.3333333333333333,0.3668576663995299,0.44857056521692046,0.7740195256030086,Random candidate from RC-SPE pooling family.,random_pool,1.443029500208533
random_0095,risk_candidate,216,0.8564814814814815,0.7008337341670675,0.9527496118373605,0.9990379990379991,0.9935064935064936,0.2571428571428571,0.8518518518518519,4,1.0,0.0,0.3333333333333333,0.07972126480528335,0.1944606447379892,0.3528810346423868,Random candidate from RC-SPE pooling family.,random_pool,0.8624285848991767
random_0096,risk_candidate,216,0.7314814814814815,0.38271604938271603,0.9441522823534788,0.9951899951899952,1.0,0.0,0.14814814814814814,23,1.0,0.0,0.3333333333333333,0.22712238235565196,0.3395564593858116,0.6022196007496634,Random candidate from RC-SPE pooling family.,random_pool,2.230745316369925
random_0097,risk_candidate,216,0.7592592592592593,0.47433060766394103,0.9323248912521307,0.9824434824434825,0.987012987012987,0.02857142857142857,0.4074074074074074,14,1.0,0.0,0.3163841807909605,0.18247934742529912,0.35736827484966516,0.6013681008151625,Random candidate from RC-SPE pooling family.,random_pool,0.5636231353950986
random_0098,risk_candidate,216,0.8333333333333334,0.6690396023729357,0.9436536265827714,0.9987974987974988,0.987012987012987,0.05714285714285714,0.9629629629629629,1,1.0,0.0,0.31022085259373394,0.279431117331158,0.3358201530988569,0.6407712407481104,Random candidate from RC-SPE pooling family.,random_pool,2.197829878046227
random_0099,risk_candidate,216,0.7314814814814815,0.38271604938271603,0.9333331371193507,0.9836459836459837,1.0,0.0,0.14814814814814814,23,1.0,0.0,0.3333333333333333,0.21477293729784602,0.3907755625118415,0.6864157907237977,Random candidate from RC-SPE pooling family.,random_pool,1.9133892263171752
random_0100,risk_candidate,216,0.8240740740740741,0.6281385281385282,0.9442905452665822,0.9913419913419913,0.9415584415584416,0.9428571428571428,0.0,0,0.2667814113597246,0.7332185886402753,0.3389830508474576,0.23378885073405792,0.40804605191435006,0.6985016206417153,Random candidate from RC-SPE pooling family.,random_pool,1.5639926793907115
random_0101,risk_candidate,216,0.8888888888888888,0.7675004008337343,0.9523323773553152,0.9995189995189995,0.9935064935064936,0.45714285714285713,0.8518518518518519,1,1.0,0.0,0.3333333333333333,0.08470362742571744,0.17388469650627664,0.3397361913430477,Random candidate from RC-SPE pooling family.,random_pool,0.9527941910755405
random_0102,risk_candidate,216,0.8379629629629629,0.6700978034311368,0.9508921155526919,0.9968734968734969,0.987012987012987,0.17142857142857143,0.8518518518518519,3,1.0,0.0,0.3333333333333333,0.05652025205830549,0.20562390011430362,0.36308034234842423,Random candidate from RC-SPE pooling family.,random_pool,0.6971361405328458
random_0103,risk_candidate,216,0.8101851851851852,0.5925925925925926,0.9546404455020907,0.9978354978354979,1.0,0.0,0.7777777777777778,6,1.0,0.0,0.3333333333333333,0.10036427656174347,0.2814518365942111,0.49996917275656366,Random candidate from RC-SPE pooling family.,random_pool,0.7723144763603152
random_0104,risk_candidate,216,0.8148148148148148,0.6122975789642456,0.9552576505014508,0.9983164983164983,0.9935064935064936,0.02857142857142857,0.8148148148148148,4,1.0,0.0,0.3333333333333333,0.11859742414725816,0.22037603887325416,0.41385633250011894,Random candidate from RC-SPE pooling family.,random_pool,1.1657582262347177
random_0105,risk_candidate,216,0.8703703703703703,0.72658329324996,0.9552926648549004,0.9985569985569985,0.9935064935064936,0.37142857142857144,0.8148148148148148,1,1.0,0.0,0.3333333333333333,0.05579725890942327,0.18290139919737516,0.3350010527826189,Random candidate from RC-SPE pooling family.,random_pool,0.7358956282784952
random_0106,risk_candidate,216,0.7314814814814815,0.38271604938271603,0.9444555999078531,0.9913419913419913,1.0,0.0,0.14814814814814814,23,1.0,0.0,0.3333333333333333,0.23192945894656464,0.3316295186658578,0.5861548106803696,Random candidate from RC-SPE pooling family.,random_pool,2.1621859363348834
random_0107,risk_candidate,216,0.8796296296296297,0.7915023248356582,0.9443496279002374,0.9961519961519961,0.948051948051948,0.6857142857142857,0.7407407407407407,0,1.0,0.0,0.40268848626534187,0.09175488923652769,0.18506443176676657,0.3624430746739964,Random candidate from RC-SPE pooling family.,random_pool,0.6763807964435226
random_0108,risk_candidate,216,0.7962962962962963,0.5759179092512426,0.9481488210329926,0.9927849927849928,0.987012987012987,0.0,0.7407407407407407,7,1.0,0.0,0.3276836158192091,0.12268514840978821,0.30271342890121483,0.5905434655309014,Random candidate from RC-SPE pooling family.,random_pool,1.150628204431239
random_0109,risk_candidate,216,0.7962962962962963,0.6370049703383036,0.8843675498250616,0.9860509860509861,0.948051948051948,0.0,0.9629629629629629,1,0.3648881239242685,0.6351118760757315,0.3297380585516179,0.23308692655530353,0.3821858773823225,0.7064268106268587,Random candidate from RC-SPE pooling family.,random_pool,1.2545335082947537
random_0110,risk_candidate,216,0.7453703703703703,0.41864678531345195,0.9344303639110357,0.9841269841269841,0.9935064935064936,0.11428571428571428,0.14814814814814814,20,1.0,0.0,0.3333333333333333,0.18404447352985034,0.3141318118726534,0.5403886015043796,Random candidate from RC-SPE pooling family.,random_pool,1.1074174462116775
random_0111,risk_candidate,216,0.8055555555555556,0.5977873977873979,0.9437698489189058,0.9913419913419913,0.987012987012987,0.02857142857142857,0.7777777777777778,5,1.0,0.0,0.3276836158192091,0.23530230874482758,0.3097475862224242,0.5922130262726923,Random candidate from RC-SPE pooling family.,random_pool,2.0789708219582526
random_0112,risk_candidate,216,0.75,0.43209876543209874,0.9521602323937244,0.9966329966329966,1.0,0.0,0.2962962962962963,19,1.0,0.0,0.3333333333333333,0.1700563936209469,0.29519271183875034,0.5124865067113551,Random candidate from RC-SPE pooling family.,random_pool,1.5186194525607597
random_0113,risk_candidate,216,0.8842592592592593,0.7767356100689434,0.9530606223768464,0.9990379990379991,0.9545454545454546,0.8571428571428571,0.5185185185185185,0,0.07228915662650602,0.927710843373494,0.3333333333333333,0.25270625187911877,0.28252136970559616,0.516862641555051,Random candidate from RC-SPE pooling family.,random_pool,1.0918451175051453
random_0114,risk_candidate,216,0.8611111111111112,0.7410133076799744,0.9285172948904464,0.9867724867724867,0.9415584415584416,0.8,0.48148148148148145,0,0.7142857142857143,0.2857142857142857,0.35008766803039154,0.32586325243896047,0.3957998668825592,0.6935793448598925,Random candidate from RC-SPE pooling family.,random_pool,1.6502302126018527
random_0115,risk_candidate,216,0.8796296296296297,0.7824274490941158,0.9534065297424749,0.9978354978354979,0.961038961038961,0.5714285714285714,0.8148148148148148,0,1.0,0.0,0.3333333333333333,0.06673692786241847,0.15664058541551557,0.30156332953143095,Random candidate from RC-SPE pooling family.,random_pool,0.6409352513328413
random_0116,risk_candidate,216,0.7638888888888888,0.46913580246913583,0.9514998880463764,0.9995189995189995,1.0,0.0,0.4074074074074074,16,1.0,0.0,0.3333333333333333,0.1349511199121213,0.2906132735882718,0.48724275987382415,Random candidate from RC-SPE pooling family.,random_pool,0.5893550578325635
random_0117,risk_candidate,216,0.8425925925925926,0.6869809203142537,0.9515631309667935,0.9963924963924964,0.9805194805194806,0.22857142857142856,0.8518518518518519,2,1.0,0.0,0.3276836158192091,0.057225280782626294,0.203269780728384,0.35507706232247344,Random candidate from RC-SPE pooling family.,random_pool,0.6119148008449432
random_0118,risk_candidate,216,0.8518518518518519,0.7009940676607344,0.9453654682751629,0.9942279942279942,0.9675324675324676,0.5428571428571428,0.5925925925925926,4,1.0,0.0,0.3450224040522112,0.2639322729850589,0.3230227931386895,0.6029566273286626,Random candidate from RC-SPE pooling family.,random_pool,2.1658184581319095
random_0119,risk_candidate,216,0.8842592592592593,0.8083854417187751,0.9360960632501762,0.9935064935064936,0.9415584415584416,0.7428571428571429,0.7407407407407407,0,0.6867469879518072,0.3132530120481928,0.30995519189557763,0.15527189368945524,0.23373735056541053,0.4574356378189664,Random candidate from RC-SPE pooling family.,random_pool,0.7133130970441327
random_0120,risk_candidate,216,0.75,0.4338143338143339,0.9462529606814091,0.993025493025493,0.9935064935064936,0.08571428571428572,0.2222222222222222,19,1.0,0.0,0.3333333333333333,0.16642066627703592,0.3257055054035438,0.5331728035801505,Random candidate from RC-SPE pooling family.,random_pool,0.5988398200301579
random_0121,risk_candidate,216,0.7361111111111112,0.4024210357543691,0.9375117625334902,0.9889369889369889,0.9935064935064936,0.02857142857142857,0.18518518518518517,20,1.0,0.0,0.3333333333333333,0.17561992096047147,0.3563754476876192,0.5992277423316957,Random candidate from RC-SPE pooling family.,random_pool,0.6469696848176956
random_0122,risk_candidate,216,0.8796296296296297,0.7603495270161936,0.95177450639539,0.9968734968734969,0.9805194805194806,0.4857142857142857,0.8148148148148148,1,1.0,0.0,0.3391778686927723,0.09001403406762347,0.1858082299596266,0.3488681373134262,Random candidate from RC-SPE pooling family.,random_pool,0.7747244842517383
random_0123,risk_candidate,216,0.8240740740740741,0.6207792207792208,0.9425696899017604,0.9874939874939875,0.948051948051948,0.9142857142857143,0.0,0,0.32358003442340794,0.6764199655765921,0.3389830508474576,0.21328948366896688,0.3619197334249463,0.6511408198006945,Random candidate from RC-SPE pooling family.,random_pool,1.1196787575863556
random_0124,risk_candidate,216,0.7129629629629629,0.3333333333333333,0.9448115134457659,0.9908609908609909,1.0,0.0,0.0,27,1.0,0.0,0.3333333333333333,0.2204287415411328,0.3783918377021288,0.6547775731426582,Random candidate from RC-SPE pooling family.,random_pool,2.169568209396908
random_0125,risk_candidate,216,0.8981481481481481,0.825060125060125,0.9482154069464929,0.9963924963924964,0.9545454545454546,0.7428571428571429,0.7777777777777778,0,0.9759036144578314,0.02409638554216864,0.37385544515877656,0.23668534032880278,0.25471413102814827,0.5001609769962924,Random candidate from RC-SPE pooling family.,random_pool,1.188572104538022
random_0126,risk_candidate,216,0.8101851851851852,0.5999518999519,0.9548070091601207,0.9975949975949976,0.9935064935064936,0.02857142857142857,0.7777777777777778,5,1.0,0.0,0.3333333333333333,0.07876852805469407,0.2534853522177528,0.4310463483128147,Random candidate from RC-SPE pooling family.,random_pool,0.7331895596901186
random_0127,risk_candidate,216,0.7129629629629629,0.3333333333333333,0.9494448978373852,0.9975949975949976,1.0,0.0,0.0,27,1.0,0.0,0.3333333333333333,0.24709555291436772,0.40738695190838886,0.65882860040904,Random candidate from RC-SPE pooling family.,random_pool,2.0808211802198446
random_0128,risk_candidate,216,0.8240740740740741,0.6383197049863717,0.9571886046339886,0.9985569985569985,0.935064935064935,0.9428571428571428,0.037037037037037035,0,0.0017211703958691911,0.9982788296041308,0.3333333333333333,0.26176881874741725,0.42389200316680337,0.6965742436082718,Random candidate from RC-SPE pooling family.,random_pool,1.4157904822384002
random_0129,risk_candidate,216,0.9074074074074074,0.8152797819464487,0.9538502795703708,0.9983164983164983,0.9675324675324676,0.8857142857142857,0.5925925925925926,0,0.9982788296041308,0.0017211703958691649,0.3393726865380869,0.30232174714653887,0.3056503664354398,0.5702118813451048,Random candidate from RC-SPE pooling family.,random_pool,1.7391721198406975
random_0130,risk_candidate,216,0.7824074074074074,0.5360590027256694,0.9491229307472094,0.9923039923039924,0.987012987012987,0.02857142857142857,0.5925925925925926,10,1.0,0.0,0.3333333333333333,0.103279625980238,0.27563063361043283,0.4582781690359922,Random candidate from RC-SPE pooling family.,random_pool,0.6735314923954661
random_0131,risk_candidate,216,0.8194444444444444,0.6320025653358986,0.9526217608065212,0.9975949975949976,0.987012987012987,0.05714285714285714,0.8518518518518519,4,1.0,0.0,0.3333333333333333,0.15467453704012118,0.2377842752349325,0.46879214305794475,Random candidate from RC-SPE pooling family.,random_pool,1.4743376038969906
random_0132,risk_candidate,216,0.7129629629629629,0.3333333333333333,0.9516636370285837,0.9990379990379991,1.0,0.0,0.0,27,1.0,0.0,0.3333333333333333,0.2071208861956558,0.3858047655966771,0.6106980821340999,Random candidate from RC-SPE pooling family.,random_pool,1.0781041245850922
random_0133,risk_candidate,216,0.7592592592592593,0.4585056918390252,0.9524276066473822,0.9990379990379991,0.9935064935064936,0.08571428571428572,0.2962962962962963,18,1.0,0.0,0.3333333333333333,0.12538460475743438,0.2547394545909042,0.42757747151839837,Random candidate from RC-SPE pooling family.,random_pool,0.9410748938023351
random_0134,risk_candidate,216,0.8472222222222222,0.6751483084816418,0.950655038050278,0.9961519961519961,0.9545454545454546,0.8857142857142857,0.18518518518518517,0,1.0,0.0,0.37385544515877656,0.15536768255470546,0.25682015396921715,0.4894555350313252,Random candidate from RC-SPE pooling family.,random_pool,1.029519391216818
random_0135,risk_candidate,216,0.7083333333333334,0.6249318582651916,0.9525730683064931,0.9990379990379991,0.7467532467532467,0.9428571428571428,0.18518518518518517,0,0.0,1.0,0.3333333333333333,0.2009104028052135,0.4772824639077338,0.7244201129103105,Random candidate from RC-SPE pooling family.,random_pool,1.0128336051452307
random_0136,risk_candidate,216,0.8287037037037037,0.6303030303030303,0.9515520278906133,0.9961519961519961,0.948051948051948,0.9428571428571428,0.0,0,0.0051635111876075735,0.9948364888123924,0.3446327683615819,0.2581446905049909,0.4739454426696567,0.8069998356831107,Random candidate from RC-SPE pooling family.,random_pool,2.2248843449766773
random_0137,risk_candidate,216,0.7129629629629629,0.3333333333333333,0.9526716813901818,0.9980759980759981,1.0,0.0,0.0,27,1.0,0.0,0.3333333333333333,0.21555553970389402,0.35540930700857437,0.5680323122363292,Random candidate from RC-SPE pooling family.,random_pool,1.3392908320559231
random_0138,risk_candidate,216,0.9027777777777778,0.8159371492704826,0.9549617594981529,0.9971139971139971,0.961038961038961,0.8571428571428571,0.6296296296296297,0,0.9500860585197934,0.04991394148020656,0.3913890512370933,0.06368668835069402,0.16657727455118765,0.33895416344612933,Random candidate from RC-SPE pooling family.,random_pool,0.5896919243571005
random_0139,risk_candidate,216,0.7175925925925926,0.3502164502164502,0.9517746888511106,0.9980759980759981,0.9935064935064936,0.05714285714285714,0.0,27,1.0,0.0,0.3333333333333333,0.2063098670793354,0.2873983105824143,0.5145387391571274,Random candidate from RC-SPE pooling family.,random_pool,1.3711828694226609
random_0140,risk_candidate,216,0.8055555555555556,0.5734968734968735,0.9507352653334643,0.9954304954304954,0.9935064935064936,0.17142857142857143,0.5555555555555556,11,1.0,0.0,0.3391778686927723,0.11058827071059751,0.22556041597911172,0.4037429577140404,Random candidate from RC-SPE pooling family.,random_pool,0.9548160576180572
random_0141,risk_candidate,216,0.8240740740740741,0.6471701138367805,0.9425992968349143,0.9980759980759981,0.987012987012987,0.02857142857142857,0.9259259259259259,2,1.0,0.0,0.3276836158192091,0.1714712281064098,0.23496602043910364,0.4699863614756809,Random candidate from RC-SPE pooling family.,random_pool,1.2537558594432008
random_0142,risk_candidate,216,0.8101851851851852,0.5768799102132435,0.9448616210359567,0.9906204906204906,0.974025974025974,0.5714285714285714,0.18518518518518517,14,1.0,0.0,0.33372296902396253,0.14275363808704053,0.27896073743675087,0.5198988292421506,Random candidate from RC-SPE pooling family.,random_pool,1.359561477573126
random_0143,risk_candidate,216,0.8379629629629629,0.6627384960718294,0.9533344084039257,0.9975949975949976,0.9935064935064936,0.14285714285714285,0.8518518518518519,3,1.0,0.0,0.3333333333333333,0.11748412136605892,0.21724469351831216,0.4221335668352891,Random candidate from RC-SPE pooling family.,random_pool,1.251857089075009
random_0144,risk_candidate,216,0.5740740740740741,0.5432900432900433,0.891961133187142,0.9886964886964887,0.6298701298701299,0.0,1.0,0,0.01549053356282272,0.9845094664371773,0.3507960965588084,0.14204414433340623,0.5618959231131195,0.9241353098623057,Random candidate from RC-SPE pooling family.,random_pool,1.9284657889107784
random_0145,risk_candidate,216,0.8842592592592593,0.7744107744107743,0.9544057651651642,0.9983164983164983,0.974025974025974,0.5714285714285714,0.7777777777777778,0,1.0,0.0,0.3333333333333333,0.20692549748183797,0.23803850400796872,0.47080112217565967,Random candidate from RC-SPE pooling family.,random_pool,1.439224363026477
random_0146,risk_candidate,216,0.7916666666666666,0.5392817059483727,0.9528676563494635,0.9973544973544973,0.9935064935064936,0.14285714285714285,0.48148148148148145,12,1.0,0.0,0.3333333333333333,0.08655602006471837,0.2341537737306519,0.3957204447381098,Random candidate from RC-SPE pooling family.,random_pool,0.7139702843817327
random_0147,risk_candidate,216,0.7546296296296297,0.4518037518037518,0.9538737905351325,0.9978354978354979,0.9935064935064936,0.02857142857142857,0.3333333333333333,18,1.0,0.0,0.3333333333333333,0.14158626480133457,0.26809435171131046,0.4499993557875985,Random candidate from RC-SPE pooling family.,random_pool,1.1492465487831642
random_0148,risk_candidate,216,0.8611111111111112,0.7278980278980279,0.9501287150496927,0.9990379990379991,0.9805194805194806,0.3142857142857143,0.8888888888888888,0,1.0,0.0,0.3333333333333333,0.12189325479003976,0.19301067002266664,0.4012652800341841,Random candidate from RC-SPE pooling family.,random_pool,0.9824732977749413
random_0149,risk_candidate,216,0.8611111111111112,0.7369729036395704,0.9384252805972929,0.9911014911014911,0.9675324675324676,0.42857142857142855,0.8148148148148148,1,1.0,0.0,0.3165789986362751,0.05827592983786412,0.20131212052957814,0.377005024849806,Random candidate from RC-SPE pooling family.,random_pool,0.6191676777934528
random_0150,risk_candidate,216,0.8888888888888888,0.7822190155523489,0.9478775792260548,0.9983164983164983,0.9805194805194806,0.5142857142857142,0.8518518518518519,0,1.0,0.0,0.39119423339177867,0.06590355979362728,0.17575352856183304,0.3348443945211599,Random candidate from RC-SPE pooling family.,random_pool,0.6892852436050299
random_0151,risk_candidate,216,0.8425925925925926,0.6401154401154401,0.9525291347363732,0.9973544973544973,0.987012987012987,0.6,0.3333333333333333,9,1.0,0.0,0.3333333333333333,0.06168673812976155,0.22309868431394586,0.41914477920674315,Random candidate from RC-SPE pooling family.,random_pool,0.8648160049276354
random_0152,risk_candidate,216,0.7361111111111112,0.4256052589385923,0.9245362446802079,0.9771524771524771,0.9805194805194806,0.0,0.2962962962962963,17,1.0,0.0,0.3050847457627119,0.16866021655658897,0.36849192006853065,0.6368929054904355,Random candidate from RC-SPE pooling family.,random_pool,0.8590876121456011
random_0153,risk_candidate,216,0.7361111111111112,0.7278338945005611,0.9357774700033402,0.9975949975949976,0.7337662337662337,0.8571428571428571,0.5925925925925926,0,0.0017211703958691911,0.9982788296041308,0.3446327683615819,0.18737180642704435,0.43886776144669637,0.7022326587780604,Random candidate from RC-SPE pooling family.,random_pool,1.149333143895994
random_0154,risk_candidate,216,0.8194444444444444,0.6438993105659772,0.9378644052562789,0.9872534872534873,0.974025974025974,0.14285714285714285,0.8148148148148148,3,1.0,0.0,0.32222871615039933,0.0697307338628236,0.23259937435119551,0.4082518605379495,Random candidate from RC-SPE pooling family.,random_pool,0.6852013703740965
random_0155,risk_candidate,216,0.7129629629629629,0.3333333333333333,0.9507994685805686,0.9961519961519961,1.0,0.0,0.0,27,1.0,0.0,0.3333333333333333,0.21840091620372712,0.37074029634571665,0.6142685341806287,Random candidate from RC-SPE pooling family.,random_pool,2.024247553635279
random_0156,risk_candidate,216,0.7407407407407407,0.40740740740740744,0.9498091569253595,0.9966329966329966,1.0,0.0,0.2222222222222222,21,1.0,0.0,0.3333333333333333,0.17580537705428098,0.34164255571180324,0.6406838180505544,Random candidate from RC-SPE pooling family.,random_pool,1.318493327417061
random_0157,risk_candidate,216,0.8611111111111112,0.7177168510501843,0.9500877300338675,0.9980759980759981,0.987012987012987,0.3142857142857143,0.8518518518518519,2,1.0,0.0,0.3333333333333333,0.1786124094559654,0.23313418993644386,0.4645348843708124,Random candidate from RC-SPE pooling family.,random_pool,1.3522623482964073
random_0158,risk_candidate,216,0.16203703703703703,0.3333333333333333,0.942306246806886,0.9990379990379991,0.0,1.0,0.0,0,0.0,1.0,0.3333333333333333,0.4967330266168599,0.7937269976275169,1.1238400909580895,Random candidate from RC-SPE pooling family.,random_pool,1.7186339583692256
random_0159,risk_candidate,216,0.7685185185185185,0.48601891935225267,0.9500720223319791,0.9954304954304954,0.9935064935064936,0.05714285714285714,0.4074074074074074,16,1.0,0.0,0.3333333333333333,0.11714574970817315,0.2705237075666264,0.4592003028602885,Random candidate from RC-SPE pooling family.,random_pool,0.6247172113911342
random_0160,risk_candidate,216,0.75,0.4700016033349366,0.9345446406701745,0.982924482924483,0.974025974025974,0.02857142857142857,0.4074074074074074,14,1.0,0.0,0.3107344632768361,0.13405673448379826,0.3093182538225856,0.5073954411155528,Random candidate from RC-SPE pooling family.,random_pool,0.6704133773643057
random_0161,risk_candidate,216,0.8287037037037037,0.6267596600929934,0.9520080707785196,0.9961519961519961,0.9935064935064936,0.2571428571428571,0.6296296296296297,8,1.0,0.0,0.3333333333333333,0.06174366604610843,0.22855446983987424,0.4010776311331204,Random candidate from RC-SPE pooling family.,random_pool,0.6192916349516685
random_0162,risk_candidate,216,0.8148148148148148,0.6354818021484688,0.9332788888214628,0.9956709956709957,0.9805194805194806,0.0,0.9259259259259259,2,1.0,0.0,0.35233692860811505,0.18368950984997542,0.3035012545924656,0.6044206172730192,Random candidate from RC-SPE pooling family.,random_pool,1.5613909283068623
random_0163,risk_candidate,216,0.7546296296296297,0.43769440436107104,0.9531790554011016,0.9990379990379991,0.9935064935064936,0.17142857142857143,0.14814814814814814,23,1.0,0.0,0.3333333333333333,0.13454660495764806,0.24161692861689024,0.4294801094128577,Random candidate from RC-SPE pooling family.,random_pool,1.071735443128558
random_0164,risk_candidate,216,0.7129629629629629,0.3740580407247074,0.878009532314458,0.9622414622414622,0.974025974025974,0.0,0.14814814814814814,20,1.0,0.0,0.3050847457627119,0.1544554549952284,0.38492119500494276,0.6723011288076506,Random candidate from RC-SPE pooling family.,random_pool,1.4720818951692467
random_0165,risk_candidate,216,0.8194444444444444,0.6320025653358986,0.9486705571348611,0.9959114959114959,0.987012987012987,0.05714285714285714,0.8518518518518519,3,1.0,0.0,0.3276836158192091,0.0883128647992292,0.22614269752895877,0.4149504339127361,Random candidate from RC-SPE pooling family.,random_pool,0.8454340155799782
random_0166,risk_candidate,216,0.2962962962962963,0.5209876543209876,0.8991843910202029,0.9971139971139971,0.14285714285714285,0.45714285714285713,0.9629629629629629,0,0.0,1.0,0.3333333333333333,0.1788206383302556,0.6403529611126538,1.049624626249154,Random candidate from RC-SPE pooling family.,random_pool,2.2456048620399844
random_0167,risk_candidate,216,0.8101851851851852,0.6378547378547378,0.9206340984200172,0.9824434824434825,0.9675324675324676,0.05714285714285714,0.8888888888888888,2,1.0,0.0,0.3050847457627119,0.08021724225164112,0.2700925943603443,0.497128703638422,Random candidate from RC-SPE pooling family.,random_pool,0.7693398321835364
random_0168,risk_candidate,216,0.8888888888888888,0.8196248196248196,0.9369848441176586,0.9985569985569985,0.935064935064935,0.8571428571428571,0.6666666666666666,0,0.76592082616179,0.23407917383820998,0.3613871030586402,0.1838149215079882,0.26404545213304437,0.48206341810367237,Random candidate from RC-SPE pooling family.,random_pool,0.6103446662353627
random_0169,risk_candidate,216,0.7129629629629629,0.3333333333333333,0.9525331493443073,0.9985569985569985,1.0,0.0,0.0,26,1.0,0.0,0.3333333333333333,0.2585035162431615,0.3082094965361674,0.5560276795612241,Random candidate from RC-SPE pooling family.,random_pool,1.9665710691859026
random_0170,risk_candidate,216,0.8379629629629629,0.7142536475869811,0.9400564670716335,0.9951899951899952,0.948051948051948,0.34285714285714286,0.8518518518518519,1,1.0,0.0,0.3050847457627119,0.15157896061297865,0.21091946424370026,0.422304274717306,Random candidate from RC-SPE pooling family.,random_pool,0.8513346507894203
random_0171,risk_candidate,216,0.7361111111111112,0.4097803431136764,0.9377077710417644,0.9846079846079846,0.987012987012987,0.05714285714285714,0.18518518518518517,19,1.0,0.0,0.3333333333333333,0.18547412820764886,0.28926071078437143,0.5055208808457041,Random candidate from RC-SPE pooling family.,random_pool,1.297710929466524
random_0172,risk_candidate,216,0.8194444444444444,0.6083213083213084,0.9419230400521559,0.9891774891774892,0.9805194805194806,0.4,0.4444444444444444,9,1.0,0.0,0.3335281511786479,0.0738305202741889,0.23865872830815874,0.4212583879970411,Random candidate from RC-SPE pooling family.,random_pool,0.7890045231251842
random_0173,risk_candidate,216,0.125,0.3333333333333333,0.8814447047475865,0.9968734968734969,0.0,0.0,1.0,0,0.0,1.0,0.3333333333333333,0.46544560935992446,0.7196546559280677,1.103916750942189,Random candidate from RC-SPE pooling family.,random_pool,2.1567647021069694
random_0174,risk_candidate,216,0.7361111111111112,0.4024210357543691,0.9543581505191306,0.9990379990379991,0.9935064935064936,0.02857142857142857,0.18518518518518517,22,1.0,0.0,0.3333333333333333,0.21384645507435568,0.2603785138957373,0.4754662656278996,Random candidate from RC-SPE pooling family.,random_pool,1.5252593212152918
random_0175,risk_candidate,216,0.7546296296296297,0.474987974987975,0.9320788559040801,0.98003848003848,0.9805194805194806,0.0,0.4444444444444444,14,1.0,0.0,0.3220338983050847,0.17365792438429317,0.3318307661884918,0.5812323367307203,Random candidate from RC-SPE pooling family.,random_pool,1.0628817260940475
random_0176,risk_candidate,216,0.75,0.43945807279140614,0.9542102989440782,0.9968734968734969,0.9935064935064936,0.02857142857142857,0.2962962962962963,18,1.0,0.0,0.3333333333333333,0.14328587379425434,0.2751841027903936,0.4559719486355358,Random candidate from RC-SPE pooling family.,random_pool,1.0293841385352052
random_0177,risk_candidate,216,0.7824074074074074,0.5185185185185185,0.9540477471952463,0.9992784992784993,1.0,0.0,0.5555555555555556,12,1.0,0.0,0.3333333333333333,0.10788152373789482,0.2507153199792989,0.42026927809768716,Random candidate from RC-SPE pooling family.,random_pool,0.9447551056705006
random_0178,risk_candidate,216,0.8055555555555556,0.6107904441237775,0.9344867185459189,0.9920634920634921,0.9805194805194806,0.0,0.8518518518518519,3,1.0,0.0,0.3050847457627119,0.1591788110784973,0.25014362616211827,0.4841398750452851,Random candidate from RC-SPE pooling family.,random_pool,1.0746745542573364
random_0179,risk_candidate,216,0.7268518518518519,0.38055154721821394,0.9210206540415499,0.9790764790764791,0.9935064935064936,0.0,0.14814814814814814,23,1.0,0.0,0.3276836158192091,0.189072146873853,0.3655701771190757,0.6267980608821451,Random candidate from RC-SPE pooling family.,random_pool,1.739969477252661
random_0180,risk_candidate,216,0.7453703703703703,0.4197530864197531,0.9420803150312645,0.9920634920634921,1.0,0.0,0.25925925925925924,19,1.0,0.0,0.3333333333333333,0.14577953595476073,0.3136506793041643,0.5491282113494826,Random candidate from RC-SPE pooling family.,random_pool,1.3650008560784639
random_0181,risk_candidate,216,0.9074074074074074,0.8237453904120571,0.9527158019668321,0.9990379990379991,0.9675324675324676,0.8,0.7037037037037037,0,1.0,0.0,0.3333333333333333,0.12921089223526838,0.1715509353145996,0.35209322794544023,Random candidate from RC-SPE pooling family.,random_pool,0.8168439120172691
random_0182,risk_candidate,216,0.7407407407407407,0.40912297578964246,0.9491425137810875,0.9956709956709957,0.9935064935064936,0.08571428571428572,0.14814814814814814,20,1.0,0.0,0.3333333333333333,0.15532748882269884,0.2885832953936284,0.4819012386012116,Random candidate from RC-SPE pooling family.,random_pool,0.915091198652993
random_0183,risk_candidate,216,0.875,0.7389289722623055,0.9509924273584062,0.9992784992784993,0.9935064935064936,0.37142857142857144,0.8518518518518519,1,1.0,0.0,0.3333333333333333,0.03862924256343567,0.17068609171433385,0.3175756676377829,Random candidate from RC-SPE pooling family.,random_pool,0.6822612638948723
random_0184,risk_candidate,216,0.8796296296296297,0.7824274490941158,0.9461441957466081,0.9973544973544973,0.961038961038961,0.5714285714285714,0.8148148148148148,0,1.0,0.0,0.3278784336645237,0.24469519385014532,0.26735456258055856,0.5274820488159935,Random candidate from RC-SPE pooling family.,random_pool,1.4153406863773061
random_0185,risk_candidate,216,0.8194444444444444,0.6178932178932178,0.9509394374652432,0.993025493025493,0.987012987012987,0.2,0.6666666666666666,7,1.0,0.0,0.3391778686927723,0.06662417506777325,0.22034446079594583,0.3843453525432426,Random candidate from RC-SPE pooling family.,random_pool,0.7428173417973384
random_0186,risk_candidate,216,0.8703703703703703,0.73001443001443,0.9524229153446232,0.9956709956709957,0.9805194805194806,0.5428571428571428,0.6666666666666666,4,1.0,0.0,0.3391778686927723,0.057389748618801,0.19231491148868382,0.3569200504150362,Random candidate from RC-SPE pooling family.,random_pool,0.7102123760684771
random_0187,risk_candidate,216,0.8703703703703703,0.72658329324996,0.9552318453994175,0.9990379990379991,0.9935064935064936,0.37142857142857144,0.8148148148148148,2,1.0,0.0,0.3333333333333333,0.06254002836942535,0.1858771994184997,0.3478964041234366,Random candidate from RC-SPE pooling family.,random_pool,0.8543798564166406
random_0188,risk_candidate,216,0.7175925925925926,0.345679012345679,0.9493132645544904,0.9983164983164983,1.0,0.0,0.037037037037037035,26,1.0,0.0,0.3333333333333333,0.20521289988718402,0.3417389495958492,0.5519253162148912,Random candidate from RC-SPE pooling family.,random_pool,1.35445739920809
random_0189,risk_candidate,216,0.7129629629629629,0.3333333333333333,0.9407889300587945,0.9961519961519961,1.0,0.0,0.0,27,1.0,0.0,0.3333333333333333,0.2003788845273421,0.4110524091199043,0.6640905301692592,Random candidate from RC-SPE pooling family.,random_pool,1.3850668196436267
random_0190,risk_candidate,216,0.7407407407407407,0.4277697611030944,0.9324681835508232,0.9836459836459837,0.987012987012987,0.0,0.2962962962962963,19,1.0,0.0,0.3220338983050847,0.1755915900260912,0.3435202140773231,0.6556492098078929,Random candidate from RC-SPE pooling family.,random_pool,2.156805773258469
random_0191,risk_candidate,216,0.8055555555555556,0.5678531345198011,0.9543062357812265,0.9990379990379991,0.9935064935064936,0.22857142857142856,0.48148148148148145,14,1.0,0.0,0.3333333333333333,0.10451097004542417,0.22393896734639315,0.4128713114370998,Random candidate from RC-SPE pooling family.,random_pool,1.1733630649694082
random_0192,risk_candidate,216,0.8194444444444444,0.6246432579765914,0.9476709042018365,0.9990379990379991,0.9935064935064936,0.02857142857142857,0.8518518518518519,3,1.0,0.0,0.3333333333333333,0.09112591520110458,0.21108959097912047,0.3851299658888336,Random candidate from RC-SPE pooling family.,random_pool,0.7822060465415037
random_0193,risk_candidate,216,0.8148148148148148,0.607375340708674,0.9425341595605694,0.9882154882154882,0.948051948051948,0.8,0.07407407407407407,0,0.9810671256454389,0.018932874354561147,0.3613871030586402,0.16103341580265376,0.2734593253942043,0.5223166065918713,Random candidate from RC-SPE pooling family.,random_pool,0.9269385874402951
random_0194,risk_candidate,216,0.8287037037037037,0.7321147987814655,0.951100451199133,0.9985569985569985,0.8831168831168831,0.9428571428571428,0.37037037037037035,0,0.0,1.0,0.3333333333333333,0.29605288326582724,0.4463162559455281,0.7291081180717548,Random candidate from RC-SPE pooling family.,random_pool,1.7042225433010643
random_0195,risk_candidate,216,0.7453703703703703,0.42146865480198814,0.945491316050139,0.9923039923039924,0.9935064935064936,0.08571428571428572,0.18518518518518517,19,1.0,0.0,0.3220338983050847,0.14637745290069643,0.28188129204659046,0.46641382089339056,Random candidate from RC-SPE pooling family.,random_pool,0.8086209753727402
random_0196,risk_candidate,216,0.8148148148148148,0.6645342312008978,0.9508647075073032,0.9990379990379991,0.9025974025974026,0.9428571428571428,0.14814814814814814,0,0.47676419965576594,0.5232358003442341,0.35008766803039154,0.23822115463758006,0.41431137857617206,0.6696334184843371,Random candidate from RC-SPE pooling family.,random_pool,1.2920756219935912
random_0197,risk_candidate,216,0.7222222222222222,0.3987493987493987,0.9070070542599152,0.9694564694564695,0.974025974025974,0.0,0.2222222222222222,18,1.0,0.0,0.3050847457627119,0.22236371396471885,0.3431792449845981,0.6248809576375953,Random candidate from RC-SPE pooling family.,random_pool,2.1407062913430184
random_0198,risk_candidate,216,0.8101851851851852,0.5897707231040564,0.952304463270467,0.9995189995189995,1.0,0.02857142857142857,0.7407407407407407,7,1.0,0.0,0.3333333333333333,0.08201653744222298,0.22837069375150953,0.3911297451599458,Random candidate from RC-SPE pooling family.,random_pool,0.7489321331869774
random_0199,risk_candidate,216,0.7129629629629629,0.3740580407247074,0.8983423333692095,0.9694564694564695,0.974025974025974,0.0,0.14814814814814814,20,1.0,0.0,0.3107344632768361,0.24625563470088077,0.48908216518695197,0.9770610200533755,Random candidate from RC-SPE pooling family.,random_pool,0.65573080757978
random_0200,risk_candidate,216,0.7129629629629629,0.3333333333333333,0.9531669592959036,0.9990379990379991,1.0,0.0,0.0,27,1.0,0.0,0.3333333333333333,0.22903715806999256,0.3108634323226357,0.5233115819657977,Random candidate from RC-SPE pooling family.,random_pool,1.6115681049368131
random_0201,risk_candidate,216,0.8703703703703703,0.7209395542728876,0.953122444809629,0.9992784992784993,0.9935064935064936,0.42857142857142855,0.7407407407407407,3,1.0,0.0,0.3333333333333333,0.06760746804495882,0.18629966080959143,0.3462683681547098,Random candidate from RC-SPE pooling family.,random_pool,0.7735157324394493
random_0202,risk_candidate,216,0.8240740740740741,0.6200577200577201,0.9572048978028415,0.9990379990379991,0.9935064935064936,0.2,0.6666666666666666,8,1.0,0.0,0.3333333333333333,0.09009170425417731,0.21431586396500832,0.3940027544966129,Random candidate from RC-SPE pooling family.,random_pool,1.0374672324436287
random_0203,risk_candidate,216,0.9027777777777778,0.8328683662016996,0.9357544828050295,1.0,0.961038961038961,0.6857142857142857,0.8518518518518519,0,1.0,0.0,0.3333333333333333,0.15002812439869195,0.19037478919975273,0.3944080068725705,Random candidate from RC-SPE pooling family.,random_pool,0.8964972756376302
random_0204,risk_candidate,216,0.9166666666666666,0.8540804874138207,0.9463080477570314,0.9995189995189995,0.9675324675324676,0.7428571428571429,0.8518518518518519,0,1.0,0.0,0.3333333333333333,0.05748862774453332,0.14644452211547268,0.29117850661300176,Random candidate from RC-SPE pooling family.,random_pool,0.6336148483074515
random_0205,risk_candidate,216,0.7824074074074074,0.5388808722142056,0.9425204487116604,0.9903799903799904,0.987012987012987,0.0,0.6296296296296297,10,1.0,0.0,0.3276836158192091,0.16883294280508587,0.3041025257394615,0.5856773797553181,Random candidate from RC-SPE pooling family.,random_pool,1.920724072435221
random_0206,risk_candidate,216,0.7361111111111112,0.3950617283950617,0.9435566998915889,0.9901394901394901,1.0,0.0,0.18518518518518517,22,1.0,0.0,0.3333333333333333,0.15223537474221094,0.35081841418325854,0.6343516510048398,Random candidate from RC-SPE pooling family.,random_pool,1.9689970227889533
random_0207,risk_candidate,216,0.8055555555555556,0.5977873977873979,0.9477048624499288,0.993987493987494,0.987012987012987,0.02857142857142857,0.7777777777777778,5,1.0,0.0,0.3276836158192091,0.09825451998838346,0.2686273989182667,0.4692568321347557,Random candidate from RC-SPE pooling family.,random_pool,0.8309906039202997
random_0208,risk_candidate,216,0.8194444444444444,0.6246432579765914,0.9533110077169255,0.9980759980759981,0.9935064935064936,0.02857142857142857,0.8518518518518519,4,1.0,0.0,0.3333333333333333,0.09611454464239474,0.24975355173701524,0.43767645592633275,Random candidate from RC-SPE pooling family.,random_pool,0.5625345440832427
random_0209,risk_candidate,216,0.8611111111111112,0.6990700657367324,0.9527747257454777,0.9990379990379991,0.9935064935064936,0.4,0.7037037037037037,5,1.0,0.0,0.3333333333333333,0.03156029761447499,0.19217336952872693,0.3467305666627713,Random candidate from RC-SPE pooling family.,random_pool,0.6946644145896039
random_0210,risk_candidate,216,0.8611111111111112,0.7454385121051788,0.9355596710009668,0.9925444925444925,0.9675324675324676,0.34285714285714286,0.9259259259259259,1,1.0,0.0,0.30457113507960965,0.22340565602592613,0.28281845597512545,0.554304194111264,Random candidate from RC-SPE pooling family.,random_pool,1.5752039356752277
random_0211,risk_candidate,216,0.8055555555555556,0.5774250440917107,0.9552091286567878,1.0,1.0,0.02857142857142857,0.7037037037037037,8,1.0,0.0,0.3333333333333333,0.19730092473961147,0.2710809524276457,0.5261788444350407,Random candidate from RC-SPE pooling family.,random_pool,2.0175624060392208
random_0212,risk_candidate,216,0.8333333333333334,0.6736892736892738,0.9493243000035214,0.9937469937469937,0.948051948051948,0.6285714285714286,0.4444444444444444,1,1.0,0.0,0.40268848626534187,0.11538431694646045,0.2350347949854388,0.45031618094659365,Random candidate from RC-SPE pooling family.,random_pool,1.024901441945689
random_0213,risk_candidate,216,0.8055555555555556,0.6107904441237775,0.9399766087215343,0.9884559884559885,0.9805194805194806,0.0,0.8518518518518519,3,1.0,0.0,0.3050847457627119,0.12974990946173354,0.260250471316715,0.49005095626800815,Random candidate from RC-SPE pooling family.,random_pool,1.1851599615033028
random_0214,risk_candidate,216,0.7777777777777778,0.5061728395061729,0.9537103342864074,0.9997594997594997,1.0,0.0,0.5185185185185185,13,1.0,0.0,0.3333333333333333,0.15440118051996962,0.26078740748519647,0.48230979133791907,Random candidate from RC-SPE pooling family.,random_pool,1.6236766560731037
random_0215,risk_candidate,216,0.7592592592592593,0.47715247715247716,0.9380492031093474,0.9848484848484849,0.987012987012987,0.0,0.4444444444444444,14,1.0,0.0,0.3276836158192091,0.17711680407273495,0.3003801125232016,0.5251393998850701,Random candidate from RC-SPE pooling family.,random_pool,1.231984859493971
random_0216,risk_candidate,216,0.9027777777777778,0.8272246272246272,0.9484309413389417,0.9978354978354979,0.961038961038961,0.7428571428571429,0.7777777777777778,0,0.9965576592082617,0.0034423407917383297,0.35086693941165015,0.361791824204061,0.35349046164010184,0.6541333541560347,Random candidate from RC-SPE pooling family.,random_pool,1.9790932335140083
random_0217,risk_candidate,216,0.8148148148148148,0.6343755010421677,0.9423176780176149,0.98989898989899,0.974025974025974,0.11428571428571428,0.8148148148148148,3,1.0,0.0,0.3107344632768361,0.07831815774699602,0.22565067988709092,0.40734698749021775,Random candidate from RC-SPE pooling family.,random_pool,0.7703930902939619
random_0218,risk_candidate,216,0.8981481481481481,0.8352413019079686,0.9433827655092762,0.9980759980759981,0.948051948051948,0.7428571428571429,0.8148148148148148,0,0.8227194492254734,0.17728055077452665,0.3557373855445159,0.10244585847998618,0.17555495086183612,0.3521989070849719,Random candidate from RC-SPE pooling family.,random_pool,0.6079470641893795
random_0219,risk_candidate,216,0.7592592592592593,0.4890492223825557,0.9333821840533744,0.9817219817219818,0.974025974025974,0.08571428571428572,0.4074074074074074,13,1.0,0.0,0.3050847457627119,0.18404561056834817,0.27964812825955704,0.5184498906825766,Random candidate from RC-SPE pooling family.,random_pool,1.1543086872592108
random_0220,risk_candidate,216,0.8657407407407407,0.7001282667949335,0.9518472086500936,0.9987974987974988,0.9935064935064936,0.5142857142857142,0.5925925925925926,2,1.0,0.0,0.3333333333333333,0.04178292240388685,0.1843679722603784,0.3466733645304473,Random candidate from RC-SPE pooling family.,random_pool,0.560590350273753
random_0221,risk_candidate,216,0.9120370370370371,0.8417348084014752,0.9540039311524335,0.9985569985569985,0.9675324675324676,0.7428571428571429,0.8148148148148148,0,1.0,0.0,0.3450224040522112,0.09050503091953344,0.15989310408177465,0.3204063725879332,Random candidate from RC-SPE pooling family.,random_pool,0.7276499179099231
random_0222,risk_candidate,216,0.8842592592592593,0.747907647907648,0.9539294171992069,0.9992784992784993,0.9675324675324676,0.9428571428571428,0.3333333333333333,0,1.0,0.0,0.3333333333333333,0.2846304112879246,0.3215910737745599,0.5930897040336666,Random candidate from RC-SPE pooling family.,random_pool,1.9369611037431707
random_0223,risk_candidate,216,0.7731481481481481,0.49836459836459834,0.950162373314757,0.9925444925444925,0.9935064935064936,0.05714285714285714,0.4444444444444444,13,1.0,0.0,0.3333333333333333,0.12454982727880767,0.25305080925653933,0.4391514497847624,Random candidate from RC-SPE pooling family.,random_pool,1.078698808275601
random_0224,risk_candidate,216,0.7361111111111112,0.4357864357864358,0.8878083927258719,0.9646464646464646,0.974025974025974,0.0,0.3333333333333333,18,1.0,0.0,0.34668721109399075,0.15207502435553955,0.36217126150392576,0.6836392812544141,Random candidate from RC-SPE pooling family.,random_pool,1.9783728673418877
random_0225,risk_candidate,216,0.7962962962962963,0.5730960397627064,0.9462660933128996,0.9911014911014911,0.987012987012987,0.02857142857142857,0.7037037037037037,7,1.0,0.0,0.3276836158192091,0.10864243308401805,0.29671200658295765,0.5236362417321155,Random candidate from RC-SPE pooling family.,random_pool,0.6817336860472648
random_0226,risk_candidate,216,0.9027777777777778,0.802934102934103,0.9547620889638663,0.9990379990379991,0.9675324675324676,0.8857142857142857,0.5555555555555556,0,1.0,0.0,0.3333333333333333,0.2059341815220843,0.231313413082594,0.45873907198688224,Random candidate from RC-SPE pooling family.,random_pool,1.1996052116095883
random_0227,risk_candidate,216,0.8888888888888888,0.7822190155523489,0.9528444499185394,0.9987974987974988,0.9805194805194806,0.5142857142857142,0.8518518518518519,0,1.0,0.0,0.3333333333333333,0.037475230570603264,0.16087975876842964,0.29741059032388617,Random candidate from RC-SPE pooling family.,random_pool,0.5706468862059587
random_0228,risk_candidate,216,0.22685185185185186,0.528747795414462,0.8937064289931563,0.9980759980759981,0.0,0.7714285714285715,0.8148148148148148,0,0.0,1.0,0.3333333333333333,0.3241638593850835,0.6730905485683393,1.0967414936464843,Random candidate from RC-SPE pooling family.,random_pool,2.1807914028324054
random_0229,risk_candidate,216,0.8472222222222222,0.6491422158088824,0.9536522237797951,0.9992784992784993,0.9675324675324676,0.9428571428571428,0.037037037037037035,0,1.0,0.0,0.3333333333333333,0.2177628353780189,0.2944847822865232,0.550337217113234,Random candidate from RC-SPE pooling family.,random_pool,1.2718091435464727
random_0230,risk_candidate,216,0.7916666666666666,0.5403880070546737,0.9541223668754246,0.9980759980759981,1.0,0.02857142857142857,0.5925925925925926,10,1.0,0.0,0.3333333333333333,0.135844381923359,0.3085582125760122,0.5419813090451909,Random candidate from RC-SPE pooling family.,random_pool,0.6080210197595917
random_0231,risk_candidate,216,0.8379629629629629,0.6503447170113836,0.952073315102726,0.9932659932659933,0.987012987012987,0.37142857142857144,0.5925925925925926,8,1.0,0.0,0.3506721215663355,0.09606151675223826,0.21693245295055877,0.39254626983854196,Random candidate from RC-SPE pooling family.,random_pool,0.8490081456654205
random_0232,risk_candidate,216,0.7361111111111112,0.3950617283950617,0.9384155212799784,0.9874939874939875,1.0,0.0,0.18518518518518517,21,1.0,0.0,0.3333333333333333,0.16110122950581468,0.340535013148989,0.5787861404891127,Random candidate from RC-SPE pooling family.,random_pool,1.5521665552252466
random_0233,risk_candidate,216,0.8611111111111112,0.7421196087862754,0.9359456910556933,0.9865319865319865,0.948051948051948,0.6857142857142857,0.5925925925925926,0,1.0,0.0,0.3855445158776544,0.07982927492361926,0.22221669856068774,0.4220302774657057,Random candidate from RC-SPE pooling family.,random_pool,0.6725497642786662
random_0234,risk_candidate,216,0.8796296296296297,0.7428090428090428,0.9532200712671833,1.0,0.9935064935064936,0.45714285714285713,0.7777777777777778,3,1.0,0.0,0.3333333333333333,0.2656694749907722,0.28707588612785184,0.5547730435761971,Random candidate from RC-SPE pooling family.,random_pool,2.1017838979627355
random_0235,risk_candidate,216,0.8055555555555556,0.5802469135802469,0.9540467514674925,0.9983164983164983,1.0,0.0,0.7407407407407407,7,1.0,0.0,0.3333333333333333,0.09551768527474301,0.26966878551485846,0.46925455792305787,Random candidate from RC-SPE pooling family.,random_pool,0.683471872604822
random_0236,risk_candidate,216,0.9074074074074074,0.8367484367484367,0.9442738405140302,0.9985569985569985,0.961038961038961,0.7714285714285715,0.7777777777777778,0,0.9328743545611016,0.06712564543889843,0.3670368205727645,0.3556756925868004,0.3505332069899512,0.6440964596425415,Random candidate from RC-SPE pooling family.,random_pool,1.6736869369168828
random_0237,risk_candidate,216,0.7962962962962963,0.6471861471861472,0.910694750490368,0.9971139971139971,0.9415584415584416,0.0,1.0,0,0.4199655765920826,0.5800344234079173,0.3600410888546482,0.281528727204673,0.39687893066484037,0.7401717155659695,Random candidate from RC-SPE pooling family.,random_pool,1.6703893629733801
random_0238,risk_candidate,216,0.875,0.7464005130671797,0.9551989400287827,0.9987974987974988,0.9545454545454546,0.9142857142857143,0.37037037037037035,0,0.8657487091222031,0.13425129087779686,0.35008766803039154,0.16879682582864203,0.2524262972649382,0.4780285693561432,Random candidate from RC-SPE pooling family.,random_pool,0.9443473554972753
random_0239,risk_candidate,216,0.7361111111111112,0.3950617283950617,0.9343326344252656,0.9884559884559885,1.0,0.0,0.18518518518518517,21,1.0,0.0,0.3333333333333333,0.21391222641385638,0.4358968310662519,0.8283751841762359,Random candidate from RC-SPE pooling family.,random_pool,0.7114453640904682
random_0240,risk_candidate,216,0.8101851851851852,0.5925925925925926,0.9532087693841172,0.9995189995189995,1.0,0.0,0.7777777777777778,6,1.0,0.0,0.3333333333333333,0.10578299171008518,0.2708580794210849,0.4919111503961765,Random candidate from RC-SPE pooling family.,random_pool,0.5968589278993034
random_0241,risk_candidate,216,0.8287037037037037,0.6538720538720538,0.9481585081723479,0.993987493987494,0.987012987012987,0.08571428571428572,0.8888888888888888,2,1.0,0.0,0.3276836158192091,0.09602473334832527,0.2265120102446369,0.4006427660099123,Random candidate from RC-SPE pooling family.,random_pool,0.6205915828488547
random_0242,risk_candidate,216,0.8703703703703703,0.7888888888888889,0.9211052713215572,0.9882154882154882,0.9285714285714286,0.7714285714285715,0.6666666666666666,0,0.27882960413080893,0.7211703958691911,0.27001753360607833,0.33901077786422124,0.3955857893594699,0.694854229835541,Random candidate from RC-SPE pooling family.,random_pool,1.5404466156780494
random_0243,risk_candidate,216,0.75,0.42817059483726155,0.9452031325310445,0.9920634920634921,0.9935064935064936,0.14285714285714285,0.14814814814814814,20,1.0,0.0,0.3220338983050847,0.22589698307601816,0.3010800266584849,0.5482428623156316,Random candidate from RC-SPE pooling family.,random_pool,1.5973580563480165
random_0244,risk_candidate,216,0.8935185185185185,0.8172518839185505,0.9351906556818205,0.9951899951899952,0.948051948051948,0.8,0.7037037037037037,0,0.9122203098106713,0.08777969018932874,0.34989285018507693,0.2626392341445713,0.30154387497677704,0.5588205980293744,Random candidate from RC-SPE pooling family.,random_pool,1.0756227636617135
random_0245,risk_candidate,216,0.8425925925925926,0.6796216129549464,0.9562727951316504,0.9980759980759981,0.987012987012987,0.2,0.8518518518518519,3,1.0,0.0,0.3333333333333333,0.13006083580787492,0.2123196728471568,0.42592403010693913,Random candidate from RC-SPE pooling family.,random_pool,1.0966390202854643
random_0246,risk_candidate,216,0.7129629629629629,0.3333333333333333,0.9515935216446337,0.9990379990379991,1.0,0.0,0.0,27,1.0,0.0,0.3333333333333333,0.236416176637081,0.37943421571312425,0.6072659432972927,Random candidate from RC-SPE pooling family.,random_pool,1.763413532609268
random_0247,risk_candidate,216,0.8888888888888888,0.8252685586018919,0.9387180982694425,0.9980759980759981,0.935064935064935,0.8,0.7407407407407407,0,0.5438898450946644,0.4561101549053356,0.338788233002143,0.4069908436152425,0.45392563108697576,0.7813834523071056,Random candidate from RC-SPE pooling family.,random_pool,2.242790273678906
random_0248,risk_candidate,216,0.7685185185185185,0.48319704986371653,0.9530207007159247,0.9987974987974988,0.9935064935064936,0.08571428571428572,0.37037037037037035,17,1.0,0.0,0.3333333333333333,0.11007000348975443,0.24146728402959663,0.41218355387439837,Random candidate from RC-SPE pooling family.,random_pool,0.8949422344902964
random_0249,risk_candidate,216,0.8194444444444444,0.6172839506172839,0.9470762984177993,1.0,1.0,0.0,0.8518518518518519,4,1.0,0.0,0.3333333333333333,0.1363266879964403,0.23440152599738728,0.45715765611576603,Random candidate from RC-SPE pooling family.,random_pool,1.2781153879600837
random_0250,risk_candidate,216,0.8935185185185185,0.783886483886484,0.9534089387083177,0.9987974987974988,0.9675324675324676,0.8285714285714286,0.5555555555555556,0,1.0,0.0,0.3333333333333333,0.04789810339370594,0.16398032953000355,0.33692830740561924,Random candidate from RC-SPE pooling family.,random_pool,0.5969502023729677
random_0251,risk_candidate,216,0.8287037037037037,0.7540804874138208,0.842528039832717,0.9725829725829725,0.8961038961038961,0.5142857142857142,0.8518518518518519,0,0.0,1.0,0.23553477498538866,0.4064970887883224,0.4948343645260692,0.8548001691931176,Random candidate from RC-SPE pooling family.,random_pool,1.651152387067973
random_0252,risk_candidate,216,0.7592592592592593,0.4567901234567901,0.9545830189398489,0.9990379990379991,1.0,0.0,0.37037037037037035,17,1.0,0.0,0.3333333333333333,0.14622500526911344,0.27570043161702046,0.46094543096014934,Random candidate from RC-SPE pooling family.,random_pool,1.2766973583077845
random_0253,risk_candidate,216,0.8240740740740741,0.6200577200577201,0.9551001930666215,0.9990379990379991,0.9935064935064936,0.2,0.6666666666666666,9,1.0,0.0,0.3333333333333333,0.05382968723593607,0.2143605934173155,0.36989067369071077,Random candidate from RC-SPE pooling family.,random_pool,0.7470329631717412
random_0254,risk_candidate,216,0.7222222222222222,0.35974025974025975,0.9507700427802256,0.9956709956709957,0.9935064935064936,0.08571428571428572,0.0,26,1.0,0.0,0.3333333333333333,0.1745524560119374,0.3079421010181129,0.5306978958568278,Random candidate from RC-SPE pooling family.,random_pool,0.946407814067251
random_0255,risk_candidate,216,0.8472222222222222,0.6502485169151836,0.9546537533397559,0.9990379990379991,0.974025974025974,0.8285714285714286,0.14814814814814814,3,1.0,0.0,0.3333333333333333,0.22228557551739014,0.2971541691681911,0.5605974434508516,Random candidate from RC-SPE pooling family.,random_pool,1.8635882179533807
random_0256,risk_candidate,216,0.7870370370370371,0.5308641975308642,0.9530890189004432,1.0,1.0,0.0,0.5925925925925926,11,1.0,0.0,0.3333333333333333,0.150298636882276,0.293929214284906,0.5481186926701269,Random candidate from RC-SPE pooling family.,random_pool,1.7571585342500962
random_0257,risk_candidate,216,0.7685185185185185,0.5018438351771685,0.9369301259751236,0.9860509860509861,0.987012987012987,0.0,0.5185185185185185,13,1.0,0.0,0.3276836158192091,0.1256562511454772,0.3283795823482602,0.6093524090809678,Random candidate from RC-SPE pooling family.,random_pool,1.1140607524017028
random_0258,risk_candidate,216,0.8425925925925926,0.6722623055956389,0.9550552828186488,0.9980759980759981,0.9935064935064936,0.17142857142857143,0.8518518518518519,3,1.0,0.0,0.3333333333333333,0.06499009930598644,0.20622456114433946,0.3596135148715252,Random candidate from RC-SPE pooling family.,random_pool,0.7601940386444991
random_0259,risk_candidate,216,0.7407407407407407,0.4277697611030944,0.937060456297691,0.9867724867724867,0.987012987012987,0.0,0.2962962962962963,18,1.0,0.0,0.3333333333333333,0.15108517663820664,0.35326321247254705,0.6225220356039899,Random candidate from RC-SPE pooling family.,random_pool,1.0243008806427822
random_0260,risk_candidate,216,0.5462962962962963,0.5259900593233926,0.9267417745111474,0.9824434824434825,0.5324675324675324,0.9714285714285714,0.07407407407407407,0,0.05679862306368331,0.9432013769363167,0.3333333333333333,0.07182706872627226,0.5376403134598033,0.8332336930640909,Random candidate from RC-SPE pooling family.,random_pool,1.4224614618267803
random_0261,risk_candidate,216,0.7407407407407407,0.40740740740740744,0.9521848230645545,0.9985569985569985,1.0,0.0,0.2222222222222222,21,1.0,0.0,0.3333333333333333,0.19432990098257064,0.2744331457830346,0.4880856866928306,Random candidate from RC-SPE pooling family.,random_pool,1.5911931671187103
random_0262,risk_candidate,216,0.8611111111111112,0.7148949815616482,0.9548318085861184,0.9980759980759981,0.987012987012987,0.34285714285714286,0.8148148148148148,1,1.0,0.0,0.3333333333333333,0.08204757115887831,0.18838652748341125,0.3522257146258337,Random candidate from RC-SPE pooling family.,random_pool,0.8384107936600145
random_0263,risk_candidate,216,0.8564814814814815,0.7166586499919833,0.944107082599924,0.9992784992784993,0.987012987012987,0.2,0.9629629629629629,0,1.0,0.0,0.3333333333333333,0.08516714341083302,0.19593663203715136,0.3880453278207894,Random candidate from RC-SPE pooling family.,random_pool,0.7752497462727336
random_0264,risk_candidate,216,0.7592592592592593,0.4585056918390252,0.9549218332864213,0.9959114959114959,0.9935064935064936,0.08571428571428572,0.2962962962962963,18,1.0,0.0,0.3333333333333333,0.11867397789984153,0.2631043317478217,0.4369302831667512,Random candidate from RC-SPE pooling family.,random_pool,0.8624223919937875
random_0265,risk_candidate,216,0.8148148148148148,0.607375340708674,0.9477790954700288,0.9906204906204906,0.948051948051948,0.8,0.07407407407407407,0,0.9965576592082617,0.0034423407917383297,0.3913890512370933,0.15007376423157326,0.26346739909901856,0.5004334636891532,Random candidate from RC-SPE pooling family.,random_pool,1.0253674228821417
random_0266,risk_candidate,216,0.7870370370370371,0.5325797659130993,0.9494462316479694,0.9937469937469937,0.9935064935064936,0.08571428571428572,0.5185185185185185,12,1.0,0.0,0.3333333333333333,0.09349663223202564,0.2460210171725993,0.41605807511614784,Random candidate from RC-SPE pooling family.,random_pool,0.8200270426373327
random_0267,risk_candidate,216,0.7916666666666666,0.6348404681738015,0.8712281949896116,0.9817219817219818,0.9415584415584416,0.0,0.9629629629629629,1,0.2134251290877797,0.7865748709122203,0.38469440164355423,0.2702180530696761,0.44519634930184476,0.7984900455540361,Random candidate from RC-SPE pooling family.,random_pool,1.7449305333110738
random_0268,risk_candidate,216,0.8611111111111112,0.709251242584576,0.952279269934845,0.9959114959114959,0.987012987012987,0.4,0.7407407407407407,4,1.0,0.0,0.3333333333333333,0.05599909187878481,0.20298105477213876,0.36064768466739433,Random candidate from RC-SPE pooling family.,random_pool,0.6765935565001049
random_0269,risk_candidate,216,0.7546296296296297,0.4518037518037518,0.9476123112564757,0.9959114959114959,0.9935064935064936,0.02857142857142857,0.3333333333333333,17,1.0,0.0,0.3333333333333333,0.14269857677358389,0.30525626817270074,0.5008203368376533,Random candidate from RC-SPE pooling family.,random_pool,0.6478129837181118
random_0270,risk_candidate,216,0.7777777777777778,0.5356100689434022,0.940588313696912,0.9874939874939875,0.974025974025974,0.11428571428571428,0.5185185185185185,11,1.0,0.0,0.32222871615039933,0.10632935348545895,0.2519169876412926,0.42299097015267356,Random candidate from RC-SPE pooling family.,random_pool,0.6777735912900245
random_0271,risk_candidate,216,0.7916666666666666,0.5392817059483727,0.9474563727866873,0.9927849927849928,0.9935064935064936,0.14285714285714285,0.48148148148148145,12,1.0,0.0,0.3333333333333333,0.0941056216179741,0.24237743212057192,0.41032402694646325,Random candidate from RC-SPE pooling family.,random_pool,0.7437295028842957
random_0272,risk_candidate,216,0.17592592592592593,0.3703703703703704,0.9235869888958729,0.9987974987974988,0.0,1.0,0.1111111111111111,0,0.0,1.0,0.3333333333333333,0.476418387591107,0.8392357195749371,1.2284192719524822,Random candidate from RC-SPE pooling family.,random_pool,1.9225462768740422
random_0273,risk_candidate,216,0.7222222222222222,0.37838704505371173,0.92360520536392,0.9764309764309764,0.987012987012987,0.0,0.14814814814814814,20,1.0,0.0,0.3333333333333333,0.2225722637021439,0.44689113243179884,0.8299062318191941,Random candidate from RC-SPE pooling family.,random_pool,0.7043035853858598
random_0274,risk_candidate,216,0.42592592592592593,0.44935064935064933,0.9473730716431893,0.9920634920634921,0.37662337662337664,0.9714285714285714,0.0,0,0.0,1.0,0.3333333333333333,0.08961771309692405,0.5556646431891563,0.8681174267022307,Random candidate from RC-SPE pooling family.,random_pool,2.2099097397344187
random_0275,risk_candidate,216,0.7314814814814815,0.6067019400352733,0.8195297622581111,0.962000962000962,0.8571428571428571,0.0,0.9629629629629629,1,0.08605851979345955,0.9139414802065404,0.36209553158705704,0.20020181383780833,0.5175702231628642,0.9224376151223523,Random candidate from RC-SPE pooling family.,random_pool,1.9013781433348984
random_0276,risk_candidate,216,0.8148148148148148,0.6049382716049383,0.9547458779212543,0.9990379990379991,1.0,0.0,0.8148148148148148,5,1.0,0.0,0.3333333333333333,0.09661144335035168,0.2853640251005997,0.5610884218044851,Random candidate from RC-SPE pooling family.,random_pool,0.9841635793794312
random_0277,risk_candidate,216,0.7222222222222222,0.3987493987493987,0.9229248940213514,0.9754689754689755,0.974025974025974,0.0,0.2222222222222222,18,1.0,0.0,0.3107344632768361,0.2305607416796962,0.43106857245307706,0.7809019744452032,Random candidate from RC-SPE pooling family.,random_pool,0.5548571500137754
random_0278,risk_candidate,216,0.7361111111111112,0.3950617283950617,0.9429949659291935,0.9947089947089947,1.0,0.0,0.18518518518518517,22,1.0,0.0,0.3333333333333333,0.17342199179931084,0.3556760516987533,0.5816298824173695,Random candidate from RC-SPE pooling family.,random_pool,0.7781995532872437
random_0279,risk_candidate,216,0.8611111111111112,0.7545133878467212,0.9393500197937469,0.9956709956709957,0.9545454545454546,0.45714285714285713,0.8518518518518519,0,1.0,0.0,0.3107344632768361,0.2551930344973479,0.2986200430786805,0.5796271310696608,Random candidate from RC-SPE pooling family.,random_pool,1.4620793592203354
random_0280,risk_candidate,216,0.8611111111111112,0.7070386403719736,0.954486596965216,0.9978354978354979,0.974025974025974,0.6285714285714286,0.5185185185185185,2,1.0,0.0,0.3333333333333333,0.11309338590256791,0.21860137852907244,0.4223071651818928,Random candidate from RC-SPE pooling family.,random_pool,1.0930849556171645
random_0281,risk_candidate,216,0.7638888888888888,0.4996793330126663,0.9211588302776027,0.9807599807599807,0.9805194805194806,0.0,0.5185185185185185,13,1.0,0.0,0.34668721109399075,0.13355671628048024,0.3371531153294056,0.6720548910360985,Random candidate from RC-SPE pooling family.,random_pool,1.6542579022924522
random_0282,risk_candidate,216,0.8009259259259259,0.563973063973064,0.9565062610373739,0.9990379990379991,0.9935064935064936,0.14285714285714285,0.5555555555555556,12,1.0,0.0,0.3333333333333333,0.09626796537101084,0.2253198466526954,0.4078212480190172,Random candidate from RC-SPE pooling family.,random_pool,1.1399946317905154
random_0283,risk_candidate,216,0.8009259259259259,0.5826198492865159,0.9493250942256534,0.9949494949494949,0.987012987012987,0.05714285714285714,0.7037037037037037,7,1.0,0.0,0.3333333333333333,0.08359926759698008,0.25237847664336494,0.425810653081435,Random candidate from RC-SPE pooling family.,random_pool,0.7169426986322175
random_0284,risk_candidate,216,0.7870370370370371,0.532691999358666,0.943884905401085,0.9901394901394901,0.961038961038961,0.6,0.037037037037037035,7,1.0,0.0,0.3623611922852133,0.23163923945392156,0.3400984049276073,0.6152670699873888,Random candidate from RC-SPE pooling family.,random_pool,1.9547517096370775
random_0285,risk_candidate,216,0.7222222222222222,0.35974025974025975,0.9460175655498556,0.9949494949494949,0.9935064935064936,0.08571428571428572,0.0,24,1.0,0.0,0.3333333333333333,0.2359624140686813,0.3254863524632854,0.6002953941532047,Random candidate from RC-SPE pooling family.,random_pool,1.7563944649378216
random_0286,risk_candidate,216,0.49537037037037035,0.5021805355138689,0.9293657242571522,0.9877344877344877,0.461038961038961,0.9714285714285714,0.07407407407407407,0,0.024096385542168676,0.9759036144578314,0.3389830508474576,0.0820868989569983,0.5511319621358323,0.8374086296237814,Random candidate from RC-SPE pooling family.,random_pool,1.2947307170545341
random_0287,risk_candidate,216,0.8055555555555556,0.6107904441237775,0.9369692947416158,0.9901394901394901,0.9805194805194806,0.0,0.8518518518518519,3,1.0,0.0,0.3050847457627119,0.1730406178334307,0.2713141450820457,0.5279566688413074,Random candidate from RC-SPE pooling family.,random_pool,1.3237910563534407
random_0288,risk_candidate,216,0.8611111111111112,0.7370851370851371,0.9555871662208201,0.9990379990379991,0.935064935064935,0.9428571428571428,0.3333333333333333,0,0.0,1.0,0.3333333333333333,0.2502410431118071,0.362754489241055,0.6043282864377131,Random candidate from RC-SPE pooling family.,random_pool,0.970431489435739
random_0289,risk_candidate,216,0.7314814814814815,0.38271604938271603,0.9236002095273236,0.976911976911977,1.0,0.0,0.14814814814814814,22,1.0,0.0,0.3333333333333333,0.18087161636837892,0.40463674416240375,0.6816233950873312,Random candidate from RC-SPE pooling family.,random_pool,1.34561574763203
random_0290,risk_candidate,216,0.8796296296296297,0.7598524931858265,0.9520903040163047,0.9966329966329966,0.961038961038961,0.8,0.5185185185185185,0,0.9965576592082617,0.0034423407917383297,0.33235924410676015,0.26232379729483796,0.30540379132676715,0.5666892548986819,Random candidate from RC-SPE pooling family.,random_pool,1.6981921054375109
random_0291,risk_candidate,216,0.8796296296296297,0.7807118807118808,0.9361382264494758,0.9983164983164983,0.9675324675324676,0.4857142857142857,0.8888888888888888,0,1.0,0.0,0.3276836158192091,0.1779556826844285,0.22443879048603432,0.4568074618806402,Random candidate from RC-SPE pooling family.,random_pool,1.0234394074130562
random_0292,risk_candidate,216,0.8518518518518519,0.708850408850409,0.9440220609857631,0.9985569985569985,0.9805194805194806,0.2571428571428571,0.8888888888888888,1,1.0,0.0,0.3276836158192091,0.09330855604316343,0.1932535221647747,0.3840776764092738,Random candidate from RC-SPE pooling family.,random_pool,0.9113490207450204
random_0293,risk_candidate,216,0.8796296296296297,0.7603495270161936,0.9517131854512573,0.9980759980759981,0.9805194805194806,0.4857142857142857,0.8148148148148148,0,1.0,0.0,0.3450224040522112,0.05504986401478003,0.1821533318842891,0.34038391816932434,Random candidate from RC-SPE pooling family.,random_pool,0.6887118956573128
random_0294,risk_candidate,216,0.8287037037037037,0.6267596600929934,0.9499069848885356,0.9963924963924964,0.9935064935064936,0.2571428571428571,0.6296296296296297,8,1.0,0.0,0.3278784336645237,0.042649324188435915,0.21385305116180667,0.37435589364578303,Random candidate from RC-SPE pooling family.,random_pool,0.6380816490313884
random_0295,risk_candidate,216,0.7731481481481481,0.5141895141895142,0.9445890421905349,0.9906204906204906,0.987012987012987,0.0,0.5555555555555556,11,1.0,0.0,0.3276836158192091,0.14642808769009646,0.3383816808765837,0.6517364224045205,Random candidate from RC-SPE pooling family.,random_pool,0.6652420060809066
random_0296,risk_candidate,216,0.8425925925925926,0.6877024210357544,0.9528206416694857,0.9980759980759981,0.935064935064935,0.9428571428571428,0.18518518518518517,0,0.0774526678141136,0.9225473321858864,0.3389830508474576,0.32373909068946816,0.44828841808893066,0.7459586387890879,Random candidate from RC-SPE pooling family.,random_pool,2.015122943433702
random_0297,risk_candidate,216,0.8148148148148148,0.6224787558120891,0.9516372537091319,0.9966329966329966,0.987012987012987,0.02857142857142857,0.8518518518518519,3,1.0,0.0,0.3276836158192091,0.0894939861308502,0.22537448520959216,0.40799443651262973,Random candidate from RC-SPE pooling family.,random_pool,0.797991331644864
random_0298,risk_candidate,216,0.9074074074074074,0.8237453904120571,0.9516124397840428,0.9990379990379991,0.9675324675324676,0.8,0.7037037037037037,0,1.0,0.0,0.3682057276446522,0.08654464257961172,0.16643120189261384,0.3301672570208487,Random candidate from RC-SPE pooling family.,random_pool,0.6513181483133308
random_0299,risk_candidate,216,0.8564814814814815,0.7404521404521405,0.9330437864233913,0.9978354978354979,0.961038961038961,0.37142857142857144,0.8888888888888888,0,1.0,0.0,0.3276836158192091,0.13409870635489635,0.2156070998166728,0.4342707749352035,Random candidate from RC-SPE pooling family.,random_pool,0.9292462116351349
random_0300,risk_candidate,216,0.8379629629629629,0.6429854096520763,0.9538678874999067,0.9990379990379991,0.9935064935064936,0.34285714285714286,0.5925925925925926,9,1.0,0.0,0.3333333333333333,0.0764003147077737,0.2037891859650869,0.36712831429161963,Random candidate from RC-SPE pooling family.,random_pool,0.8988773195614246
random_0301,risk_candidate,216,0.8009259259259259,0.5696168029501364,0.9530395158271178,0.9992784992784993,0.9935064935064936,0.08571428571428572,0.6296296296296297,9,1.0,0.0,0.3333333333333333,0.08010955874813624,0.22752259004951522,0.38647177353295675,Random candidate from RC-SPE pooling family.,random_pool,0.7111633440154849
random_0302,risk_candidate,216,0.8009259259259259,0.5679012345679012,0.9552903589172734,0.9995189995189995,1.0,0.0,0.7037037037037037,8,1.0,0.0,0.3333333333333333,0.1396961123615397,0.26342734934665324,0.4936267863429724,Random candidate from RC-SPE pooling family.,random_pool,1.568418305969852
random_0303,risk_candidate,216,0.7129629629629629,0.3333333333333333,0.9564482372078121,0.9990379990379991,1.0,0.0,0.0,27,1.0,0.0,0.3333333333333333,0.19623979014878715,0.3273906842825613,0.5503858493235273,Random candidate from RC-SPE pooling family.,random_pool,1.9267419102955234
random_0304,risk_candidate,216,0.8888888888888888,0.7793971460638128,0.9534328481335134,0.9978354978354979,0.9805194805194806,0.5428571428571428,0.8148148148148148,1,1.0,0.0,0.3333333333333333,0.1295806894722865,0.18390829492475955,0.36533103759533037,Random candidate from RC-SPE pooling family.,random_pool,0.9449197599899158
random_0305,risk_candidate,216,0.8935185185185185,0.7878146544813212,0.9539673184064382,0.9992784992784993,0.974025974025974,0.6857142857142857,0.7037037037037037,0,1.0,0.0,0.3333333333333333,0.06026940364085355,0.15492349742797287,0.3054389530967374,Random candidate from RC-SPE pooling family.,random_pool,0.6700858514789129
random_0306,risk_candidate,216,0.7916666666666666,0.5421035754369088,0.9484297913069879,0.9954304954304954,0.9935064935064936,0.11428571428571428,0.5185185185185185,12,1.0,0.0,0.3333333333333333,0.09515285658004535,0.2581639830567425,0.42826515868278237,Random candidate from RC-SPE pooling family.,random_pool,0.702207887374711
random_0307,risk_candidate,216,0.16203703703703703,0.3333333333333333,0.950926453211317,0.9983164983164983,0.0,1.0,0.0,0,0.0,1.0,0.3333333333333333,0.5467957197632587,0.8702200332093879,1.198917744394464,Random candidate from RC-SPE pooling family.,random_pool,1.9089068082535559
random_0308,risk_candidate,216,0.75,0.43209876543209874,0.9503396270894416,0.9949494949494949,1.0,0.0,0.2962962962962963,19,1.0,0.0,0.3333333333333333,0.15689428361915622,0.2968958556999993,0.4943987438647332,Random candidate from RC-SPE pooling family.,random_pool,1.2605825309568834
random_0309,risk_candidate,216,0.8611111111111112,0.7195446528779862,0.9505110999070175,0.9966329966329966,0.948051948051948,0.9142857142857143,0.2962962962962963,0,0.9776247848537005,0.022375215146299476,0.3670368205727645,0.13417833107123445,0.23621501017357888,0.4580444244065717,Random candidate from RC-SPE pooling family.,random_pool,0.7514212800744035
random_0310,risk_candidate,216,0.8148148148148148,0.5971941638608306,0.9464772527367825,0.9911014911014911,0.9545454545454546,0.8,0.037037037037037035,0,0.9896729776247849,0.0103270223752151,0.3863237872589129,0.1056050114246729,0.23065630051186053,0.45389745777381174,Random candidate from RC-SPE pooling family.,random_pool,0.6568210267064113
random_0311,risk_candidate,216,0.16203703703703703,0.3333333333333333,0.9387054783977935,0.9980759980759981,0.0,1.0,0.0,0,0.0,1.0,0.3333333333333333,0.5650061433128776,0.917661287339674,1.2548210644674316,Random candidate from RC-SPE pooling family.,random_pool,1.687263114123741
random_0312,risk_candidate,216,0.8425925925925926,0.6367965367965368,0.9539188110608667,0.9987974987974988,0.9675324675324676,0.9428571428571428,0.0,0,0.9432013769363167,0.05679862306368333,0.3923631404636665,0.13739676081067337,0.24971768545499404,0.48889377249187554,Random candidate from RC-SPE pooling family.,random_pool,0.8625712355161034
random_0313,risk_candidate,216,0.7222222222222222,0.4089305755972423,0.9079968571769289,0.9701779701779701,0.9675324675324676,0.0,0.25925925925925924,18,1.0,0.0,0.3050847457627119,0.22042803050539367,0.4345257224948083,0.8607286833138007,Random candidate from RC-SPE pooling family.,random_pool,0.597055405675813
random_0314,risk_candidate,216,0.37962962962962965,0.5112554112554113,0.8998933870690408,0.9980759980759981,0.3051948051948052,0.22857142857142856,1.0,0,0.0,1.0,0.3207941483803553,0.14722518356795466,0.6012827150116541,0.9858013808705439,Random candidate from RC-SPE pooling family.,random_pool,2.1342382462727083
random_0315,risk_candidate,216,0.7870370370370371,0.5455828122494789,0.9451824289925596,0.9906204906204906,0.987012987012987,0.05714285714285714,0.5925925925925926,10,1.0,0.0,0.3276836158192091,0.1027486067511451,0.27657752246859213,0.4640800790059843,Random candidate from RC-SPE pooling family.,random_pool,0.650204246997092
random_0316,risk_candidate,216,0.7129629629629629,0.3333333333333333,0.95407725967264,0.9990379990379991,1.0,0.0,0.0,27,1.0,0.0,0.3333333333333333,0.21197686678584435,0.3340401694693072,0.5363384010644408,Random candidate from RC-SPE pooling family.,random_pool,1.4182282203209573
random_0317,risk_candidate,216,0.8009259259259259,0.5510822510822511,0.9504297403188691,0.9927849927849928,0.9675324675324676,0.6857142857142857,0.0,6,1.0,0.0,0.3450224040522112,0.13311440654249757,0.24346725103396066,0.48322421256218007,Random candidate from RC-SPE pooling family.,random_pool,0.9071063524538815
random_0318,risk_candidate,216,0.8564814814814815,0.731377264710598,0.9298165717078303,0.9990379990379991,0.974025974025974,0.2571428571428571,0.9629629629629629,0,1.0,0.0,0.3276836158192091,0.20305473878372685,0.2650982402153649,0.5330831722950437,Random candidate from RC-SPE pooling family.,random_pool,1.37398742477717
random_0319,risk_candidate,216,0.75,0.43552990219656884,0.9286569447421917,0.9802789802789803,0.987012987012987,0.17142857142857143,0.14814814814814814,20,1.0,0.0,0.3506721215663355,0.14764830003520024,0.34609599002334207,0.613746459549762,Random candidate from RC-SPE pooling family.,random_pool,0.708388973103186
random_0320,risk_candidate,216,0.7314814814814815,0.38271604938271603,0.9481801883886855,0.9978354978354979,1.0,0.0,0.14814814814814814,23,1.0,0.0,0.3333333333333333,0.17039588666095168,0.2973393796022084,0.49224859664115084,Random candidate from RC-SPE pooling family.,random_pool,1.1786852685401332
random_0321,risk_candidate,216,0.7916666666666666,0.5392817059483727,0.954142683753831,0.9978354978354979,0.9935064935064936,0.14285714285714285,0.48148148148148145,13,1.0,0.0,0.3333333333333333,0.10321832795973587,0.22735526943392148,0.39893993279535145,Random candidate from RC-SPE pooling family.,random_pool,0.9151431889752365
random_0322,risk_candidate,216,0.8194444444444444,0.625974025974026,0.9545133138166882,0.9983164983164983,0.935064935064935,0.9428571428571428,0.0,0,0.04819277108433735,0.9518072289156626,0.3389830508474576,0.2826720841736947,0.441194578550516,0.7266446079269813,Random candidate from RC-SPE pooling family.,random_pool,1.8938533995407254
random_0323,risk_candidate,216,0.8101851851851852,0.6129549462882796,0.9436047969763709,0.9915824915824916,0.987012987012987,0.0,0.8518518518518519,3,1.0,0.0,0.3220338983050847,0.09780943462975579,0.26029605776683845,0.46638404795906063,Random candidate from RC-SPE pooling family.,random_pool,0.8199137683722623
random_0324,risk_candidate,216,0.8611111111111112,0.7992784992784993,0.9379105449637098,0.9995189995189995,0.9025974025974026,0.8285714285714286,0.6666666666666666,0,0.8588640275387264,0.14113597246127363,0.3557373855445159,0.1851125154856895,0.3029765406914305,0.522728867091509,Random candidate from RC-SPE pooling family.,random_pool,0.6908075889297893
random_0325,risk_candidate,216,0.7268518518518519,0.3703703703703704,0.944794301277928,0.9908609908609909,1.0,0.0,0.1111111111111111,24,1.0,0.0,0.3333333333333333,0.2323809689914756,0.3353337565060169,0.5876099740063532,Random candidate from RC-SPE pooling family.,random_pool,2.1999050326326595
random_0326,risk_candidate,216,0.3055555555555556,0.5570787237453904,0.9161584135028052,0.9978354978354979,0.11038961038961038,0.8571428571428571,0.7037037037037037,0,0.0,1.0,0.3333333333333333,0.2424375356483501,0.5696420652412456,0.9226625724528936,Random candidate from RC-SPE pooling family.,random_pool,1.933738024276813
random_0327,risk_candidate,216,0.7824074074074074,0.49765913099246434,0.9500146896963336,0.9963924963924964,0.9935064935064936,0.3142857142857143,0.18518518518518517,19,1.0,0.0,0.3333333333333333,0.0948574551099955,0.25796389789543095,0.4563468954344889,Random candidate from RC-SPE pooling family.,random_pool,0.5994026163384188
random_0328,risk_candidate,216,0.7268518518518519,0.4082732082732082,0.9338298019637143,0.9838864838864839,0.974025974025974,0.02857142857142857,0.2222222222222222,18,1.0,0.0,0.3220338983050847,0.1993711565343149,0.2869670735172094,0.5091974938580274,Random candidate from RC-SPE pooling family.,random_pool,1.2656227257395318
random_0329,risk_candidate,216,0.7361111111111112,0.421677088343755,0.9200707464860111,0.9757094757094757,0.974025974025974,0.14285714285714285,0.14814814814814814,19,1.0,0.0,0.37969998051821546,0.21737726680898095,0.3335524616271016,0.5970047663096052,Random candidate from RC-SPE pooling family.,random_pool,1.5496517262402612
random_0330,risk_candidate,216,0.7870370370370371,0.5715889049222382,0.9210578477036999,0.9822029822029822,0.974025974025974,0.0,0.7407407407407407,5,1.0,0.0,0.3050847457627119,0.15892829095483615,0.29420308916561533,0.5483984646791078,Random candidate from RC-SPE pooling family.,random_pool,1.279017744055681
random_0331,risk_candidate,216,0.8611111111111112,0.6934263267596602,0.9500224280307935,0.9956709956709957,0.9935064935064936,0.45714285714285713,0.6296296296296297,5,1.0,0.0,0.35671147477108905,0.04714044544472239,0.2011259605360219,0.36229591918636433,Random candidate from RC-SPE pooling family.,random_pool,0.582342922508633
random_0332,risk_candidate,216,0.875,0.7581850248516915,0.9583290692510676,0.9985569985569985,0.974025974025974,0.4857142857142857,0.8148148148148148,1,1.0,0.0,0.3333333333333333,0.05978287068087666,0.1705365036635126,0.3294293722415934,Random candidate from RC-SPE pooling family.,random_pool,0.7695810427754733
random_0333,risk_candidate,216,0.8055555555555556,0.6311527978194645,0.9181739008841197,0.9882154882154882,0.9675324675324676,0.0,0.9259259259259259,2,1.0,0.0,0.3410374935798664,0.21169118545551893,0.3378269278751148,0.6446657116214188,Random candidate from RC-SPE pooling family.,random_pool,1.7536152593811376
random_0334,risk_candidate,216,0.8055555555555556,0.6311527978194645,0.9025189995539243,0.9824434824434825,0.9675324675324676,0.0,0.9259259259259259,1,1.0,0.0,0.3050847457627119,0.26604841246810923,0.4022101489146146,0.7320713191827382,Random candidate from RC-SPE pooling family.,random_pool,2.0137169614218045
random_0335,risk_candidate,216,0.8240740740740741,0.6134199134199134,0.9523193931013888,0.9963924963924964,0.9545454545454546,0.8857142857142857,0.0,0,0.9741824440619621,0.025817555938037917,0.3611922852133255,0.24694861677555122,0.3205206049135946,0.5807274089894717,Random candidate from RC-SPE pooling family.,random_pool,1.4597471124740553
random_0336,risk_candidate,216,0.8981481481481481,0.8046977713644381,0.9578198998927903,0.9985569985569985,0.9675324675324676,0.7428571428571429,0.7037037037037037,0,1.0,0.0,0.3333333333333333,0.09684115661694064,0.16802038053740095,0.3392987755260811,Random candidate from RC-SPE pooling family.,random_pool,0.8124877264431
random_0337,risk_candidate,216,0.8055555555555556,0.6107904441237775,0.9374715816880789,0.9877344877344877,0.9805194805194806,0.0,0.8518518518518519,3,1.0,0.0,0.3050847457627119,0.15411091472064373,0.2670751539995262,0.5101857276253841,Random candidate from RC-SPE pooling family.,random_pool,1.2786193551325566
random_0338,risk_candidate,216,0.7407407407407407,0.40912297578964246,0.9389938075957162,0.9853294853294853,0.9935064935064936,0.08571428571428572,0.14814814814814814,20,1.0,0.0,0.3220338983050847,0.23477477811395253,0.328260137908053,0.6008356592586878,Random candidate from RC-SPE pooling family.,random_pool,2.1651019575647497
random_0339,risk_candidate,216,0.8333333333333334,0.6605739939073273,0.9535389907964942,0.9961519961519961,0.987012987012987,0.14285714285714285,0.8518518518518519,3,1.0,0.0,0.3276836158192091,0.07058674152546804,0.2260179154562845,0.3893745225181879,Random candidate from RC-SPE pooling family.,random_pool,0.5577027024500486
random_0340,risk_candidate,216,0.8611111111111112,0.6782106782106783,0.9504880595806489,0.9990379990379991,0.987012987012987,0.7142857142857143,0.3333333333333333,3,1.0,0.0,0.3333333333333333,0.044304076297831896,0.20171574619771704,0.3964418028786374,Random candidate from RC-SPE pooling family.,random_pool,0.7034051491464929
random_0341,risk_candidate,216,0.7407407407407407,0.458313291646625,0.9047462699258885,0.9721019721019721,0.9675324675324676,0.0,0.4074074074074074,14,1.0,0.0,0.3050847457627119,0.1665332762575445,0.38102375366508456,0.7270402548366308,Random candidate from RC-SPE pooling family.,random_pool,0.7013170221842744
random_0342,risk_candidate,216,0.8194444444444444,0.618999518999519,0.9542913322497517,0.9990379990379991,0.9935064935064936,0.08571428571428572,0.7777777777777778,5,1.0,0.0,0.3333333333333333,0.0695350801112746,0.2267134652716544,0.38703636015005494,Random candidate from RC-SPE pooling family.,random_pool,0.8131707530168792
random_0343,risk_candidate,216,0.8611111111111112,0.7018919352252686,0.9562621817437643,0.9985569985569985,0.9935064935064936,0.37142857142857144,0.7407407407407407,4,1.0,0.0,0.3333333333333333,0.04641495637209841,0.1934703455224836,0.34714487068072164,Random candidate from RC-SPE pooling family.,random_pool,0.6748092178595207
random_0344,risk_candidate,216,0.9027777777777778,0.8215808882475549,0.9482830076376483,0.9995189995189995,0.961038961038961,0.8,0.7037037037037037,0,0.9862306368330465,0.013769363166953541,0.37268653808688873,0.27917071488598305,0.2869043484154537,0.5439176422040659,Random candidate from RC-SPE pooling family.,random_pool,1.2494388150024203
random_0345,risk_candidate,216,0.8333333333333334,0.6391053391053391,0.9519404510374629,0.9985569985569985,0.9935064935064936,0.2571428571428571,0.6666666666666666,8,1.0,0.0,0.3333333333333333,0.06815102152311706,0.2043504052866068,0.36894985735756525,Random candidate from RC-SPE pooling family.,random_pool,0.8373243619324375
random_0346,risk_candidate,216,0.8981481481481481,0.8222382555715889,0.9442443661364388,0.9983164983164983,0.9545454545454546,0.7714285714285715,0.7407407407407407,0,1.0,0.0,0.3450224040522112,0.16961736611829592,0.19947843082902292,0.4021565094282241,Random candidate from RC-SPE pooling family.,random_pool,0.8970385025304994
random_0347,risk_candidate,216,0.7777777777777778,0.5163540163540165,0.9530071959234473,0.9975949975949976,0.9935064935064936,0.0,0.5555555555555556,12,1.0,0.0,0.3333333333333333,0.10386545577121495,0.2689615768755496,0.44258576891640744,Random candidate from RC-SPE pooling family.,random_pool,0.7347904631123503
random_0348,risk_candidate,216,0.8101851851851852,0.5925925925925926,0.9548571121995018,0.9990379990379991,1.0,0.0,0.7777777777777778,6,1.0,0.0,0.3333333333333333,0.10295885209507258,0.268068626606621,0.4669227732041843,Random candidate from RC-SPE pooling family.,random_pool,0.6342680932999923
random_0349,risk_candidate,216,0.7222222222222222,0.3801026134359467,0.9257291977018,0.9805194805194806,0.9805194805194806,0.08571428571428572,0.07407407407407407,21,1.0,0.0,0.3220338983050847,0.2537086718491158,0.3469948190547458,0.6217294683925432,Random candidate from RC-SPE pooling family.,random_pool,2.023993371876762
random_0350,risk_candidate,216,0.7407407407407407,0.40740740740740744,0.9427015128899215,0.9889369889369889,1.0,0.0,0.2222222222222222,20,1.0,0.0,0.3333333333333333,0.1674914589474926,0.3016817389496382,0.5217476933843677,Random candidate from RC-SPE pooling family.,random_pool,1.5295906093717648
random_0351,risk_candidate,216,0.7916666666666666,0.6348404681738015,0.8505773743546329,0.9735449735449735,0.9415584415584416,0.0,0.9629629629629629,1,0.3717728055077453,0.6282271944922547,0.3600410888546482,0.22487768146296494,0.4350869621012422,0.8324133551763111,Random candidate from RC-SPE pooling family.,random_pool,1.6749913797544278
random_0352,risk_candidate,216,0.7222222222222222,0.35802469135802467,0.9535769904811316,0.9968734968734969,1.0,0.0,0.07407407407407407,25,1.0,0.0,0.3333333333333333,0.2213191297516739,0.30249098833867377,0.5267863727903962,Random candidate from RC-SPE pooling family.,random_pool,1.7593724092469516
random_0353,risk_candidate,216,0.23148148148148148,0.5298059964726631,0.9199831163053758,1.0,0.0,0.8857142857142857,0.7037037037037037,0,0.0,1.0,0.3333333333333333,0.3353893862273606,0.6427868281649735,1.018220537165491,Random candidate from RC-SPE pooling family.,random_pool,1.7711708700603623
random_0354,risk_candidate,216,0.7638888888888888,0.48949815616482284,0.9312335765972911,0.9834054834054834,0.987012987012987,0.0,0.48148148148148145,14,1.0,0.0,0.3163841807909605,0.1765094227037488,0.3371463826705603,0.6635411075545151,Random candidate from RC-SPE pooling family.,random_pool,1.6658642490072126
random_0355,risk_candidate,216,0.9074074074074074,0.8441077441077441,0.9403904961888507,0.9959114959114959,0.9545454545454546,0.8,0.7777777777777778,0,0.9156626506024096,0.08433734939759041,0.3267095265926359,0.2460683413027041,0.2676342032615017,0.5136805893146212,Random candidate from RC-SPE pooling family.,random_pool,1.090643886788463
random_0356,risk_candidate,216,0.8935185185185185,0.8087862754529421,0.9565399796800419,0.9985569985569985,0.948051948051948,0.8857142857142857,0.5925925925925926,0,0.5077452667814114,0.4922547332185886,0.338788233002143,0.12875125222924516,0.20120227822271095,0.39929456757739956,Random candidate from RC-SPE pooling family.,random_pool,0.6276974509348896
random_0357,risk_candidate,216,0.7731481481481481,0.4718614718614718,0.9498756824612563,0.9915824915824916,0.987012987012987,0.42857142857142855,0.0,18,1.0,0.0,0.3333333333333333,0.21492703418456577,0.3119062194646177,0.5800084723834301,Random candidate from RC-SPE pooling family.,random_pool,1.8311772516104627
random_0358,risk_candidate,216,0.8472222222222222,0.6847202180535513,0.9501437597091856,0.9942279942279942,0.961038961038961,0.6857142857142857,0.4074074074074074,2,1.0,0.0,0.3450224040522112,0.08322059520140912,0.20716723414219992,0.39946352937842605,Random candidate from RC-SPE pooling family.,random_pool,0.7079501964678899
random_0359,risk_candidate,216,0.23148148148148148,0.5410934744268078,0.8851417475474938,0.9975949975949976,0.0,0.7714285714285715,0.8518518518518519,0,0.0,1.0,0.3333333333333333,0.31198156787663334,0.7681004909027918,1.268257077531203,Random candidate from RC-SPE pooling family.,random_pool,2.240152091391791
random_0360,risk_candidate,216,0.7361111111111112,0.4126022126022126,0.9348411361903378,0.9836459836459837,0.987012987012987,0.02857142857142857,0.2222222222222222,19,1.0,0.0,0.3276836158192091,0.16796421209798834,0.3433619237480719,0.5606767226343554,Random candidate from RC-SPE pooling family.,random_pool,0.9771533626749203
random_0361,risk_candidate,216,0.7407407407407407,0.3978354978354979,0.9373091815447109,0.987012987012987,0.9935064935064936,0.2,0.0,20,1.0,0.0,0.3391778686927723,0.1726100322012526,0.3217596794226949,0.6077551910469556,Random candidate from RC-SPE pooling family.,random_pool,1.0940586858349466
random_0362,risk_candidate,216,0.8657407407407407,0.811624178290845,0.9343720623762474,0.9978354978354979,0.9025974025974026,0.8285714285714286,0.7037037037037037,0,0.0017211703958691911,0.9982788296041308,0.3446327683615819,0.27337138459848087,0.37829307822729147,0.635276667323271,Random candidate from RC-SPE pooling family.,random_pool,1.0572661928357558
random_0363,risk_candidate,216,0.8009259259259259,0.5667949334616001,0.9547971972439123,0.9990379990379991,0.9935064935064936,0.11428571428571428,0.5925925925925926,10,1.0,0.0,0.3333333333333333,0.09643495153920312,0.2199882245750856,0.3884026119595941,Random candidate from RC-SPE pooling family.,random_pool,0.930500987572264
random_0364,risk_candidate,216,0.7407407407407407,0.5891774891774891,0.9528301699538314,0.9966329966329966,0.8246753246753247,0.9428571428571428,0.0,0,0.0034423407917383822,0.9965576592082617,0.3333333333333333,0.18846615086121055,0.4698947283945274,0.7401489932589078,Random candidate from RC-SPE pooling family.,random_pool,1.1129060787940386
random_0365,risk_candidate,216,0.8194444444444444,0.6112554112554113,0.9506754488552808,0.9959114959114959,0.948051948051948,0.8857142857142857,0.0,0,0.9965576592082617,0.0034423407917383297,0.3970387687512176,0.24267564619328758,0.33360114620341114,0.6028214590931145,Random candidate from RC-SPE pooling family.,random_pool,1.4245083350161112
random_0366,risk_candidate,216,0.7824074074074074,0.5186307519640853,0.9351055854904115,0.982924482924483,0.9675324675324676,0.5142857142857142,0.07407407407407407,17,1.0,0.0,0.37969998051821546,0.10469999602753434,0.28277105755317244,0.5304449712111282,Random candidate from RC-SPE pooling family.,random_pool,0.843080382537266
random_0367,risk_candidate,216,0.8657407407407407,0.7154561487894822,0.9532040708318127,0.9973544973544973,0.9675324675324676,0.7714285714285715,0.4074074074074074,2,1.0,0.0,0.3391778686927723,0.08947487000345064,0.20082381047470543,0.3961127240211191,Random candidate from RC-SPE pooling family.,random_pool,0.7962094420708694
random_0368,risk_candidate,216,0.8148148148148148,0.6343755010421677,0.9402085583609531,0.9935064935064936,0.974025974025974,0.11428571428571428,0.8148148148148148,3,1.0,0.0,0.3050847457627119,0.07421992841509094,0.21714458631702785,0.39033142850425157,Random candidate from RC-SPE pooling family.,random_pool,0.7354548773355991
random_0369,risk_candidate,216,0.7870370370370371,0.5308641975308642,0.9526541882892173,0.9992784992784993,1.0,0.0,0.5925925925925926,11,1.0,0.0,0.3333333333333333,0.11594986631460902,0.2811330739836635,0.500387927639274,Random candidate from RC-SPE pooling family.,random_pool,1.3001038541261118
random_0370,risk_candidate,216,0.8796296296296297,0.7705307038640372,0.9524117959172779,0.9978354978354979,0.974025974025974,0.4857142857142857,0.8518518518518519,0,1.0,0.0,0.3333333333333333,0.08663178442872269,0.17241443799522216,0.3434807688051422,Random candidate from RC-SPE pooling family.,random_pool,0.8628971636964864
random_0371,risk_candidate,216,0.8333333333333334,0.6233926567259901,0.9515467130210876,0.9978354978354979,0.9675324675324676,0.8285714285714286,0.07407407407407407,4,1.0,0.0,0.3333333333333333,0.13993990801593925,0.23473631503302603,0.45973518707210015,Random candidate from RC-SPE pooling family.,random_pool,0.9689644752087869
random_0372,risk_candidate,216,0.8981481481481481,0.8137726471059805,0.954330346712044,0.9978354978354979,0.9545454545454546,0.8571428571428571,0.6296296296296297,0,0.9380378657487092,0.061962134251290824,0.36684200272744977,0.13601035540731482,0.19397105528455375,0.3897151443418205,Random candidate from RC-SPE pooling family.,random_pool,0.6784426414965306
random_0373,risk_candidate,216,0.7222222222222222,0.3931056597723264,0.870264138067021,0.9656084656084656,0.974025974025974,0.05714285714285714,0.14814814814814814,18,1.0,0.0,0.3440483148256381,0.18418605233859206,0.3813909606689531,0.685686077381392,Random candidate from RC-SPE pooling family.,random_pool,1.47548433964138
random_0374,risk_candidate,216,0.8287037037037037,0.6471220137886805,0.9410578423273944,0.9908609908609909,0.9805194805194806,0.2571428571428571,0.7037037037037037,5,1.0,0.0,0.3220338983050847,0.2024552536849141,0.2894226194261232,0.5520980752547879,Random candidate from RC-SPE pooling family.,random_pool,1.781882170643571
random_0375,risk_candidate,216,0.8009259259259259,0.563973063973064,0.9526073823644072,0.9973544973544973,0.9935064935064936,0.14285714285714285,0.5555555555555556,10,1.0,0.0,0.3220338983050847,0.2291767035526177,0.29859630041142776,0.5677357881607507,Random candidate from RC-SPE pooling family.,random_pool,1.9037316349811864
random_0376,risk_candidate,216,0.8564814814814815,0.6794773128106462,0.9535770935093474,0.9973544973544973,0.9675324675324676,0.8857142857142857,0.18518518518518517,0,0.9982788296041308,0.0017211703958691649,0.3855445158776544,0.11928750317507034,0.23267978145317347,0.45468978974517177,Random candidate from RC-SPE pooling family.,random_pool,0.9440062274783252
random_0377,risk_candidate,216,0.8194444444444444,0.6320025653358986,0.9517771989930955,0.9961519961519961,0.987012987012987,0.05714285714285714,0.8518518518518519,3,1.0,0.0,0.3276836158192091,0.0890072239187459,0.2461675106679911,0.42954445247748585,Random candidate from RC-SPE pooling family.,random_pool,0.5946529366547565
random_0378,risk_candidate,216,0.7175925925925926,0.345679012345679,0.9545384086749044,0.9975949975949976,1.0,0.0,0.037037037037037035,26,1.0,0.0,0.3333333333333333,0.1941152810356547,0.31198823761929473,0.5200679165288022,Random candidate from RC-SPE pooling family.,random_pool,1.5694490952920932
random_0379,risk_candidate,216,0.7268518518518519,0.4026294692961359,0.9241232794397763,0.9778739778739779,0.974025974025974,0.08571428571428572,0.14814814814814814,20,1.0,0.0,0.3682057276446522,0.18092280447991008,0.34277032542932034,0.5968925522749314,Random candidate from RC-SPE pooling family.,random_pool,1.086691598395307
random_0380,risk_candidate,216,0.16203703703703703,0.3333333333333333,0.9432768815016209,1.0,0.0,1.0,0.0,0,0.0,1.0,0.3333333333333333,0.5060336842981603,0.754019981499746,1.0348996928392096,Random candidate from RC-SPE pooling family.,random_pool,1.4055824055238395
random_0381,risk_candidate,216,0.8703703703703703,0.7384800384800384,0.9506073276255744,0.9947089947089947,0.9805194805194806,0.45714285714285713,0.7777777777777778,2,1.0,0.0,0.3452172218975258,0.06622377883029933,0.19917404296315547,0.37005548343028816,Random candidate from RC-SPE pooling family.,random_pool,0.747909086715268
random_0382,risk_candidate,216,0.8981481481481481,0.7934102934102935,0.9540135388642841,0.9990379990379991,0.9675324675324676,0.8571428571428571,0.5555555555555556,0,0.9982788296041308,0.0017211703958691649,0.3450224040522112,0.060590339246172666,0.1535836479920426,0.3146305244838785,Random candidate from RC-SPE pooling family.,random_pool,0.5664875469603213
random_0383,risk_candidate,216,0.8888888888888888,0.7726471059804393,0.9540852571915893,0.9990379990379991,0.974025974025974,0.7142857142857143,0.6296296296296297,1,1.0,0.0,0.3333333333333333,0.0859148216950144,0.1740045190096178,0.3446330836201292,Random candidate from RC-SPE pooling family.,random_pool,0.8279998676994752
random_0384,risk_candidate,216,0.49537037037037035,0.5587301587301586,0.9435240110548312,1.0,0.42857142857142855,0.9142857142857143,0.3333333333333333,0,0.0,1.0,0.3333333333333333,0.06476063032048227,0.5066095382452553,0.8005437299693869,Random candidate from RC-SPE pooling family.,random_pool,1.9661978912920943
random_0385,risk_candidate,216,0.7361111111111112,0.3922398589065255,0.9310319178353968,0.9858104858104858,1.0,0.02857142857142857,0.14814814814814814,20,1.0,0.0,0.3333333333333333,0.20128396244345226,0.4217157964311098,0.7427022352897829,Random candidate from RC-SPE pooling family.,random_pool,0.7065802873293585
random_0386,risk_candidate,216,0.7407407407407407,0.4045855379188712,0.9303022064477187,0.9855699855699855,1.0,0.02857142857142857,0.18518518518518517,20,1.0,0.0,0.3333333333333333,0.2071000162421533,0.41514655102231035,0.7475391180527903,Random candidate from RC-SPE pooling family.,random_pool,0.5991479561201171
random_0387,risk_candidate,216,0.8703703703703703,0.7237614237614238,0.9535304818406134,0.9992784992784993,0.9935064935064936,0.4,0.7777777777777778,4,1.0,0.0,0.3333333333333333,0.05551006563016046,0.18334248337902034,0.33146714693924056,Random candidate from RC-SPE pooling family.,random_pool,0.6649206456638226
random_0388,risk_candidate,216,0.7361111111111112,0.41431778098444766,0.9324964316968559,0.9824434824434825,0.9805194805194806,0.11428571428571428,0.14814814814814814,19,1.0,0.0,0.3163841807909605,0.16008085744091524,0.3102910182094822,0.5317138356792747,Random candidate from RC-SPE pooling family.,random_pool,0.7620327491297888
random_0389,risk_candidate,216,0.8425925925925926,0.6457591790925125,0.9503033070769286,0.9956709956709957,0.987012987012987,0.5428571428571428,0.4074074074074074,7,1.0,0.0,0.3448275862068966,0.051609293019388866,0.21196471035044104,0.3905715584048817,Random candidate from RC-SPE pooling family.,random_pool,0.6301750807675495
random_0390,risk_candidate,216,0.7916666666666666,0.54320987654321,0.951894929023079,0.9971139971139971,1.0,0.0,0.6296296296296297,10,1.0,0.0,0.3333333333333333,0.14822312380300048,0.29965402025262977,0.5709006326614607,Random candidate from RC-SPE pooling family.,random_pool,2.0721462169043243
random_0391,risk_candidate,216,0.9027777777777778,0.8391213724547057,0.9365214686052722,0.9980759980759981,0.948051948051948,0.8285714285714286,0.7407407407407407,0,0.6523235800344234,0.34767641996557663,0.3444379505162673,0.3661447549344066,0.38472471517774065,0.6802254621903411,Random candidate from RC-SPE pooling family.,random_pool,1.673449843856553
random_0392,risk_candidate,216,0.7962962962962963,0.5555555555555555,0.9531111429265628,0.9978354978354979,1.0,0.0,0.6666666666666666,9,1.0,0.0,0.3333333333333333,0.09330089791889695,0.28822815157248577,0.49430816140220585,Random candidate from RC-SPE pooling family.,random_pool,0.8747668902366155
random_0393,risk_candidate,216,0.8333333333333334,0.6532146865480198,0.9539863232228978,0.9987974987974988,0.9935064935064936,0.11428571428571428,0.8518518518518519,3,1.0,0.0,0.3333333333333333,0.07159255933813236,0.2095786373155963,0.37129407974954537,Random candidate from RC-SPE pooling family.,random_pool,0.6491847842483781
random_0394,risk_candidate,216,0.8842592592592593,0.8406445406445407,0.9373757556578558,0.9987974987974988,0.9155844155844156,0.8285714285714286,0.7777777777777778,0,1.0,0.0,0.3970387687512176,0.3648767002406317,0.4119252411954743,0.715487222795202,Random candidate from RC-SPE pooling family.,random_pool,1.6906435442679906
random_0395,risk_candidate,216,0.8379629629629629,0.6785634118967452,0.9421652295955637,0.9983164983164983,0.987012987012987,0.08571428571428572,0.9629629629629629,1,1.0,0.0,0.3405238828967643,0.2263660574591494,0.30085911894936596,0.588288768375747,Random candidate from RC-SPE pooling family.,random_pool,1.7853221106069472
random_0396,risk_candidate,216,0.16203703703703703,0.3333333333333333,0.939098112260727,1.0,0.0,1.0,0.0,0,0.0,1.0,0.3333333333333333,0.5974280548033737,0.9907071015665648,1.3551032111008523,Random candidate from RC-SPE pooling family.,random_pool,1.7584741273928977
random_0397,risk_candidate,216,0.7592592592592593,0.47715247715247716,0.938332995308711,0.9862914862914863,0.987012987012987,0.0,0.4444444444444444,14,1.0,0.0,0.3276836158192091,0.14218550810987673,0.3122721091993826,0.5441215677555812,Random candidate from RC-SPE pooling family.,random_pool,1.1499855066443696
random_0398,risk_candidate,216,0.7175925925925926,0.3762225428892096,0.9247997390510664,0.9747474747474747,0.9805194805194806,0.0,0.14814814814814814,20,1.0,0.0,0.3050847457627119,0.2028908295154889,0.37585731655359056,0.6259909534360388,Random candidate from RC-SPE pooling family.,random_pool,1.0467203414691688
random_0399,risk_candidate,216,0.7129629629629629,0.3333333333333333,0.9527601076979392,0.9992784992784993,1.0,0.0,0.0,27,1.0,0.0,0.3333333333333333,0.2103271459229833,0.322597349160994,0.5202707001504553,Random candidate from RC-SPE pooling family.,random_pool,1.4288382427619621
random_0400,risk_candidate,216,0.9120370370370371,0.8519159852493186,0.9402613086486914,0.9995189995189995,0.961038961038961,0.7428571428571429,0.8518518518518519,0,1.0,0.0,0.3391778686927723,0.1464798586845976,0.17940576302726138,0.3721233198280988,Random candidate from RC-SPE pooling family.,random_pool,0.7950252798837926
random_0401,risk_candidate,216,0.7361111111111112,0.4024210357543691,0.947922102813949,0.9932659932659933,0.9935064935064936,0.02857142857142857,0.18518518518518517,21,1.0,0.0,0.3333333333333333,0.14837302439712577,0.30668325624290155,0.5106791636907562,Random candidate from RC-SPE pooling family.,random_pool,0.682603748541191
random_0402,risk_candidate,216,0.8796296296296297,0.7484527817861152,0.9482219866765437,0.9997594997594997,0.9935064935064936,0.4,0.8518518518518519,0,1.0,0.0,0.3333333333333333,0.08262927025657364,0.171874980898988,0.3424585287793902,Random candidate from RC-SPE pooling family.,random_pool,0.8656116031112433
random_0403,risk_candidate,216,0.8657407407407407,0.8025493025493026,0.9254908218427847,0.9980759980759981,0.9155844155844156,0.7142857142857143,0.7777777777777778,0,0.0,1.0,0.3333333333333333,0.29979049855382295,0.3922199850423206,0.6758100742096337,Random candidate from RC-SPE pooling family.,random_pool,1.1673726999208254
random_0404,risk_candidate,216,0.8981481481481481,0.8426006092672759,0.9319065040923119,0.9978354978354979,0.9415584415584416,0.7714285714285715,0.8148148148148148,0,0.15834767641996558,0.8416523235800344,0.3389830508474576,0.3404730254952407,0.3778374880519366,0.6704491029181495,Random candidate from RC-SPE pooling family.,random_pool,1.2473972797734956
random_0405,risk_candidate,216,0.7407407407407407,0.4045855379188712,0.9508475774657063,0.9980759980759981,1.0,0.02857142857142857,0.18518518518518517,21,1.0,0.0,0.3333333333333333,0.1499881814767625,0.30739637524160085,0.49935558120508616,Random candidate from RC-SPE pooling family.,random_pool,0.7785478410664342
random_0406,risk_candidate,216,0.8287037037037037,0.6303030303030303,0.9556381810096406,0.9990379990379991,0.948051948051948,0.9428571428571428,0.0,0,0.0017211703958691911,0.9982788296041308,0.3446327683615819,0.26963315651355163,0.37283801680723877,0.6339823880583717,Random candidate from RC-SPE pooling family.,random_pool,1.44115059601265
random_0407,risk_candidate,216,0.37037037037037035,0.43637966971300307,0.9492079496626342,0.9995189995189995,0.2922077922077922,0.9428571428571428,0.07407407407407407,0,0.0,1.0,0.3333333333333333,0.21330677027126155,0.5409246833345353,0.7988047017685447,Random candidate from RC-SPE pooling family.,random_pool,1.2043386973179595
random_0408,risk_candidate,216,0.7546296296296297,0.47670354337021,0.9329592480417249,0.9807599807599807,0.974025974025974,0.08571428571428572,0.37037037037037035,14,1.0,0.0,0.3280732515098383,0.21395367057522896,0.3007089977143379,0.555732280456141,Random candidate from RC-SPE pooling family.,random_pool,1.3703442065895124
random_0409,risk_candidate,216,0.7083333333333334,0.33116883116883117,0.9530755213575116,0.9963924963924964,0.9935064935064936,0.0,0.0,27,1.0,0.0,0.3333333333333333,0.24309841088253623,0.30798499592309597,0.5416506602383541,Random candidate from RC-SPE pooling family.,random_pool,1.8978354892030362
random_0410,risk_candidate,216,0.875,0.7943722943722943,0.9298003670681018,0.9997594997594997,0.9545454545454546,0.42857142857142855,1.0,0,1.0,0.0,0.3405238828967643,0.3422088193635212,0.38968560440355804,0.7063831383746676,Random candidate from RC-SPE pooling family.,random_pool,1.865492291900497
random_0411,risk_candidate,216,0.8333333333333334,0.6329645662978997,0.9489345620959888,0.9959114959114959,0.974025974025974,0.6285714285714286,0.2962962962962963,3,1.0,0.0,0.3278784336645237,0.2700174530655927,0.3598038903587043,0.6478687446519521,Random candidate from RC-SPE pooling family.,random_pool,2.2340559823062205
random_0412,risk_candidate,216,0.7731481481481481,0.49836459836459834,0.9526071663596939,0.9987974987974988,0.9935064935064936,0.05714285714285714,0.4444444444444444,14,1.0,0.0,0.3333333333333333,0.09633156402347856,0.24545725383429387,0.41605458059712475,Random candidate from RC-SPE pooling family.,random_pool,0.6782588807748126
random_0413,risk_candidate,216,0.7916666666666666,0.5449254449254449,0.9535445793496008,0.9983164983164983,0.9935064935064936,0.08571428571428572,0.5555555555555556,11,1.0,0.0,0.3333333333333333,0.12530294108608317,0.2342746400930311,0.41626313969739165,Random candidate from RC-SPE pooling family.,random_pool,1.1120764394329918
random_0414,risk_candidate,216,0.7962962962962963,0.5409491742825075,0.9411089673939763,0.987974987974988,0.9805194805194806,0.45714285714285713,0.18518518518518517,16,1.0,0.0,0.35651665692577444,0.08396992325060414,0.2679021005717904,0.4770259868370173,Random candidate from RC-SPE pooling family.,random_pool,0.7163182181437231
random_0415,risk_candidate,216,0.8148148148148148,0.6094757094757095,0.9529123795909057,0.9963924963924964,0.9935064935064936,0.05714285714285714,0.7777777777777778,5,1.0,0.0,0.3276836158192091,0.06690131710149597,0.24632440658235957,0.4165133526672277,Random candidate from RC-SPE pooling family.,random_pool,0.6413659514817504
random_0416,risk_candidate,216,0.7870370370370371,0.5687670354337021,0.9327117232559804,0.9838864838864839,0.974025974025974,0.02857142857142857,0.7037037037037037,6,1.0,0.0,0.3050847457627119,0.15131392559358076,0.2667631208221204,0.4911683239756961,Random candidate from RC-SPE pooling family.,random_pool,1.1150077878978026
random_0417,risk_candidate,216,0.2361111111111111,0.5477954144620811,0.8922648996312721,0.9980759980759981,0.0,0.8285714285714286,0.8148148148148148,0,0.0,1.0,0.3333333333333333,0.36712391913498577,0.8325894592213156,1.3797111914006026,Random candidate from RC-SPE pooling family.,random_pool,1.9958553327631543
random_0418,risk_candidate,216,0.7592592592592593,0.46414943081609755,0.9418520129187667,0.9908609908609909,0.9935064935064936,0.02857142857142857,0.37037037037037035,16,1.0,0.0,0.3333333333333333,0.15319587689984204,0.33952323492948155,0.5713628577330103,Random candidate from RC-SPE pooling family.,random_pool,0.6760698613355809
random_0419,risk_candidate,216,0.7777777777777778,0.5152477152477152,0.9480576830776285,0.9906204906204906,0.987012987012987,0.11428571428571428,0.4444444444444444,13,1.0,0.0,0.3333333333333333,0.11262677803668349,0.2529260203709876,0.4222791073810716,Random candidate from RC-SPE pooling family.,random_pool,0.7543723799529956
random_0420,risk_candidate,216,0.8009259259259259,0.5725509058842392,0.9320245322003333,0.9790764790764791,0.961038961038961,0.5714285714285714,0.18518518518518517,9,0.9913941480206541,0.008605851979345935,0.3670368205727645,0.17518050582340722,0.30336491148122174,0.5578827266888978,Random candidate from RC-SPE pooling family.,random_pool,1.1068010755391986
random_0421,risk_candidate,216,0.7777777777777778,0.510710277376944,0.9490915107926226,0.9949494949494949,0.9935064935064936,0.05714285714285714,0.48148148148148145,13,1.0,0.0,0.3333333333333333,0.12348343279951869,0.2897049789390091,0.4824616165996185,Random candidate from RC-SPE pooling family.,random_pool,0.5728563826718678
random_0422,risk_candidate,216,0.9166666666666666,0.8456148789482123,0.9456048975937158,1.0,0.9675324675324676,0.8285714285714286,0.7407407407407407,0,1.0,0.0,0.3333333333333333,0.30712336424483294,0.2903732006292675,0.5531798223643934,Random candidate from RC-SPE pooling family.,random_pool,1.4854427257477227
random_0423,risk_candidate,216,0.8148148148148148,0.6224787558120891,0.9534665622253714,0.9978354978354979,0.987012987012987,0.02857142857142857,0.8518518518518519,3,1.0,0.0,0.3333333333333333,0.08700940538597016,0.23106369003778973,0.40495012004070285,Random candidate from RC-SPE pooling family.,random_pool,0.7661481336992039
random_0424,risk_candidate,216,0.8194444444444444,0.6172839506172839,0.9446361894260752,0.9997594997594997,1.0,0.0,0.8518518518518519,4,1.0,0.0,0.3333333333333333,0.0966193839367154,0.231420100379268,0.43496362032717595,Random candidate from RC-SPE pooling family.,random_pool,0.7715433969153682
random_0425,risk_candidate,216,0.8888888888888888,0.8190155523488857,0.9287008080393427,1.0,0.948051948051948,0.6571428571428571,0.8518518518518519,0,1.0,0.0,0.3970387687512176,0.3933675575789711,0.4371003359059838,0.7670980489969397,Random candidate from RC-SPE pooling family.,random_pool,1.66579826471675
random_0426,risk_candidate,216,0.7638888888888888,0.4935385602052269,0.9081743460062283,0.9718614718614719,0.961038961038961,0.37142857142857144,0.14814814814814814,13,0.9793459552495697,0.02065404475043031,0.3613871030586402,0.18500900888997504,0.35908567831837507,0.6477745039444639,Random candidate from RC-SPE pooling family.,random_pool,1.4099182445222531
random_0427,risk_candidate,216,0.8333333333333334,0.6503928170594837,0.9527303097366091,0.9983164983164983,0.9935064935064936,0.14285714285714285,0.8148148148148148,4,1.0,0.0,0.3333333333333333,0.08420362774640958,0.2095637560258749,0.3780803012290565,Random candidate from RC-SPE pooling family.,random_pool,0.9367140661823647
random_0428,risk_candidate,216,0.8472222222222222,0.6817861151194485,0.9529285860827078,0.9983164983164983,0.9935064935064936,0.2,0.8518518518518519,3,1.0,0.0,0.3333333333333333,0.07447769179642863,0.20155667591251833,0.36599604468186875,Random candidate from RC-SPE pooling family.,random_pool,0.8153989897834382
random_0429,risk_candidate,216,0.8796296296296297,0.7553150553150555,0.9542147066149741,0.9987974987974988,0.9675324675324676,0.7428571428571429,0.5555555555555556,2,1.0,0.0,0.3333333333333333,0.06739608330292646,0.17797435288730287,0.3529839205080461,Random candidate from RC-SPE pooling family.,random_pool,0.7385265666945822
random_0430,risk_candidate,216,0.16203703703703703,0.3333333333333333,0.9455946485881072,0.9997594997594997,0.0,1.0,0.0,0,0.0,1.0,0.3333333333333333,0.43767868146424344,0.6826251930880438,0.9903982247941471,Random candidate from RC-SPE pooling family.,random_pool,2.227453033062226
random_0431,risk_candidate,216,0.7824074074074074,0.48354978354978356,0.9515756255324256,0.9987974987974988,0.9935064935064936,0.45714285714285713,0.0,16,1.0,0.0,0.3333333333333333,0.23864007177836916,0.3326430925489717,0.6081321801038799,Random candidate from RC-SPE pooling family.,random_pool,2.0998013666033994
random_0432,risk_candidate,216,0.8472222222222222,0.7004329004329004,0.9342980000115125,1.0,0.987012987012987,0.11428571428571428,1.0,0,1.0,0.0,0.3333333333333333,0.13202490620927926,0.2472944854451288,0.48838111451783994,Random candidate from RC-SPE pooling family.,random_pool,0.9860272541866575
random_0433,risk_candidate,216,0.8425925925925926,0.6909090909090909,0.9284817323760889,0.9983164983164983,0.987012987012987,0.08571428571428572,1.0,0,1.0,0.0,0.3276836158192091,0.1371160776853066,0.24652645404707063,0.4951123997833846,Random candidate from RC-SPE pooling family.,random_pool,1.035009241691011
random_0434,risk_candidate,216,0.8564814814814815,0.6969055635722302,0.9540153433132613,0.9975949975949976,0.987012987012987,0.4,0.7037037037037037,5,1.0,0.0,0.3333333333333333,0.04363737190669854,0.1969080643482292,0.35368711893013177,Random candidate from RC-SPE pooling family.,random_pool,0.6534485488734886
random_0435,risk_candidate,216,0.8796296296296297,0.7897867564534232,0.9507815770191702,0.9956709956709957,0.9545454545454546,0.6,0.8148148148148148,0,1.0,0.0,0.3450224040522112,0.0768326939610385,0.1743788860910436,0.3390386995336246,Random candidate from RC-SPE pooling family.,random_pool,0.6871970255395605
random_0436,risk_candidate,216,0.7453703703703703,0.4197530864197531,0.9449542589064603,0.993025493025493,1.0,0.0,0.25925925925925924,20,1.0,0.0,0.3333333333333333,0.17291359449152374,0.3313080858051375,0.6203135624676603,Random candidate from RC-SPE pooling family.,random_pool,1.3658964464310939
random_0437,risk_candidate,216,0.7129629629629629,0.3333333333333333,0.9485814178845503,0.9983164983164983,1.0,0.0,0.0,27,1.0,0.0,0.3333333333333333,0.21539783432680745,0.3396278553324699,0.5525826827304967,Random candidate from RC-SPE pooling family.,random_pool,1.3400312951405624
random_0438,risk_candidate,216,0.8425925925925926,0.6988776655443322,0.9450530852961263,0.9918229918229918,0.9675324675324676,0.3142857142857143,0.8148148148148148,2,1.0,0.0,0.3050847457627119,0.0717398130404199,0.20036926625833898,0.3733025270185623,Random candidate from RC-SPE pooling family.,random_pool,0.6301629693310941
random_0439,risk_candidate,216,0.2361111111111111,0.5365079365079365,0.9090609653449183,0.9980759980759981,0.0,0.9428571428571428,0.6666666666666666,0,0.0,1.0,0.3333333333333333,0.3924143716871553,0.8196935079414075,1.2630557769047062,Random candidate from RC-SPE pooling family.,random_pool,1.6101484867856126
random_0440,risk_candidate,216,0.7685185185185185,0.5109187109187109,0.9349146517170747,0.9836459836459837,0.974025974025974,0.11428571428571428,0.4444444444444444,12,1.0,0.0,0.32222871615039933,0.12153737809221592,0.25812342551444123,0.4486456838316676,Random candidate from RC-SPE pooling family.,random_pool,0.8153349851496207
random_0441,risk_candidate,216,0.8194444444444444,0.625974025974026,0.9549716671930314,0.9987974987974988,0.935064935064935,0.9428571428571428,0.0,0,0.0,1.0,0.3389830508474576,0.23229380990263046,0.4448501947639196,0.7179886023040523,Random candidate from RC-SPE pooling family.,random_pool,1.2927875482497095
random_0442,risk_candidate,216,0.7962962962962963,0.5629148629148629,0.9543908616336892,0.9983164983164983,0.9935064935064936,0.02857142857142857,0.6666666666666666,8,1.0,0.0,0.3333333333333333,0.08878090634980013,0.25911157752478997,0.43239553702640865,Random candidate from RC-SPE pooling family.,random_pool,0.7843340147494977
random_0443,risk_candidate,216,0.8935185185185185,0.8228956228956229,0.9354611327939732,0.9956709956709957,0.948051948051948,0.7428571428571429,0.7777777777777778,0,0.9982788296041308,0.0017211703958691649,0.3383985973115137,0.3370365970252024,0.34592225498513024,0.6358574327196465,Random candidate from RC-SPE pooling family.,random_pool,1.6199075522114996
random_0444,risk_candidate,216,0.8796296296296297,0.792111592111592,0.9438534119456294,0.9990379990379991,0.935064935064935,0.8857142857142857,0.5555555555555556,0,0.0,1.0,0.3333333333333333,0.36971191972795914,0.4420197906524312,0.7416935424242276,Random candidate from RC-SPE pooling family.,random_pool,1.888950234197894
random_0445,risk_candidate,216,0.8657407407407407,0.8088023088023087,0.9406456450096478,1.0,0.9025974025974026,0.8571428571428571,0.6666666666666666,0,0.0,1.0,0.3333333333333333,0.27064616632291294,0.37090519250604276,0.6175638600301911,Random candidate from RC-SPE pooling family.,random_pool,1.083771068722962
random_0446,risk_candidate,216,0.8194444444444444,0.6274651274651274,0.9550390690773009,0.9995189995189995,0.9935064935064936,0.0,0.8888888888888888,3,1.0,0.0,0.3333333333333333,0.09829108674427965,0.22569515588281183,0.4366252847064503,Random candidate from RC-SPE pooling family.,random_pool,0.6918454920522524
random_0447,risk_candidate,216,0.7777777777777778,0.5412538079204746,0.9392770910568843,0.9872534872534873,0.974025974025974,0.05714285714285714,0.5925925925925926,9,1.0,0.0,0.3163841807909605,0.09765846082471971,0.25928204957346157,0.4323012521149556,Random candidate from RC-SPE pooling family.,random_pool,0.663056572553505
random_0448,risk_candidate,216,0.7824074074074074,0.512987012987013,0.9455659520814826,0.9903799903799904,0.9675324675324676,0.5714285714285714,0.0,10,1.0,0.0,0.3682057276446522,0.1769065140899648,0.3053857436560182,0.5848853869857075,Random candidate from RC-SPE pooling family.,random_pool,1.3275195777328577
random_0449,risk_candidate,216,0.8287037037037037,0.6082251082251082,0.951917043100917,0.9983164983164983,0.9675324675324676,0.8571428571428571,0.0,5,1.0,0.0,0.3333333333333333,0.15514839403234376,0.25047827428066705,0.49504880982423266,Random candidate from RC-SPE pooling family.,random_pool,1.0964533674661219
random_0450,risk_candidate,216,0.7824074074074074,0.48354978354978356,0.9543761569091004,0.9978354978354979,0.9935064935064936,0.45714285714285713,0.0,21,1.0,0.0,0.3333333333333333,0.20266233236310646,0.2987978174636011,0.55721064105516,Random candidate from RC-SPE pooling family.,random_pool,1.8802194316490295
random_0451,risk_candidate,216,0.8194444444444444,0.6275773609106943,0.9322156366290354,0.9853294853294853,0.961038961038961,0.5142857142857142,0.4074074074074074,7,1.0,0.0,0.33255406195207476,0.2129010632936526,0.3283059610655355,0.6030485642050862,Random candidate from RC-SPE pooling family.,random_pool,1.8539812641278288
random_0452,risk_candidate,216,0.8194444444444444,0.6246432579765914,0.9562529842927034,0.9983164983164983,0.9935064935064936,0.02857142857142857,0.8518518518518519,4,1.0,0.0,0.3333333333333333,0.08646093518060659,0.23545852303314485,0.4258749779410029,Random candidate from RC-SPE pooling family.,random_pool,0.8943942597515155
random_0453,risk_candidate,216,0.9259259259259259,0.8731281064614397,0.9434904939177851,1.0,0.9675324675324676,0.8,0.8518518518518519,0,1.0,0.0,0.3333333333333333,0.09489838834509037,0.1516708462196991,0.3113808271733094,Random candidate from RC-SPE pooling family.,random_pool,0.6287700777719263
random_0454,risk_candidate,216,0.7453703703703703,0.4706589706589706,0.9075292872996238,0.9730639730639731,0.9675324675324676,0.0,0.4444444444444444,13,1.0,0.0,0.3050847457627119,0.1494474360310149,0.36580074120086564,0.6805796112302035,Random candidate from RC-SPE pooling family.,random_pool,0.7154252436228558
random_0455,risk_candidate,216,0.5879629629629629,0.5658329324995991,0.9356322407001079,0.9911014911014911,0.577922077922078,0.9714285714285714,0.14814814814814814,0,0.027538726333907058,0.9724612736660929,0.3389830508474576,0.07945634768531187,0.5109297834047561,0.805099880623459,Random candidate from RC-SPE pooling family.,random_pool,1.6882135327009722
random_0456,risk_candidate,216,0.7638888888888888,0.48667628667628665,0.9377597770075289,0.9867724867724867,0.987012987012987,0.02857142857142857,0.4444444444444444,14,1.0,0.0,0.3276836158192091,0.16106721176466943,0.3558957770918354,0.6369591828013739,Random candidate from RC-SPE pooling family.,random_pool,0.6207257447586565
random_0457,risk_candidate,216,0.7592592592592593,0.4613275613275613,0.9549391484824751,0.9990379990379991,0.9935064935064936,0.05714285714285714,0.3333333333333333,18,1.0,0.0,0.3333333333333333,0.14040730310015498,0.24873155185030513,0.43420934018567375,Random candidate from RC-SPE pooling family.,random_pool,1.1019136986119518
random_0458,risk_candidate,216,0.8611111111111112,0.7278980278980279,0.9425534675879567,0.9985569985569985,0.9805194805194806,0.3142857142857143,0.8888888888888888,1,1.0,0.0,0.3276836158192091,0.10779234123623609,0.1959354073012999,0.3968419119521987,Random candidate from RC-SPE pooling family.,random_pool,0.9803461673764732
random_0459,risk_candidate,216,0.7685185185185185,0.48148148148148145,0.9554142007376504,0.9980759980759981,1.0,0.0,0.4444444444444444,15,1.0,0.0,0.3333333333333333,0.13661596651477143,0.2709404289957159,0.4671237126505154,Random candidate from RC-SPE pooling family.,random_pool,1.2534697275576587
random_0460,risk_candidate,216,0.9027777777777778,0.822687189353856,0.954051447321061,0.9983164983164983,0.9675324675324676,0.6857142857142857,0.8148148148148148,0,1.0,0.0,0.3450224040522112,0.05481456532099592,0.1530458092425716,0.29989797291130044,Random candidate from RC-SPE pooling family.,random_pool,0.6331089251931674
random_0461,risk_candidate,216,0.9027777777777778,0.8159371492704826,0.9536806275529375,0.9990379990379991,0.961038961038961,0.8571428571428571,0.6296296296296297,0,0.7693631669535284,0.23063683304647165,0.3444379505162673,0.11701255293207348,0.18836832485203434,0.3789673090642489,Random candidate from RC-SPE pooling family.,random_pool,0.6902141864733147
random_0462,risk_candidate,216,0.8518518518518519,0.7644059644059644,0.9357802229786493,0.9980759980759981,0.9090909090909091,0.8285714285714286,0.5555555555555556,0,0.0,1.0,0.3333333333333333,0.2682225596930155,0.39050226925957354,0.646814707219531,Random candidate from RC-SPE pooling family.,random_pool,0.9392978426663038
random_0463,risk_candidate,216,0.8194444444444444,0.6246432579765914,0.9519930687696386,0.9980759980759981,0.9935064935064936,0.02857142857142857,0.8518518518518519,3,1.0,0.0,0.3333333333333333,0.08443922100196913,0.23041849929875277,0.39887078330443054,Random candidate from RC-SPE pooling family.,random_pool,0.7596080183283764
random_0464,risk_candidate,216,0.7083333333333334,0.574025974025974,0.9371970059896774,0.9872534872534873,0.7792207792207793,0.9428571428571428,0.0,0,0.0981067125645439,0.9018932874354562,0.3446327683615819,0.1723187786258273,0.5165887414571381,0.8202013187742112,Random candidate from RC-SPE pooling family.,random_pool,2.1113901612272437
random_0465,risk_candidate,216,0.8564814814814815,0.7008337341670675,0.9557180965094432,0.9990379990379991,0.9935064935064936,0.2571428571428571,0.8518518518518519,1,1.0,0.0,0.3333333333333333,0.09496051396636998,0.18174130820254142,0.35329382714696284,Random candidate from RC-SPE pooling family.,random_pool,0.8687653390182846
random_0466,risk_candidate,216,0.7268518518518519,0.3703703703703704,0.9095273288343119,0.9721019721019721,1.0,0.0,0.1111111111111111,21,1.0,0.0,0.3333333333333333,0.19979097392690162,0.45066867659737336,0.8231269704545786,Random candidate from RC-SPE pooling family.,random_pool,1.0224732322920305
random_0467,risk_candidate,216,0.9120370370370371,0.8332691999358666,0.9531459485248449,0.9990379990379991,0.9675324675324676,0.8285714285714286,0.7037037037037037,0,0.9965576592082617,0.0034423407917383297,0.34385349698032336,0.14633954741721722,0.18393235873106184,0.3749412648727507,Random candidate from RC-SPE pooling family.,random_pool,0.74798671067977
random_0468,risk_candidate,216,0.7453703703703703,0.46047779381112713,0.9262078057268721,0.9773929773929774,0.974025974025974,0.0,0.4074074074074074,14,1.0,0.0,0.3050847457627119,0.14441277012603157,0.3561329904194848,0.6266099726957592,Random candidate from RC-SPE pooling family.,random_pool,0.8071803476121547
random_0469,risk_candidate,216,0.6666666666666666,0.682363315696649,0.9327339344883147,0.9966329966329966,0.6428571428571429,0.8857142857142857,0.5185185185185185,0,0.20481927710843373,0.7951807228915663,0.3389830508474576,0.20474094780867713,0.5157911391531405,0.8503934395802345,Random candidate from RC-SPE pooling family.,random_pool,2.2477499899839573
random_0470,risk_candidate,216,0.8842592592592593,0.8168510501843835,0.9226733782813001,0.9980759980759981,0.9415584415584416,0.6571428571428571,0.8518518518518519,0,0.26161790017211706,0.7383820998278829,0.30430547438145333,0.24603827128130673,0.3092148765812884,0.5751985834759381,Random candidate from RC-SPE pooling family.,random_pool,0.9496098829590549
random_0471,risk_candidate,216,0.875,0.7553631553631553,0.9559421752588394,0.9980759980759981,0.974025974025974,0.5142857142857142,0.7777777777777778,1,1.0,0.0,0.3333333333333333,0.11955124271283171,0.19293899996617422,0.3855647920552183,Random candidate from RC-SPE pooling family.,random_pool,1.0596197648381984
random_0472,risk_candidate,216,0.5370370370370371,0.6737694404361071,0.9175520944869513,0.9990379990379991,0.43506493506493504,0.7714285714285715,0.8148148148148148,0,0.0,1.0,0.3389830508474576,0.03878332424513121,0.4989260580634073,0.8071846736655236,Random candidate from RC-SPE pooling family.,random_pool,1.0941314706850556
random_0473,risk_candidate,216,0.8287037037037037,0.6436908770242104,0.9558217362799851,0.9983164983164983,0.9935064935064936,0.08571428571428572,0.8518518518518519,3,1.0,0.0,0.3333333333333333,0.07816899098962451,0.22195357111880507,0.38260199587383714,Random candidate from RC-SPE pooling family.,random_pool,0.7662613994915175
random_0474,risk_candidate,216,0.8888888888888888,0.7828282828282829,0.9527609209699724,0.9987974987974988,0.9675324675324676,0.7142857142857143,0.6666666666666666,0,1.0,0.0,0.3333333333333333,0.0679148283727144,0.16072094359887754,0.3153962374834517,Random candidate from RC-SPE pooling family.,random_pool,0.6328508038718419
random_0475,risk_candidate,216,0.8842592592592593,0.7953823953823953,0.935385171524501,0.9896584896584897,0.948051948051948,0.7714285714285715,0.6666666666666666,0,0.4802065404475043,0.5197934595524957,0.30430547438145333,0.19097741804881438,0.2600773416335696,0.49722628984201883,Random candidate from RC-SPE pooling family.,random_pool,0.8198105505650396
random_0476,risk_candidate,216,0.8842592592592593,0.7585858585858586,0.9519874657174405,0.9992784992784993,0.9805194805194806,0.6285714285714286,0.6666666666666666,0,1.0,0.0,0.3333333333333333,0.08781010867782542,0.1759124757666276,0.34979702937630536,Random candidate from RC-SPE pooling family.,random_pool,0.9014420551176684
random_0477,risk_candidate,216,0.8101851851851852,0.6074234407567741,0.9401276516842062,0.9882154882154882,0.9545454545454546,0.5714285714285714,0.2962962962962963,4,1.0,0.0,0.37969998051821546,0.08224518576679943,0.23753524615063729,0.4451511086640589,Random candidate from RC-SPE pooling family.,random_pool,0.6457236807351839
random_0478,risk_candidate,216,0.8518518518518519,0.690203623536957,0.9502839064987709,0.9956709956709957,0.987012987012987,0.34285714285714286,0.7407407407407407,4,1.0,0.0,0.3333333333333333,0.0647424213859184,0.21615684950740105,0.38585616894571584,Random candidate from RC-SPE pooling family.,random_pool,0.558676744533525
random_0479,risk_candidate,216,0.8472222222222222,0.6620330286996954,0.9534062370089926,0.9980759980759981,0.9935064935064936,0.4,0.5925925925925926,9,1.0,0.0,0.3333333333333333,0.07984603756610115,0.20804386991408594,0.3788133554426526,Random candidate from RC-SPE pooling family.,random_pool,0.8634966420835632
random_0480,risk_candidate,216,0.7546296296296297,0.4518037518037518,0.9512793387674298,0.9954304954304954,0.9935064935064936,0.02857142857142857,0.3333333333333333,17,1.0,0.0,0.3333333333333333,0.19110033764136586,0.27471816816745653,0.5024540165383352,Random candidate from RC-SPE pooling family.,random_pool,1.6866857536222981
random_0481,risk_candidate,216,0.7685185185185185,0.48037518037518034,0.9477086492527942,0.993987493987494,0.9935064935064936,0.11428571428571428,0.3333333333333333,16,1.0,0.0,0.3220338983050847,0.12457034059315679,0.28114575497442534,0.46348561379298314,Random candidate from RC-SPE pooling family.,random_pool,0.6173267125674656
random_0482,risk_candidate,216,0.7870370370370371,0.5252204585537918,0.9465604581016107,0.9980759980759981,1.0,0.05714285714285714,0.5185185185185185,12,1.0,0.0,0.3333333333333333,0.14011681345429466,0.3068294018348168,0.5185677154793705,Random candidate from RC-SPE pooling family.,random_pool,0.5638268718515278
random_0483,risk_candidate,216,0.7361111111111112,0.4126022126022126,0.9376452574150659,0.9850889850889851,0.987012987012987,0.02857142857142857,0.2222222222222222,19,1.0,0.0,0.3333333333333333,0.16651833918208886,0.3062734520766352,0.5169903725759537,Random candidate from RC-SPE pooling family.,random_pool,1.2497479651042
random_0484,risk_candidate,216,0.8425925925925926,0.6667308000641334,0.9491747397581616,0.9959114959114959,0.961038961038961,0.7428571428571429,0.2962962962962963,3,1.0,0.0,0.35671147477108905,0.07128958355769244,0.21591241589428667,0.41608274908307663,Random candidate from RC-SPE pooling family.,random_pool,0.6698156222147833
random_0485,risk_candidate,216,0.8194444444444444,0.6450056116722783,0.9318222839498288,0.9971139971139971,0.9805194805194806,0.02857142857142857,0.9259259259259259,1,1.0,0.0,0.3050847457627119,0.16324430354600192,0.2483034982919128,0.4961464258517384,Random candidate from RC-SPE pooling family.,random_pool,1.0796476555010759
random_0486,risk_candidate,216,0.19444444444444445,0.34848484848484845,0.9441741181969262,0.9889369889369889,0.045454545454545456,1.0,0.0,0,0.0,1.0,0.3333333333333333,0.39339853473151176,0.6368147251793025,0.9580483189738037,Random candidate from RC-SPE pooling family.,random_pool,2.11867132920296
random_0487,risk_candidate,216,0.8101851851851852,0.6129549462882796,0.9447800553913765,0.9944684944684945,0.987012987012987,0.0,0.8518518518518519,4,1.0,0.0,0.3276836158192091,0.1528046275160833,0.2892650359051866,0.5664263787931403,Random candidate from RC-SPE pooling family.,random_pool,1.9417267878069933
random_0488,risk_candidate,216,0.7361111111111112,0.3950617283950617,0.9331175337768428,0.9853294853294853,1.0,0.0,0.18518518518518517,20,1.0,0.0,0.3333333333333333,0.22459991326491863,0.4484604108647653,0.8862919512012887,Random candidate from RC-SPE pooling family.,random_pool,0.5612782476597687
random_0489,risk_candidate,216,0.7592592592592593,0.5978354978354978,0.947325077586623,0.9947089947089947,0.8506493506493507,0.9428571428571428,0.0,0,0.0051635111876075735,0.9948364888123924,0.3446327683615819,0.19347968255878004,0.4574984451239977,0.7296523457772408,Random candidate from RC-SPE pooling family.,random_pool,1.204427908009945
random_0490,risk_candidate,216,0.9120370370370371,0.8519159852493186,0.9454992709184763,0.9983164983164983,0.961038961038961,0.7428571428571429,0.8518518518518519,0,1.0,0.0,0.3335281511786479,0.05695140232273452,0.1560415597872518,0.30180515566123023,Random candidate from RC-SPE pooling family.,random_pool,0.5628392795067875
random_0491,risk_candidate,216,0.7129629629629629,0.3406926406926407,0.9471739439252547,0.9951899951899952,0.9935064935064936,0.02857142857142857,0.0,26,1.0,0.0,0.3333333333333333,0.2567165341425427,0.3363835693865789,0.6330542218568593,Random candidate from RC-SPE pooling family.,random_pool,1.962814654128445
random_0492,risk_candidate,216,0.8425925925925926,0.6367965367965368,0.9522051471925067,0.9978354978354979,0.9675324675324676,0.9428571428571428,0.0,0,1.0,0.0,0.3333333333333333,0.21725636314566918,0.3084156482329017,0.5923110371404624,Random candidate from RC-SPE pooling family.,random_pool,1.434703690450232
random_0493,risk_candidate,216,0.8842592592592593,0.7551547218213885,0.9553069711190553,0.9987974987974988,0.9935064935064936,0.45714285714285713,0.8148148148148148,0,1.0,0.0,0.3333333333333333,0.06242837461891192,0.17358774356020096,0.33024598031121316,Random candidate from RC-SPE pooling family.,random_pool,0.7497672151196839
random_0494,risk_candidate,216,0.3194444444444444,0.3995670995670995,0.9534962853100065,0.9987974987974988,0.22727272727272727,0.9714285714285714,0.0,0,0.0,1.0,0.3333333333333333,0.2758810625999677,0.5884292464175076,0.8766027054146373,Random candidate from RC-SPE pooling family.,random_pool,1.4640839310280795
random_0495,risk_candidate,216,0.8055555555555556,0.6194805194805194,0.9542550312871397,0.9990379990379991,0.9155844155844156,0.9428571428571428,0.0,0,0.03270223752151463,0.9672977624784853,0.3446327683615819,0.2282662777660423,0.44376531136364583,0.7140438511866926,Random candidate from RC-SPE pooling family.,random_pool,1.4426968512494205
random_0496,risk_candidate,216,0.75,0.4700016033349366,0.9342690574436637,0.9824434824434825,0.974025974025974,0.02857142857142857,0.4074074074074074,13,1.0,0.0,0.3050847457627119,0.13854917358425814,0.3057448565409879,0.5042304404325545,Random candidate from RC-SPE pooling family.,random_pool,0.5671127244738163
random_0497,risk_candidate,216,0.7731481481481481,0.49382716049382713,0.9528902628143316,0.9975949975949976,1.0,0.0,0.48148148148148145,14,1.0,0.0,0.3333333333333333,0.13014985329167247,0.32003055068291913,0.5464257531537441,Random candidate from RC-SPE pooling family.,random_pool,0.8408923083407471
random_0498,risk_candidate,216,0.7314814814814815,0.43362193362193363,0.8371791809971003,0.9545454545454546,0.9675324675324676,0.0,0.3333333333333333,15,1.0,0.0,0.3050847457627119,0.12229996843260066,0.37475351769992676,0.696043580735769,Random candidate from RC-SPE pooling family.,random_pool,1.6864973408367416
random_0499,risk_candidate,216,0.8657407407407407,0.7085938752605419,0.9559032638247628,0.9987974987974988,0.9935064935064936,0.42857142857142855,0.7037037037037037,4,1.0,0.0,0.3333333333333333,0.0503022699481736,0.18518362506215869,0.3417027919041526,Random candidate from RC-SPE pooling family.,random_pool,0.5751534506694999
random_0500,risk_candidate,216,0.8657407407407407,0.7572871572871572,0.9484907282897783,0.9947089947089947,0.948051948051948,0.6571428571428571,0.6666666666666666,0,1.0,0.0,0.40268848626534187,0.15377575655921716,0.2261051625013971,0.4423239384487402,Random candidate from RC-SPE pooling family.,random_pool,1.0142540448517734
random_0501,risk_candidate,216,0.8935185185185185,0.7821709155042488,0.9536886350201685,0.9990379990379991,0.974025974025974,0.7428571428571429,0.6296296296296297,0,1.0,0.0,0.3333333333333333,0.2748983612778394,0.2836266489097848,0.5466417815640816,Random candidate from RC-SPE pooling family.,random_pool,1.5458441230236704
random_0502,risk_candidate,216,0.8101851851851852,0.6434984768318102,0.9153496865644081,0.9911014911014911,0.9675324675324676,0.0,0.9629629629629629,1,1.0,0.0,0.33538777606574216,0.18439858594540354,0.30360606836318904,0.5910483163704937,Random candidate from RC-SPE pooling family.,random_pool,1.3498260994888185
random_0503,risk_candidate,216,0.8425925925925926,0.6722623055956389,0.9544716861841952,0.9990379990379991,0.9935064935064936,0.17142857142857143,0.8518518518518519,4,1.0,0.0,0.3333333333333333,0.043141776485621244,0.20097236100282792,0.3509869181101604,Random candidate from RC-SPE pooling family.,random_pool,0.6498622783550162
random_0504,risk_candidate,216,0.7638888888888888,0.46913580246913583,0.9554901206794204,0.9983164983164983,1.0,0.0,0.4074074074074074,16,1.0,0.0,0.3333333333333333,0.13309697429271583,0.3119055908937294,0.5148525770048464,Random candidate from RC-SPE pooling family.,random_pool,0.8165537169857786
random_0505,risk_candidate,216,0.8564814814814815,0.7155523488856822,0.9437059824317218,0.9968734968734969,0.9805194805194806,0.3142857142857143,0.8518518518518519,1,1.0,0.0,0.3107344632768361,0.1913071640649012,0.2539400644832121,0.5068258692809304,Random candidate from RC-SPE pooling family.,random_pool,1.335068270738254
random_0506,risk_candidate,216,0.875,0.7451819785153119,0.9515198091630849,0.9973544973544973,0.9805194805194806,0.5142857142857142,0.7407407407407407,3,1.0,0.0,0.3333333333333333,0.21539862820361066,0.25697627822526076,0.5027132828944262,Random candidate from RC-SPE pooling family.,random_pool,1.6180516106384497
random_0507,risk_candidate,216,0.8055555555555556,0.5763187429854096,0.951325448947514,0.9966329966329966,0.9935064935064936,0.14285714285714285,0.5925925925925926,9,1.0,0.0,0.3333333333333333,0.07508692088668921,0.24267453693875787,0.4069364765848946,Random candidate from RC-SPE pooling family.,random_pool,0.6197883479652552
random_0508,risk_candidate,216,0.7314814814814815,0.3900753567420234,0.9398185277199383,0.9908609908609909,0.9935064935064936,0.02857142857142857,0.14814814814814814,20,1.0,0.0,0.3333333333333333,0.17157720506526192,0.3459079805359698,0.5654977941382197,Random candidate from RC-SPE pooling family.,random_pool,0.9594893627462666
random_0509,risk_candidate,216,0.8240740740740741,0.6601731601731602,0.936578648312544,1.0,0.9805194805194806,0.0,1.0,0,1.0,0.0,0.3333333333333333,0.2880132436830811,0.40685908076665533,0.7371532144479555,Random candidate from RC-SPE pooling family.,random_pool,2.215583460331929
random_0510,risk_candidate,216,0.875,0.7622254288920955,0.953311914915555,0.9966329966329966,0.948051948051948,0.8571428571428571,0.48148148148148145,0,0.9328743545611016,0.06712564543889843,0.3613871030586402,0.3320002668741292,0.37132804527544405,0.6659023114734176,Random candidate from RC-SPE pooling family.,random_pool,1.8774034733260778
random_0511,risk_candidate,216,0.7453703703703703,0.41693121693121693,0.9432362568464273,0.9937469937469937,1.0,0.02857142857142857,0.2222222222222222,20,1.0,0.0,0.3333333333333333,0.14684727564393824,0.32905794188529686,0.5305604815266319,Random candidate from RC-SPE pooling family.,random_pool,0.8272903885534706
random_0512,risk_candidate,216,0.8148148148148148,0.6122975789642456,0.9531968675349952,0.9980759980759981,0.9935064935064936,0.02857142857142857,0.8148148148148148,5,1.0,0.0,0.3333333333333333,0.09301851022982306,0.2660166762761477,0.46885835113169233,Random candidate from RC-SPE pooling family.,random_pool,0.6609163143742964
random_0513,risk_candidate,216,0.8194444444444444,0.6467211800545134,0.9354745962587482,0.9877344877344877,0.974025974025974,0.11428571428571428,0.8518518518518519,3,1.0,0.0,0.3107344632768361,0.15758707856323617,0.26386099242864697,0.5088336595396293,Random candidate from RC-SPE pooling family.,random_pool,1.2819126803064473
random_0514,risk_candidate,216,0.8564814814814815,0.7506333172999841,0.9305745516143521,0.9968734968734969,0.9545454545454546,0.37142857142857144,0.9259259259259259,1,1.0,0.0,0.33487416538264,0.14203984511788123,0.23070167679686773,0.46599497555078073,Random candidate from RC-SPE pooling family.,random_pool,1.0048381156595367
random_0515,risk_candidate,216,0.8101851851851852,0.6101330767997434,0.94650707244675,0.9913419913419913,0.987012987012987,0.02857142857142857,0.8148148148148148,4,1.0,0.0,0.3163841807909605,0.16171060191748124,0.26093710116079966,0.5001384301384438,Random candidate from RC-SPE pooling family.,random_pool,1.4070786764978729
random_0516,risk_candidate,216,0.8564814814814815,0.7302709636042971,0.9392726307870941,0.9949494949494949,0.9675324675324676,0.37142857142857144,0.8518518518518519,1,1.0,0.0,0.32222871615039933,0.1100797131258159,0.2132692920760169,0.41639570599859016,Random candidate from RC-SPE pooling family.,random_pool,0.931365026506726
random_0517,risk_candidate,216,0.8796296296296297,0.8027898027898027,0.92754184279319,0.9956709956709957,0.948051948051948,0.5714285714285714,0.8888888888888888,0,0.9707401032702238,0.029259896729776247,0.2932717000513611,0.30722261534075923,0.3430209929978166,0.63956761203565,Random candidate from RC-SPE pooling family.,random_pool,1.4967349048573675
random_0518,risk_candidate,216,0.7685185185185185,0.49620009620009614,0.9460397131766861,0.9911014911014911,0.987012987012987,0.05714285714285714,0.4444444444444444,13,1.0,0.0,0.3276836158192091,0.18742074344167947,0.26796148477534876,0.49508708877090607,Random candidate from RC-SPE pooling family.,random_pool,1.5093650341357823
random_0519,risk_candidate,216,0.8796296296296297,0.7977553310886645,0.9438384099367485,0.9985569985569985,0.935064935064935,0.8285714285714286,0.6296296296296297,0,0.029259896729776247,0.9707401032702238,0.3333333333333333,0.2590090973867962,0.3171389619917061,0.5579660763444818,Random candidate from RC-SPE pooling family.,random_pool,0.8044165251245287
random_0520,risk_candidate,216,0.8240740740740741,0.624098124098124,0.9469070875114118,0.9920634920634921,0.9675324675324676,0.5714285714285714,0.3333333333333333,7,1.0,0.0,0.3680109097993376,0.045623600714096116,0.22120995117986947,0.4188776325503116,Random candidate from RC-SPE pooling family.,random_pool,0.6025462252815329
random_0521,risk_candidate,216,0.875,0.7390412057078724,0.9540126461647459,0.9968734968734969,0.961038961038961,0.8857142857142857,0.37037037037037035,0,0.9879518072289156,0.012048192771084376,0.4032729398012858,0.05838001923917817,0.1979579308562986,0.3976076942591266,Random candidate from RC-SPE pooling family.,random_pool,0.5908171659593525
random_0522,risk_candidate,216,0.9027777777777778,0.8374058040724708,0.9511441832636311,0.9971139971139971,0.9545454545454546,0.7428571428571429,0.8148148148148148,0,0.9965576592082617,0.0034423407917383297,0.33255406195207476,0.11861435318238399,0.1790149210582767,0.36132544142525164,Random candidate from RC-SPE pooling family.,random_pool,0.7510535122675629
random_0523,risk_candidate,216,0.8055555555555556,0.5763187429854096,0.9535762847881241,0.9992784992784993,0.9935064935064936,0.14285714285714285,0.5925925925925926,10,1.0,0.0,0.3333333333333333,0.08525451664141377,0.21585125303659997,0.382315647773776,Random candidate from RC-SPE pooling family.,random_pool,0.9868505469986749
random_0524,risk_candidate,216,0.8333333333333334,0.6351771685105018,0.9539015031143588,0.9954304954304954,0.987012987012987,0.4,0.5185185185185185,8,1.0,0.0,0.3333333333333333,0.06231599723086821,0.2155164671463579,0.3832581133606397,Random candidate from RC-SPE pooling family.,random_pool,0.7947610288093316
random_0525,risk_candidate,216,0.7314814814814815,0.7527817861151194,0.9199460165698222,0.9959114959114959,0.7207792207792207,0.6857142857142857,0.8518518518518519,0,0.055077452667814115,0.9449225473321858,0.3111949418203071,0.271400390853557,0.5240262650544302,0.8823060773846768,Random candidate from RC-SPE pooling family.,random_pool,1.9570611360988628
random_0526,risk_candidate,216,0.9027777777777778,0.8289401956068624,0.9441034178751758,0.9997594997594997,0.9545454545454546,0.8285714285714286,0.7037037037037037,0,0.9449225473321858,0.055077452667814164,0.3670368205727645,0.166098028921377,0.20564947335728495,0.4039955997846324,Random candidate from RC-SPE pooling family.,random_pool,0.6015293214402953
random_0527,risk_candidate,216,0.7361111111111112,0.3922398589065255,0.9391955562625608,0.9882154882154882,1.0,0.02857142857142857,0.14814814814814814,20,1.0,0.0,0.3333333333333333,0.19806417134309912,0.31532176022893205,0.5396251447410522,Random candidate from RC-SPE pooling family.,random_pool,1.551816107897458
random_0528,risk_candidate,216,0.8287037037037037,0.6488375821709155,0.9460759274622476,0.9911014911014911,0.974025974025974,0.34285714285714286,0.6296296296296297,5,1.0,0.0,0.3220338983050847,0.12031557795800847,0.23881001042098313,0.4527925884011268,Random candidate from RC-SPE pooling family.,random_pool,1.185121983127027
random_0529,risk_candidate,216,0.8287037037037037,0.6295815295815296,0.9516246461670024,0.9961519961519961,0.9935064935064936,0.22857142857142856,0.6666666666666666,8,1.0,0.0,0.3333333333333333,0.061709740759839066,0.22227150470316678,0.38598726965500924,Random candidate from RC-SPE pooling family.,random_pool,0.6691358871632652
random_0530,risk_candidate,216,0.8472222222222222,0.6547859547859548,0.9514944983001556,0.9949494949494949,0.9675324675324676,0.8857142857142857,0.1111111111111111,1,1.0,0.0,0.3450224040522112,0.10944526145115642,0.22468649995161746,0.45480641148197704,Random candidate from RC-SPE pooling family.,random_pool,0.7358290745330921
random_0531,risk_candidate,216,0.8240740740740741,0.6443482443482443,0.9507836506009187,0.9980759980759981,0.987012987012987,0.05714285714285714,0.8888888888888888,3,1.0,0.0,0.3333333333333333,0.1453465311446459,0.22319041908680254,0.4367708027640372,Random candidate from RC-SPE pooling family.,random_pool,1.177935031901289
random_0532,risk_candidate,216,0.8611111111111112,0.7036075036075036,0.9546820658850379,0.9980759980759981,0.987012987012987,0.45714285714285713,0.6666666666666666,4,1.0,0.0,0.3391778686927723,0.11575005787108156,0.2151660707148267,0.4140367267330645,Random candidate from RC-SPE pooling family.,random_pool,1.1329157617394987
random_0533,risk_candidate,216,0.8194444444444444,0.6172839506172839,0.9480001153873685,0.9983164983164983,1.0,0.0,0.8518518518518519,4,1.0,0.0,0.3333333333333333,0.17887499870249876,0.26559236465331804,0.5259204429051283,Random candidate from RC-SPE pooling family.,random_pool,1.7508163557221585
random_0534,risk_candidate,216,0.8518518518518519,0.7717652717652719,0.9403853519746903,0.9980759980759981,0.9025974025974026,0.8571428571428571,0.5555555555555556,0,0.0,1.0,0.3333333333333333,0.3005216887612799,0.4226769761531917,0.7004094868241743,Random candidate from RC-SPE pooling family.,random_pool,1.2378246069179235
random_0535,risk_candidate,216,0.8425925925925926,0.6496873496873498,0.9506069940935538,0.9980759980759981,0.9935064935064936,0.4,0.5555555555555556,8,1.0,0.0,0.3333333333333333,0.06466277594891322,0.21227633829081538,0.37852789567917405,Random candidate from RC-SPE pooling family.,random_pool,0.637408211927008
random_0536,risk_candidate,216,0.7962962962962963,0.5730960397627064,0.9517992172922632,0.9949494949494949,0.987012987012987,0.02857142857142857,0.7037037037037037,7,1.0,0.0,0.3333333333333333,0.09546781940527867,0.2683737591244334,0.4541764328297013,Random candidate from RC-SPE pooling family.,random_pool,0.6924318193867688
random_0537,risk_candidate,216,0.8287037037037037,0.6623376623376623,0.930726588452704,1.0,0.987012987012987,0.0,1.0,0,1.0,0.0,0.3333333333333333,0.1726847475894516,0.2986110676649235,0.5899436641065384,Random candidate from RC-SPE pooling family.,random_pool,1.2412100952587495
random_0538,risk_candidate,216,0.7407407407407407,0.4045855379188712,0.9478747159729841,0.9944684944684945,1.0,0.02857142857142857,0.18518518518518517,20,1.0,0.0,0.3333333333333333,0.2177970700992819,0.2940455163584714,0.5370153314937083,Random candidate from RC-SPE pooling family.,random_pool,1.8239521913108137
random_0539,risk_candidate,216,0.7731481481481481,0.5040083373416707,0.9455981662582014,0.9923039923039924,0.9935064935064936,0.0,0.5185185185185185,13,1.0,0.0,0.3333333333333333,0.19268219844951162,0.2966042106923656,0.5604454081578241,Random candidate from RC-SPE pooling family.,random_pool,1.9981439059169874
random_0540,risk_candidate,216,0.7407407407407407,0.40740740740740744,0.9459259905050911,0.9925444925444925,1.0,0.0,0.2222222222222222,21,1.0,0.0,0.3333333333333333,0.16413587701117516,0.3482452717799106,0.681785858554508,Random candidate from RC-SPE pooling family.,random_pool,1.6821952989445366
random_0541,risk_candidate,216,0.8657407407407407,0.7369248035914703,0.9535390865751644,0.9959114959114959,0.961038961038961,0.6571428571428571,0.5925925925925926,2,1.0,0.0,0.3393726865380869,0.11073963453506953,0.197866225564453,0.38966793940245975,Random candidate from RC-SPE pooling family.,random_pool,0.9465326249400918
random_0542,risk_candidate,216,0.8564814814814815,0.7206990540323873,0.9518677415332135,0.9956709956709957,0.961038961038961,0.5714285714285714,0.6296296296296297,3,1.0,0.0,0.35651665692577444,0.12776410470068725,0.20872632956780085,0.41055403024369486,Random candidate from RC-SPE pooling family.,random_pool,1.0255376317370464
random_0543,risk_candidate,216,0.8472222222222222,0.6937950937950937,0.9485418533563602,0.9923039923039924,0.948051948051948,0.8,0.3333333333333333,0,1.0,0.0,0.40268848626534187,0.12918277039944476,0.2254018426514323,0.434537274959426,Random candidate from RC-SPE pooling family.,random_pool,0.8163686999368378
random_0544,risk_candidate,216,0.7870370370370371,0.5512265512265512,0.9408112936903387,0.98989898989899,0.987012987012987,0.0,0.6666666666666666,9,1.0,0.0,0.3220338983050847,0.12420195815818141,0.3082760587547168,0.5883768030487078,Random candidate from RC-SPE pooling family.,random_pool,1.1839928719828556
random_0545,risk_candidate,216,0.7731481481481481,0.5243706910373577,0.9256678885580228,0.9836459836459837,0.9805194805194806,0.0,0.5925925925925926,11,1.0,0.0,0.3163841807909605,0.19902816723287603,0.33475722905767363,0.6427207708914511,Random candidate from RC-SPE pooling family.,random_pool,2.1333032857314027
random_0546,risk_candidate,216,0.9120370370370371,0.8304473304473304,0.9545997341698467,0.9985569985569985,0.9675324675324676,0.8571428571428571,0.6666666666666666,0,1.0,0.0,0.35710111046171833,0.056787489758331665,0.14934800588422284,0.31126884747689154,Random candidate from RC-SPE pooling family.,random_pool,0.5505969729484264
random_0547,risk_candidate,216,0.5185185185185185,0.5173160173160173,0.8938245134571354,0.9944684944684945,0.551948051948052,0.0,1.0,0,0.0017211703958691911,0.9982788296041308,0.3333333333333333,0.09802538257674369,0.5725992924749964,0.9283183866799983,Random candidate from RC-SPE pooling family.,random_pool,1.9003652143873537
random_0548,risk_candidate,216,0.8611111111111112,0.7047138047138047,0.9542355086308651,0.9990379990379991,0.9935064935064936,0.34285714285714286,0.7777777777777778,5,1.0,0.0,0.3333333333333333,0.057060415726739616,0.19064134214845702,0.3419435709821484,Random candidate from RC-SPE pooling family.,random_pool,0.7210503265011705
random_0549,risk_candidate,216,0.8842592592592593,0.8112073112073112,0.9269503135682005,0.9987974987974988,0.9415584415584416,0.7142857142857143,0.7777777777777778,0,0.0,1.0,0.3333333333333333,0.25642935213133294,0.2884476275685053,0.5266004443491984,Random candidate from RC-SPE pooling family.,random_pool,0.7789919735490142
random_0550,risk_candidate,216,0.875,0.7232162898829565,0.9540517591044444,0.9992784992784993,0.9675324675324676,0.9428571428571428,0.25925925925925924,0,1.0,0.0,0.3452172218975258,0.23044255728232022,0.28565179166132676,0.531394150582892,Random candidate from RC-SPE pooling family.,random_pool,1.3348223101972767
random_0551,risk_candidate,216,0.7268518518518519,0.37772967772967775,0.9464197185955152,0.9932659932659933,0.9935064935064936,0.02857142857142857,0.1111111111111111,23,1.0,0.0,0.3333333333333333,0.18785977593676997,0.3013522890537014,0.5100280116387923,Random candidate from RC-SPE pooling family.,random_pool,1.3513120875868447
random_0552,risk_candidate,216,0.875,0.7412538079204746,0.9549417471535842,0.9990379990379991,0.974025974025974,0.6571428571428571,0.5925925925925926,1,1.0,0.0,0.3333333333333333,0.14713272579524062,0.21323083793676922,0.42215627972904574,Random candidate from RC-SPE pooling family.,random_pool,1.1244220717933229
random_0553,risk_candidate,216,0.7268518518518519,0.3703703703703704,0.9331684500882571,0.9846079846079846,1.0,0.0,0.1111111111111111,24,1.0,0.0,0.3333333333333333,0.15098404403268573,0.34632561532266554,0.5822937589494864,Random candidate from RC-SPE pooling family.,random_pool,1.8032261525596316
random_0554,risk_candidate,216,0.16203703703703703,0.3333333333333333,0.9475220509723942,0.9997594997594997,0.0,1.0,0.0,0,0.0,1.0,0.3333333333333333,0.44043289111155753,0.7055972580426784,1.0333957738772506,Random candidate from RC-SPE pooling family.,random_pool,2.208855681052593
random_0555,risk_candidate,216,0.7268518518518519,0.4026294692961359,0.8878507936785218,0.9663299663299664,0.974025974025974,0.08571428571428572,0.14814814814814814,20,1.0,0.0,0.3682057276446522,0.20059964099748376,0.3723035357058591,0.6620869424671417,Random candidate from RC-SPE pooling family.,random_pool,2.120707324898393
random_0556,risk_candidate,216,0.9027777777777778,0.8131152797819464,0.9560354103966628,0.9990379990379991,0.961038961038961,0.8857142857142857,0.5925925925925926,0,0.9724612736660929,0.027538726333907082,0.39216832261835183,0.14594676941178322,0.20181808065502516,0.4027162555849561,Random candidate from RC-SPE pooling family.,random_pool,0.8084294636236548
random_0557,risk_candidate,216,0.7175925925925926,0.3835818502485169,0.9221517315023017,0.9766714766714767,0.974025974025974,0.02857142857142857,0.14814814814814814,20,1.0,0.0,0.3278784336645237,0.19371199636463773,0.3704294189405977,0.6037012642557358,Random candidate from RC-SPE pooling family.,random_pool,0.9690816062838498
random_0558,risk_candidate,216,0.8981481481481481,0.8148789482122817,0.9550484870838849,0.9966329966329966,0.961038961038961,0.7428571428571429,0.7407407407407407,0,1.0,0.0,0.3393726865380869,0.05222826902923548,0.15613395206623118,0.3094584830596619,Random candidate from RC-SPE pooling family.,random_pool,0.6025507049604663
random_0559,risk_candidate,216,0.7129629629629629,0.3333333333333333,0.936334877574418,0.9911014911014911,1.0,0.0,0.0,27,1.0,0.0,0.3333333333333333,0.2289666476431369,0.3876677743537399,0.6418042808777703,Random candidate from RC-SPE pooling family.,random_pool,2.0268891447331585
random_0560,risk_candidate,216,0.875,0.7729036395703063,0.9514842860714395,0.9973544973544973,0.961038961038961,0.5428571428571428,0.8148148148148148,1,1.0,0.0,0.3448275862068966,0.15938605756771718,0.20209658911251657,0.408008797483514,Random candidate from RC-SPE pooling family.,random_pool,1.1132969562826451
random_0561,risk_candidate,216,0.8703703703703703,0.7662016995350328,0.9542272038793422,0.9975949975949976,0.961038961038961,0.4857142857142857,0.8518518518518519,1,1.0,0.0,0.3276836158192091,0.10411163654737644,0.18211923271098365,0.36567819572126187,Random candidate from RC-SPE pooling family.,random_pool,0.8876517459442776
random_0562,risk_candidate,216,0.7777777777777778,0.5135321468654802,0.953772547930078,0.9980759980759981,0.9935064935064936,0.02857142857142857,0.5185185185185185,13,1.0,0.0,0.3333333333333333,0.11016628339931653,0.26113215575075027,0.43890629232590217,Random candidate from RC-SPE pooling family.,random_pool,0.6134732559175022
random_0563,risk_candidate,216,0.8935185185185185,0.8217893217893217,0.9474748498150501,0.9983164983164983,0.9415584415584416,0.8571428571428571,0.6666666666666666,0,0.9294320137693631,0.07056798623063687,0.37405026300409117,0.22701323663461045,0.2504544397120143,0.4806978408987628,Random candidate from RC-SPE pooling family.,random_pool,0.9602321391772004
random_0564,risk_candidate,216,0.8148148148148148,0.6253006253006252,0.9370419779464183,0.9951899951899952,0.987012987012987,0.0,0.8888888888888888,3,1.0,0.0,0.3163841807909605,0.15853357301097712,0.28744444642391337,0.5782012658416985,Random candidate from RC-SPE pooling family.,random_pool,1.3755162387262163
random_0565,risk_candidate,216,0.7638888888888888,0.46913580246913583,0.9566259012432864,0.9985569985569985,1.0,0.0,0.4074074074074074,16,1.0,0.0,0.3333333333333333,0.17527290091996495,0.2781250074276513,0.503954843902248,Random candidate from RC-SPE pooling family.,random_pool,1.6859362738381032
random_0566,risk_candidate,216,0.8425925925925926,0.6824434824434823,0.9518419995075199,0.9980759980759981,0.987012987012987,0.17142857142857143,0.8888888888888888,2,1.0,0.0,0.3276836158192091,0.09457246769830191,0.19895840033789197,0.3714505872929657,Random candidate from RC-SPE pooling family.,random_pool,0.8418892702855935
random_0567,risk_candidate,216,0.8287037037037037,0.6563091229757896,0.9332877634825308,0.9848484848484849,0.935064935064935,0.8857142857142857,0.14814814814814814,0,0.21858864027538727,0.7814113597246127,0.3333333333333333,0.3187334987033793,0.4476704557712505,0.7505943509731613,Random candidate from RC-SPE pooling family.,random_pool,1.7947082862698374
random_0568,risk_candidate,216,0.2222222222222222,0.5079365079365079,0.9104189171809874,0.9971139971139971,0.0,0.8571428571428571,0.6666666666666666,0,0.0,1.0,0.3333333333333333,0.306908978258022,0.7098352719049034,1.1421795914194826,Random candidate from RC-SPE pooling family.,random_pool,2.1476204774991188
random_0569,risk_candidate,216,0.7222222222222222,0.37838704505371173,0.8895931586043161,0.9665704665704665,0.987012987012987,0.0,0.14814814814814814,22,1.0,0.0,0.3220338983050847,0.23304512878670336,0.48308622335718776,1.095994975928751,Random candidate from RC-SPE pooling family.,random_pool,0.9252438563724977
random_0570,risk_candidate,216,0.8055555555555556,0.641333974667308,0.9134102202480894,0.9855699855699855,0.961038961038961,0.0,0.9629629629629629,1,1.0,0.0,0.3656908063687725,0.20372857757894366,0.38000889403369514,0.7389719384484836,Random candidate from RC-SPE pooling family.,random_pool,1.902083355026464
random_0571,risk_candidate,216,0.875,0.7219977553310887,0.9534326393783457,0.9992784992784993,0.9935064935064936,0.5428571428571428,0.6296296296296297,1,1.0,0.0,0.3333333333333333,0.07128876674008816,0.18976357448895576,0.3634824560619841,Random candidate from RC-SPE pooling family.,random_pool,0.873871757721048
random_0572,risk_candidate,216,0.8564814814814815,0.7303831970498637,0.9474932782661648,0.9956709956709957,0.935064935064935,0.8857142857142857,0.37037037037037035,0,0.1962134251290878,0.8037865748709122,0.35028248587570626,0.2845810585256211,0.37248237274385354,0.638403383672322,Random candidate from RC-SPE pooling family.,random_pool,1.4131093320298442
random_0573,risk_candidate,216,0.8148148148148148,0.64001924001924,0.9277504266175108,0.9860509860509861,0.974025974025974,0.05714285714285714,0.8888888888888888,2,1.0,0.0,0.3050847457627119,0.20799240591359136,0.3018352137738129,0.5816631747938993,Random candidate from RC-SPE pooling family.,random_pool,1.5700307977576606
random_0574,risk_candidate,216,0.8657407407407407,0.7374218374218374,0.94280325296198,1.0,0.9805194805194806,0.34285714285714286,0.8888888888888888,0,1.0,0.0,0.3333333333333333,0.3030584864960058,0.33450549363916254,0.6377032983101879,Random candidate from RC-SPE pooling family.,random_pool,2.023893796136705
random_0575,risk_candidate,216,0.7407407407407407,0.40740740740740744,0.9525935657885465,0.9963924963924964,1.0,0.0,0.2222222222222222,21,1.0,0.0,0.3333333333333333,0.17556658820517843,0.3090120758902601,0.5153434592900297,Random candidate from RC-SPE pooling family.,random_pool,1.3289335240309215
random_0576,risk_candidate,216,0.7314814814814815,0.41779701779701783,0.9073913670201605,0.9721019721019721,0.974025974025974,0.05714285714285714,0.2222222222222222,18,1.0,0.0,0.3050847457627119,0.17924120352506195,0.3209894321034659,0.5733049049939841,Random candidate from RC-SPE pooling family.,random_pool,1.199520082940032
random_0577,risk_candidate,216,0.7870370370370371,0.5817700817700818,0.894779401768099,0.974987974987975,0.9675324675324676,0.0,0.7777777777777778,5,1.0,0.0,0.3050847457627119,0.06883441560122062,0.3298785546856206,0.6436786885419458,Random candidate from RC-SPE pooling family.,random_pool,1.2277246259541537
random_0578,risk_candidate,216,0.7129629629629629,0.3333333333333333,0.9546681390314157,0.9990379990379991,1.0,0.0,0.0,27,1.0,0.0,0.3333333333333333,0.2250279227236542,0.3609723492547366,0.57734337497372,Random candidate from RC-SPE pooling family.,random_pool,1.6814019430986884
random_0579,risk_candidate,216,0.7638888888888888,0.4838544171877505,0.9424602410225887,0.98989898989899,0.987012987012987,0.05714285714285714,0.4074074074074074,14,1.0,0.0,0.3163841807909605,0.13902419106556457,0.28034268545777913,0.45964504912392506,Random candidate from RC-SPE pooling family.,random_pool,0.8171565433257381
random_0580,risk_candidate,216,0.18518518518518517,0.3614718614718615,0.8995769822325244,0.9990379990379991,0.08441558441558442,0.0,1.0,0,0.0,1.0,0.3333333333333333,0.3601559374687133,0.6524405105018203,1.0190106770074716,Random candidate from RC-SPE pooling family.,random_pool,2.055767068262945
random_0581,risk_candidate,216,0.7592592592592593,0.46414943081609755,0.9554678141975801,0.9990379990379991,0.9935064935064936,0.02857142857142857,0.37037037037037035,17,1.0,0.0,0.3333333333333333,0.13927628758169397,0.2511201870366583,0.43427983148922444,Random candidate from RC-SPE pooling family.,random_pool,1.2115902912242646
random_0582,risk_candidate,216,0.7824074074074074,0.5694244027577361,0.9237673586523178,0.9822029822029822,0.9675324675324676,0.0,0.7407407407407407,5,1.0,0.0,0.3050847457627119,0.1766066895595536,0.30925939825819276,0.5841903045472201,Random candidate from RC-SPE pooling family.,random_pool,1.6135019789529514
random_0583,risk_candidate,216,0.8194444444444444,0.6105339105339106,0.9546696625472663,0.9985569985569985,0.9935064935064936,0.17142857142857143,0.6666666666666666,8,1.0,0.0,0.3333333333333333,0.12824157462670305,0.23645219298367512,0.4541905995288957,Random candidate from RC-SPE pooling family.,random_pool,1.3610111473591178
random_0584,risk_candidate,216,0.9027777777777778,0.8085778419111752,0.9548227069137275,0.9990379990379991,0.9675324675324676,0.8285714285714286,0.6296296296296297,0,1.0,0.0,0.3333333333333333,0.049269095542413495,0.1514329662887939,0.3084375145988602,Random candidate from RC-SPE pooling family.,random_pool,0.5936971377269353
random_0585,risk_candidate,216,0.8611111111111112,0.6991822991822992,0.9550135757586511,0.9983164983164983,0.961038961038961,0.9142857142857143,0.2222222222222222,0,1.0,0.0,0.37385544515877656,0.16842261822966775,0.255616459673427,0.488557799550601,Random candidate from RC-SPE pooling family.,random_pool,1.0846910623117947
random_0586,risk_candidate,216,0.9120370370370371,0.8564534231200898,0.9339718962352853,1.0,0.9545454545454546,0.8,0.8148148148148148,0,0.0051635111876075735,0.9948364888123924,0.3333333333333333,0.2974490804662117,0.32297583895000154,0.575889919596518,Random candidate from RC-SPE pooling family.,random_pool,1.115592230652895
random_0587,risk_candidate,216,0.9027777777777778,0.8447651114317781,0.9397946432712797,0.9980759980759981,0.948051948051948,0.7714285714285715,0.8148148148148148,0,0.8537005163511188,0.14629948364888123,0.3557373855445159,0.3261756991795218,0.33001208642330515,0.6144411812811067,Random candidate from RC-SPE pooling family.,random_pool,1.3514633170339907
random_0588,risk_candidate,216,0.8425925925925926,0.7016995350328683,0.9434974452796587,0.9932659932659933,0.9675324675324676,0.2857142857142857,0.8518518518518519,2,1.0,0.0,0.3050847457627119,0.0954516301142528,0.214476668292502,0.41641947923299577,Random candidate from RC-SPE pooling family.,random_pool,0.9021179055255808
random_0589,risk_candidate,216,0.7407407407407407,0.4119448452781786,0.9330950303401903,0.9850889850889851,0.9935064935064936,0.05714285714285714,0.18518518518518517,19,1.0,0.0,0.3220338983050847,0.16254175502282464,0.34129486601689546,0.5503512932378641,Random candidate from RC-SPE pooling family.,random_pool,0.6949766904293971
random_0590,risk_candidate,216,0.8564814814814815,0.7229116562449894,0.9480889474051054,0.9975949975949976,0.974025974025974,0.34285714285714286,0.8518518518518519,1,1.0,0.0,0.3220338983050847,0.1551654972240682,0.2160893348814014,0.4369321010815052,Random candidate from RC-SPE pooling family.,random_pool,1.2011702838905371
random_0591,risk_candidate,216,0.8101851851851852,0.6536796536796537,0.9100782189579327,0.9918229918229918,0.961038961038961,0.0,1.0,0,1.0,0.0,0.3656908063687725,0.1734025454021352,0.36309575880449824,0.7161188283369148,Random candidate from RC-SPE pooling family.,random_pool,1.5645723387492063
random_0592,risk_candidate,216,0.8842592592592593,0.787413820747154,0.9503933994043808,0.9990379990379991,0.9675324675324676,0.5428571428571428,0.8518518518518519,0,1.0,0.0,0.3333333333333333,0.30065364168079534,0.3079841507957158,0.5959755378297534,Random candidate from RC-SPE pooling family.,random_pool,1.8218584943372884
random_0593,risk_candidate,216,0.7129629629629629,0.3333333333333333,0.941191364037581,0.9937469937469937,1.0,0.0,0.0,27,1.0,0.0,0.3333333333333333,0.20450618085326658,0.4086864202845942,0.6563552715470609,Random candidate from RC-SPE pooling family.,random_pool,1.2450874569580928
random_0594,risk_candidate,216,0.8657407407407407,0.7345999679333013,0.9517323654738917,0.9980759980759981,0.9805194805194806,0.37142857142857144,0.8518518518518519,1,1.0,0.0,0.3333333333333333,0.06161112002230202,0.17872802858893774,0.3251210204583188,Random candidate from RC-SPE pooling family.,random_pool,0.6757394273834233
random_0595,risk_candidate,216,0.8009259259259259,0.6391694725028058,0.8684835035829885,0.9802789802789803,0.9545454545454546,0.0,0.9629629629629629,1,0.3803786574870912,0.6196213425129088,0.3297380585516179,0.22578637628072298,0.379425500284023,0.7198867707765684,Random candidate from RC-SPE pooling family.,random_pool,1.3699479838192536
random_0596,risk_candidate,216,0.7129629629629629,0.3333333333333333,0.9326762605419389,0.987012987012987,1.0,0.0,0.0,27,1.0,0.0,0.3333333333333333,0.20117276812630172,0.42435307743004874,0.7027927084326562,Random candidate from RC-SPE pooling family.,random_pool,1.3459635276935646
random_0597,risk_candidate,216,0.7129629629629629,0.3333333333333333,0.9446516279951925,0.9906204906204906,1.0,0.0,0.0,27,1.0,0.0,0.3333333333333333,0.2362731998311547,0.3428199813795225,0.5923669006271677,Random candidate from RC-SPE pooling family.,random_pool,1.7931395194372908
random_0598,risk_candidate,216,0.8148148148148148,0.6010101010101011,0.9510138529410638,0.9949494949494949,0.9935064935064936,0.14285714285714285,0.6666666666666666,8,1.0,0.0,0.3333333333333333,0.195399002134577,0.28085751966349665,0.5380123612166874,Random candidate from RC-SPE pooling family.,random_pool,1.8308507026408836
random_0599,risk_candidate,216,0.8796296296296297,0.7796055796055796,0.9469992120929103,0.9959114959114959,0.961038961038961,0.6,0.7777777777777778,0,1.0,0.0,0.3855445158776544,0.13747486697790345,0.20911793826519554,0.4112283650176669,Random candidate from RC-SPE pooling family.,random_pool,0.9157232498870697
random_0600,risk_candidate,216,0.8009259259259259,0.5878787878787879,0.9276368686746449,0.9785954785954786,0.935064935064935,0.8285714285714286,0.0,0,0.6247848537005164,0.3752151462994836,0.338788233002143,0.22638209825546415,0.379305993043593,0.6851827320617389,Random candidate from RC-SPE pooling family.,random_pool,1.2524237257549284
random_0601,risk_candidate,216,0.875,0.7610068943402277,0.9529551854068732,0.9980759980759981,0.974025974025974,0.45714285714285713,0.8518518518518519,1,1.0,0.0,0.3333333333333333,0.07890281720457787,0.17974329195978053,0.35322063526172837,Random candidate from RC-SPE pooling family.,random_pool,0.8528387095380168
random_0602,risk_candidate,216,0.7129629629629629,0.3333333333333333,0.9511786843280756,0.9990379990379991,1.0,0.0,0.0,27,1.0,0.0,0.3333333333333333,0.2027350960584652,0.3854184742490307,0.6053877150175063,Random candidate from RC-SPE pooling family.,random_pool,1.070916981039568
random_0603,risk_candidate,216,0.8148148148148148,0.6140131473464806,0.9492888799400919,0.9947089947089947,0.987012987012987,0.11428571428571428,0.7407407407407407,6,1.0,0.0,0.3333333333333333,0.06545584853236609,0.23499095444654308,0.3997919862378637,Random candidate from RC-SPE pooling family.,random_pool,0.615205862028693
random_0604,risk_candidate,216,0.8935185185185185,0.7986050986050985,0.9523735034991584,0.9968734968734969,0.9545454545454546,0.8857142857142857,0.5555555555555556,0,0.9724612736660929,0.027538726333907082,0.39684395090590296,0.15409368351181585,0.20217490534248977,0.40008580512609176,Random candidate from RC-SPE pooling family.,random_pool,0.8095506287842739
random_0605,risk_candidate,216,0.7314814814814815,0.4132595799262466,0.920340349948527,0.9730639730639731,0.9805194805194806,0.0,0.25925925925925924,18,1.0,0.0,0.3276836158192091,0.21117587227083778,0.41892606225608353,0.7631809155644572,Random candidate from RC-SPE pooling family.,random_pool,0.7329126114134359
random_0606,risk_candidate,216,0.7824074074074074,0.5360590027256694,0.9478302999641156,0.9923039923039924,0.987012987012987,0.02857142857142857,0.5925925925925926,10,1.0,0.0,0.3276836158192091,0.11425183632961805,0.27600627564080255,0.46662479379813593,Random candidate from RC-SPE pooling family.,random_pool,0.6283692638895787
random_0607,risk_candidate,216,0.9120370370370371,0.8519159852493186,0.9379821339633526,0.9997594997594997,0.961038961038961,0.7428571428571429,0.8518518518518519,0,1.0,0.0,0.3391778686927723,0.1321547487144613,0.17660475258979935,0.36764889131866496,Random candidate from RC-SPE pooling family.,random_pool,0.732655218338265
random_0608,risk_candidate,216,0.7824074074074074,0.5388808722142056,0.9421926770636646,0.987012987012987,0.987012987012987,0.0,0.6296296296296297,9,1.0,0.0,0.3276836158192091,0.15093458010706418,0.2807896371876187,0.5185881674610239,Random candidate from RC-SPE pooling family.,random_pool,1.272271855242075
random_0609,risk_candidate,216,0.8564814814814815,0.7739297739297739,0.9319683718744426,0.9990379990379991,0.9090909090909091,0.8571428571428571,0.5555555555555556,0,0.0,1.0,0.3333333333333333,0.3017481621600082,0.42346117402014305,0.6989065493945135,Random candidate from RC-SPE pooling family.,random_pool,1.1846127159093462
random_0610,risk_candidate,216,0.8518518518518519,0.7033189033189035,0.9435660870479162,0.9908609908609909,0.948051948051948,0.8285714285714286,0.3333333333333333,0,0.8364888123924269,0.1635111876075731,0.3613871030586402,0.3227876324570419,0.4022318898256348,0.7042870780151591,Random candidate from RC-SPE pooling family.,random_pool,2.069144465428702
random_0611,risk_candidate,216,0.8055555555555556,0.6311527978194645,0.9012502663956709,0.9834054834054834,0.9675324675324676,0.0,0.9259259259259259,1,1.0,0.0,0.3050847457627119,0.23021530162136705,0.35582798731850596,0.6691730425396452,Random candidate from RC-SPE pooling family.,random_pool,1.4893539170333523
random_0612,risk_candidate,216,0.7361111111111112,0.4256052589385923,0.9241054069282791,0.9754689754689755,0.9805194805194806,0.0,0.2962962962962963,18,1.0,0.0,0.3163841807909605,0.2084190917866992,0.4235499041949674,0.8404080733511874,Random candidate from RC-SPE pooling family.,random_pool,0.6809248564764732
random_0613,risk_candidate,216,0.8518518518518519,0.691309924643258,0.9475914783903282,0.9997594997594997,0.9935064935064936,0.22857142857142856,0.8518518518518519,2,1.0,0.0,0.3333333333333333,0.048711230528240286,0.1830631037355587,0.32884897005100383,Random candidate from RC-SPE pooling family.,random_pool,0.6033198089072174
random_0614,risk_candidate,216,0.7361111111111112,0.39677729677729684,0.9532315819054169,0.9990379990379991,0.9935064935064936,0.08571428571428572,0.1111111111111111,23,1.0,0.0,0.3333333333333333,0.1929199988338473,0.2560989691988557,0.4675416799645903,Random candidate from RC-SPE pooling family.,random_pool,1.377960278878491
random_0615,risk_candidate,216,0.8564814814814815,0.7354176687510021,0.9437716914676854,0.9911014911014911,0.948051948051948,0.6285714285714286,0.6296296296296297,0,1.0,0.0,0.3970387687512176,0.10350951035252487,0.21452792535290774,0.4123257509796857,Random candidate from RC-SPE pooling family.,random_pool,0.7565835226045498
random_0616,risk_candidate,216,0.8194444444444444,0.637646304312971,0.9426896215182451,0.9973544973544973,0.987012987012987,0.0,0.9259259259259259,2,1.0,0.0,0.35798664612223935,0.1342024600496087,0.2538508757169215,0.5079019424487314,Random candidate from RC-SPE pooling family.,random_pool,1.0728103021411468
random_0617,risk_candidate,216,0.7870370370370371,0.5184704184704184,0.9452683360567126,0.9932659932659933,0.9935064935064936,0.22857142857142856,0.3333333333333333,15,1.0,0.0,0.3333333333333333,0.08947782199716614,0.2583179163404485,0.4469881231307866,Random candidate from RC-SPE pooling family.,random_pool,0.576736071965934
random_0618,risk_candidate,216,0.7314814814814815,0.4030784030784031,0.9189621284354733,0.9737854737854738,0.987012987012987,0.0,0.2222222222222222,21,1.0,0.0,0.3220338983050847,0.19039115821100874,0.36076826417580615,0.6759353454998464,Random candidate from RC-SPE pooling family.,random_pool,2.0703964990940857
random_0619,risk_candidate,216,0.7777777777777778,0.5061728395061729,0.9536215022686703,0.9990379990379991,1.0,0.0,0.5185185185185185,13,1.0,0.0,0.3333333333333333,0.12127292499668939,0.28090559518165015,0.4632470349094053,Random candidate from RC-SPE pooling family.,random_pool,1.0640809263652196
random_0620,risk_candidate,216,0.8287037037037037,0.6082251082251082,0.9551409161992209,0.9971139971139971,0.9675324675324676,0.8571428571428571,0.0,0,1.0,0.0,0.3393726865380869,0.16967990376943182,0.2633378844078967,0.5112926018479249,Random candidate from RC-SPE pooling family.,random_pool,1.2045691861029377
random_0621,risk_candidate,216,0.8240740740740741,0.6281385281385282,0.95396052992122,0.9985569985569985,0.9415584415584416,0.9428571428571428,0.0,0,0.0017211703958691911,0.9982788296041308,0.3446327683615819,0.2577415298069935,0.4384561086158019,0.7120213582839886,Random candidate from RC-SPE pooling family.,random_pool,1.6231845301983276
random_0622,risk_candidate,216,0.8796296296296297,0.7524931858265193,0.9550896014273725,0.9983164983164983,0.9675324675324676,0.7714285714285715,0.5185185185185185,0,1.0,0.0,0.3333333333333333,0.09275870808571712,0.18608458501469757,0.3632724889276666,Random candidate from RC-SPE pooling family.,random_pool,0.7455095604474103
random_0623,risk_candidate,216,0.8796296296296297,0.7468494468494469,0.9541406823500419,0.9987974987974988,0.9675324675324676,0.8285714285714286,0.4444444444444444,1,1.0,0.0,0.3333333333333333,0.16004361531821568,0.22982788106610763,0.44936080218023733,Random candidate from RC-SPE pooling family.,random_pool,1.1158924937988848
random_0624,risk_candidate,216,0.8194444444444444,0.6320025653358986,0.9455278230691825,0.9947089947089947,0.987012987012987,0.05714285714285714,0.8518518518518519,3,1.0,0.0,0.3276836158192091,0.15216752271394035,0.25656434169286296,0.5008305934003645,Random candidate from RC-SPE pooling family.,random_pool,1.49082216421759
random_0625,risk_candidate,216,0.875,0.7729036395703063,0.9525999558133308,0.9980759980759981,0.961038961038961,0.5428571428571428,0.8148148148148148,0,1.0,0.0,0.3391778686927723,0.09884264183735544,0.17700283263691732,0.35343172299776765,Random candidate from RC-SPE pooling family.,random_pool,0.8730300764630068
random_0626,risk_candidate,216,0.8472222222222222,0.6654641654641654,0.9438980911606332,0.9903799903799904,0.9805194805194806,0.5714285714285714,0.4444444444444444,8,1.0,0.0,0.3506721215663355,0.08207198620770123,0.2279719927865953,0.413850117145981,Random candidate from RC-SPE pooling family.,random_pool,0.6731054218707055
random_0627,risk_candidate,216,0.8888888888888888,0.7793971460638128,0.9531066413290703,0.9992784992784993,0.9805194805194806,0.5428571428571428,0.8148148148148148,0,1.0,0.0,0.3333333333333333,0.1292038276550822,0.1879691199213024,0.3790252500146411,Random candidate from RC-SPE pooling family.,random_pool,1.0412375364393416
random_0628,risk_candidate,216,0.8101851851851852,0.6028860028860029,0.9372053901687053,0.9834054834054834,0.961038961038961,0.5142857142857142,0.3333333333333333,5,0.9965576592082617,0.0034423407917383297,0.3913890512370933,0.06543252827882241,0.2522891590953897,0.46455266197007283,Random candidate from RC-SPE pooling family.,random_pool,0.5583707804022654
random_0629,risk_candidate,216,0.9120370370370371,0.8417348084014752,0.9542143036037305,0.9978354978354979,0.9675324675324676,0.7428571428571429,0.8148148148148148,0,1.0,0.0,0.3450224040522112,0.09357137102297425,0.15394566632355802,0.31162307492836355,Random candidate from RC-SPE pooling family.,random_pool,0.6746059720818338
random_0630,risk_candidate,216,0.7222222222222222,0.3931056597723264,0.8874444889185554,0.9658489658489658,0.974025974025974,0.05714285714285714,0.14814814814814814,19,1.0,0.0,0.3625560101305279,0.16006991018891192,0.3594300779849258,0.6448476087106445,Random candidate from RC-SPE pooling family.,random_pool,1.2383819884252631
random_0631,risk_candidate,216,0.7361111111111112,0.4024210357543691,0.9424790947627484,0.9937469937469937,0.9935064935064936,0.02857142857142857,0.18518518518518517,21,1.0,0.0,0.3333333333333333,0.18708344268607555,0.3700990791962401,0.624679195513945,Random candidate from RC-SPE pooling family.,random_pool,0.6169450145750234
random_0632,risk_candidate,216,0.8333333333333334,0.6503928170594837,0.9543021471432596,0.9961519961519961,0.9935064935064936,0.14285714285714285,0.8148148148148148,4,1.0,0.0,0.3333333333333333,0.17262681987563863,0.25380258353258217,0.5015731437265457,Random candidate from RC-SPE pooling family.,random_pool,1.3717364192763635
random_0633,risk_candidate,216,0.8888888888888888,0.7760782427449094,0.9543873675643062,0.9983164983164983,0.961038961038961,0.8857142857142857,0.48148148148148145,0,0.9965576592082617,0.0034423407917383297,0.3496980323397623,0.1278078188009018,0.20875724739505663,0.4170676546779397,Random candidate from RC-SPE pooling family.,random_pool,0.8410203155787604
random_0634,risk_candidate,216,0.8472222222222222,0.7226230559563893,0.912332117652245,0.9836459836459837,0.935064935064935,0.7142857142857143,0.5185185185185185,0,0.6282271944922547,0.3717728055077453,0.30430547438145333,0.3373759863856841,0.43006594676887827,0.7421080562900813,Random candidate from RC-SPE pooling family.,random_pool,1.858672644031849
random_0635,risk_candidate,216,0.8009259259259259,0.6640692640692641,0.9260048767598971,0.9983164983164983,0.935064935064935,0.05714285714285714,1.0,0,0.8554216867469879,0.14457831325301207,0.34257832562917306,0.3315550295117081,0.4467812905522844,0.7793861531520724,Random candidate from RC-SPE pooling family.,random_pool,2.0323629294834347
random_0636,risk_candidate,216,0.7731481481481481,0.5057239057239057,0.9449517442136658,0.9915824915824916,0.987012987012987,0.08571428571428572,0.4444444444444444,13,1.0,0.0,0.3276836158192091,0.24305261586053387,0.3100088095967695,0.5829141998163543,Random candidate from RC-SPE pooling family.,random_pool,2.0626385436937826
random_0637,risk_candidate,216,0.8240740740740741,0.6341670675004009,0.9545447074718282,0.9980759980759981,0.9935064935064936,0.05714285714285714,0.8518518518518519,4,1.0,0.0,0.3333333333333333,0.12360203625743178,0.21903268049142574,0.4188864160758088,Random candidate from RC-SPE pooling family.,random_pool,1.214865900458007
random_0638,risk_candidate,216,0.8703703703703703,0.7350489017155684,0.933755707425813,0.9997594997594997,0.9935064935064936,0.2857142857142857,0.9259259259259259,0,1.0,0.0,0.3333333333333333,0.1474489443520207,0.21435726599794144,0.4455019165438746,Random candidate from RC-SPE pooling family.,random_pool,1.12814327677382
random_0639,risk_candidate,216,0.7592592592592593,0.4567901234567901,0.9523542926262673,0.9975949975949976,1.0,0.0,0.37037037037037035,17,1.0,0.0,0.3333333333333333,0.1661257605923901,0.28643671512597213,0.504590199410182,Random candidate from RC-SPE pooling family.,random_pool,1.5459749613845237
random_0640,risk_candidate,216,0.8194444444444444,0.6172839506172839,0.9529150694898751,0.9980759980759981,1.0,0.0,0.8518518518518519,4,1.0,0.0,0.3333333333333333,0.14136406755414643,0.24319889185933363,0.47060293389001306,Random candidate from RC-SPE pooling family.,random_pool,1.2877723106505647
random_0641,risk_candidate,216,0.8703703703703703,0.791101491101491,0.9221734589729776,0.993025493025493,0.9415584415584416,0.5428571428571428,0.8888888888888888,0,0.9655765920826161,0.03442340791738385,0.26943308007013445,0.33161707502863885,0.3813017239132217,0.695946578535626,Random candidate from RC-SPE pooling family.,random_pool,1.7888947503644574
random_0642,risk_candidate,216,0.16203703703703703,0.3333333333333333,0.9295951388309652,0.9997594997594997,0.0,1.0,0.0,0,0.0,1.0,0.3333333333333333,0.5045632626751568,0.810431674303716,1.1422464218879704,Random candidate from RC-SPE pooling family.,random_pool,1.6640829126307943
random_0643,risk_candidate,216,0.7870370370370371,0.532691999358666,0.9367013296235217,0.9855699855699855,0.961038961038961,0.6,0.037037037037037035,9,1.0,0.0,0.39119423339177867,0.2285436215192791,0.3431344515746498,0.6212886506659446,Random candidate from RC-SPE pooling family.,random_pool,1.9385696015672462
random_0644,risk_candidate,216,0.7870370370370371,0.5614077280743948,0.923447466995964,0.9814814814814815,0.9805194805194806,0.0,0.7037037037037037,7,1.0,0.0,0.3163841807909605,0.11284817470080724,0.32649689946408317,0.6233987188207256,Random candidate from RC-SPE pooling family.,random_pool,0.8996001212638555
random_0645,risk_candidate,216,0.7962962962962963,0.5629148629148629,0.9533020117714863,0.9961519961519961,0.9935064935064936,0.02857142857142857,0.6666666666666666,8,1.0,0.0,0.3333333333333333,0.16600742264019552,0.258282626143031,0.4969345561207681,Random candidate from RC-SPE pooling family.,random_pool,1.6210590429084426
random_0646,risk_candidate,216,0.8796296296296297,0.7592432259098926,0.9562593861178432,0.9987974987974988,0.974025974025974,0.6,0.7037037037037037,0,1.0,0.0,0.3333333333333333,0.04363340649935574,0.17132282718979516,0.32353375148038416,Random candidate from RC-SPE pooling family.,random_pool,0.6149077793910335
random_0647,risk_candidate,216,0.7268518518518519,0.3907327240660574,0.9196143359879275,0.976911976911977,0.987012987012987,0.0,0.18518518518518517,22,1.0,0.0,0.3276836158192091,0.17129256947615237,0.35424979139132257,0.6515591092062991,Random candidate from RC-SPE pooling family.,random_pool,2.063486895471448
random_0648,risk_candidate,216,0.7592592592592593,0.4567901234567901,0.948383676576094,0.9927849927849928,1.0,0.0,0.37037037037037035,17,1.0,0.0,0.3333333333333333,0.15867744985523288,0.3434690629126998,0.579582370553593,Random candidate from RC-SPE pooling family.,random_pool,0.8238593304216708
random_0649,risk_candidate,216,0.8888888888888888,0.7765752765752766,0.9563079919408208,0.9980759980759981,0.9805194805194806,0.5714285714285714,0.7777777777777778,1,1.0,0.0,0.3333333333333333,0.22365035782226989,0.24661971760781448,0.48930963102619063,Random candidate from RC-SPE pooling family.,random_pool,1.5232046815542468
random_0650,risk_candidate,216,0.8935185185185185,0.8172518839185505,0.949288856339381,0.9983164983164983,0.948051948051948,0.8,0.7037037037037037,0,0.9363166953528399,0.0636833046471601,0.3613871030586402,0.2614864141521167,0.27829002028534905,0.5281228278193814,Random candidate from RC-SPE pooling family.,random_pool,1.268624495527516
random_0651,risk_candidate,216,0.2222222222222222,0.5276895943562611,0.8914315589504977,0.9990379990379991,0.0,0.6571428571428571,0.9259259259259259,0,0.0,1.0,0.2298850574712644,0.2861207250641568,0.7465217213806918,1.2378697027697483,Random candidate from RC-SPE pooling family.,random_pool,1.9572497908232152
random_0652,risk_candidate,216,0.8564814814814815,0.6873336540003206,0.9529137710803575,0.9971139971139971,0.9805194805194806,0.6,0.48148148148148145,5,1.0,0.0,0.3333333333333333,0.036265043825709206,0.19328487862770347,0.3697876075547453,Random candidate from RC-SPE pooling family.,random_pool,0.6410103099585092
random_0653,risk_candidate,216,0.7592592592592593,0.47715247715247716,0.9349895759310908,0.9855699855699855,0.987012987012987,0.0,0.4444444444444444,13,1.0,0.0,0.3276836158192091,0.22988575835458924,0.31882765528872287,0.6003858411002688,Random candidate from RC-SPE pooling family.,random_pool,2.0727420062114987
random_0654,risk_candidate,216,0.7175925925925926,0.3428571428571428,0.9394559891026267,0.9925444925444925,1.0,0.02857142857142857,0.0,24,1.0,0.0,0.3333333333333333,0.22064161713682542,0.34417195869930767,0.6211847301042007,Random candidate from RC-SPE pooling family.,random_pool,1.5406411390856178
random_0655,risk_candidate,216,0.8796296296296297,0.7778900112233446,0.9402723014471102,0.9980759980759981,0.9675324675324676,0.5142857142857142,0.8518518518518519,0,1.0,0.0,0.3220338983050847,0.26762983724134615,0.291078569366766,0.5722937839676326,Random candidate from RC-SPE pooling family.,random_pool,1.476531262739456
random_0656,risk_candidate,216,0.8981481481481481,0.825060125060125,0.9510024453310458,0.9959114959114959,0.9545454545454546,0.7428571428571429,0.7777777777777778,0,0.9965576592082617,0.0034423407917383297,0.33235924410676015,0.1302763591322123,0.18847657676045457,0.3833561900686306,Random candidate from RC-SPE pooling family.,random_pool,0.8359981653778931
random_0657,risk_candidate,216,0.8611111111111112,0.7195446528779862,0.9568284894816114,0.9985569985569985,0.948051948051948,0.9142857142857143,0.2962962962962963,0,0.22203098106712565,0.7779690189328743,0.3389830508474576,0.23076443516525497,0.32103932470497903,0.5739006819224883,Random candidate from RC-SPE pooling family.,random_pool,1.2266995569189072
random_0658,risk_candidate,216,0.7222222222222222,0.3931056597723264,0.9285245507861578,0.9773929773929774,0.974025974025974,0.05714285714285714,0.14814814814814814,20,1.0,0.0,0.3163841807909605,0.1805042892200725,0.37014647727860395,0.6013543457211632,Random candidate from RC-SPE pooling family.,random_pool,0.6986328217194019
random_0659,risk_candidate,216,0.875,0.8170594837261503,0.9188635862597504,0.9997594997594997,0.922077922077922,0.7142857142857143,0.8148148148148148,0,0.0,1.0,0.3333333333333333,0.35634344843487004,0.4361506955986752,0.7429382308253148,Random candidate from RC-SPE pooling family.,random_pool,1.4975030801924636
random_0660,risk_candidate,216,0.7824074074074074,0.5388808722142056,0.949590294568083,0.9925444925444925,0.987012987012987,0.0,0.6296296296296297,9,1.0,0.0,0.3276836158192091,0.11652503994165027,0.2780390203700232,0.49385044831403657,Random candidate from RC-SPE pooling family.,random_pool,1.2027603512740406
random_0661,risk_candidate,216,0.8009259259259259,0.5679012345679012,0.9529601812434696,0.9985569985569985,1.0,0.0,0.7037037037037037,8,1.0,0.0,0.3333333333333333,0.10588723799727144,0.2653368804482792,0.467447425617571,Random candidate from RC-SPE pooling family.,random_pool,1.162929199029
random_0662,risk_candidate,216,0.7685185185185185,0.48884078884078885,0.9503312166109669,0.9971139971139971,0.9935064935064936,0.02857142857142857,0.4444444444444444,14,1.0,0.0,0.3333333333333333,0.12833572413482255,0.2653787555018202,0.4414233982933534,Random candidate from RC-SPE pooling family.,random_pool,0.9590441254653478
random_0663,risk_candidate,216,0.4212962962962963,0.6088664421997755,0.8853966803635774,0.9944684944684945,0.2922077922077922,0.5714285714285714,0.9629629629629629,0,0.0,1.0,0.27272727272727276,0.042392270345650226,0.6146208709292496,1.0203681701091372,Random candidate from RC-SPE pooling family.,random_pool,1.8798051768990045
random_0664,risk_candidate,216,0.875,0.7412538079204746,0.9559280705003063,0.9990379990379991,0.974025974025974,0.6571428571428571,0.5925925925925926,1,1.0,0.0,0.3333333333333333,0.055958406621398865,0.1771450651945534,0.3418010720569067,Random candidate from RC-SPE pooling family.,random_pool,0.7477058771046838
random_0665,risk_candidate,216,0.7361111111111112,0.4256052589385923,0.9260098602140578,0.9771524771524771,0.9805194805194806,0.0,0.2962962962962963,18,1.0,0.0,0.3163841807909605,0.16521734776016908,0.3483306462443607,0.6384743329572863,Random candidate from RC-SPE pooling family.,random_pool,1.546303989475248
random_0666,risk_candidate,216,0.8148148148148148,0.6151194484527819,0.9507502509911799,0.9975949975949976,0.9935064935064936,0.0,0.8518518518518519,4,1.0,0.0,0.3276836158192091,0.12295462164558865,0.2791041554605029,0.5589790845208168,Random candidate from RC-SPE pooling family.,random_pool,1.3578770084286165
random_0667,risk_candidate,216,0.7268518518518519,0.3907327240660574,0.9101272658390401,0.9730639730639731,0.987012987012987,0.0,0.18518518518518517,22,1.0,0.0,0.3276836158192091,0.19365146104669714,0.42573276514035563,0.7981716109777582,Random candidate from RC-SPE pooling family.,random_pool,1.1882391175342284
random_0668,risk_candidate,216,0.7314814814814815,0.4279781946448613,0.9057528361209842,0.9711399711399712,0.9675324675324676,0.05714285714285714,0.25925925925925924,17,1.0,0.0,0.3050847457627119,0.1377464443809516,0.3439057424093918,0.5956725198344862,Random candidate from RC-SPE pooling family.,random_pool,0.6117609991649199
random_0669,risk_candidate,216,0.8564814814814815,0.7128427128427129,0.9493153998367522,0.9956709956709957,0.948051948051948,0.8571428571428571,0.3333333333333333,0,1.0,0.0,0.39119423339177867,0.16371795766030728,0.2443281214173856,0.46736937398908246,Random candidate from RC-SPE pooling family.,random_pool,0.9594494607035524
random_0670,risk_candidate,216,0.8842592592592593,0.7653358986692321,0.9555740526392311,0.9985569985569985,0.987012987012987,0.45714285714285713,0.8518518518518519,2,1.0,0.0,0.3333333333333333,0.067991164591128,0.17574033350258383,0.3349932090499416,Random candidate from RC-SPE pooling family.,random_pool,0.8394760051114368
random_0671,risk_candidate,216,0.19444444444444445,0.34848484848484845,0.952947105761683,0.9983164983164983,0.045454545454545456,1.0,0.0,0,0.0,1.0,0.3333333333333333,0.41189488542458635,0.6249621313770299,0.9017330100341933,Random candidate from RC-SPE pooling family.,random_pool,1.488113066383247
random_0672,risk_candidate,216,0.7314814814814815,0.38271604938271603,0.933429350338816,0.9838864838864839,1.0,0.0,0.14814814814814814,23,1.0,0.0,0.3333333333333333,0.19739999329476385,0.3777055541009211,0.6362747940292203,Random candidate from RC-SPE pooling family.,random_pool,1.6923048946867836
random_0673,risk_candidate,216,0.7777777777777778,0.510710277376944,0.9508336814623407,0.9973544973544973,0.9935064935064936,0.05714285714285714,0.48148148148148145,13,1.0,0.0,0.3333333333333333,0.13413470899240182,0.28533512486848067,0.46751590293239287,Random candidate from RC-SPE pooling family.,random_pool,0.6176191275478217
random_0674,risk_candidate,216,0.16203703703703703,0.3333333333333333,0.9486198895304906,0.9971139971139971,0.0,1.0,0.0,0,0.0,1.0,0.3333333333333333,0.5012867450211255,0.7566231225859757,1.0587581291561745,Random candidate from RC-SPE pooling family.,random_pool,1.6849315385948278
random_0675,risk_candidate,216,0.8888888888888888,0.7975468975468974,0.9505447994997844,0.9966329966329966,0.9545454545454546,0.7714285714285715,0.6666666666666666,0,1.0,0.0,0.3450224040522112,0.11687218028842142,0.1869699866404343,0.3744707350957072,Random candidate from RC-SPE pooling family.,random_pool,0.8241086599889887
random_0676,risk_candidate,216,0.8657407407407407,0.7702902036235368,0.932282860608394,0.9858104858104858,0.9415584415584416,0.6285714285714286,0.7407407407407407,1,0.9690189328743546,0.030981067125645412,0.30605883498928504,0.20274129549657166,0.2774412657607656,0.5288131152054927,Random candidate from RC-SPE pooling family.,random_pool,1.140796630943346
random_0677,risk_candidate,216,0.8148148148148148,0.6066538399871734,0.952280066855713,0.9990379990379991,0.9935064935064936,0.08571428571428572,0.7407407407407407,6,1.0,0.0,0.3333333333333333,0.0765145994203035,0.22664599266981686,0.39143919677293026,Random candidate from RC-SPE pooling family.,random_pool,0.8113278443777978
random_0678,risk_candidate,216,0.7685185185185185,0.49166265832932504,0.9553323705111089,0.9990379990379991,0.9935064935064936,0.0,0.48148148148148145,14,1.0,0.0,0.3333333333333333,0.1788279617465613,0.25196603512403687,0.47326091325970754,Random candidate from RC-SPE pooling family.,random_pool,1.6296663161069573
random_0679,risk_candidate,216,0.7314814814814815,0.4149751483084816,0.9111889454092049,0.9728234728234728,0.974025974025974,0.08571428571428572,0.18518518518518517,18,1.0,0.0,0.3050847457627119,0.13854932724818866,0.3199551850654558,0.5615238140135078,Random candidate from RC-SPE pooling family.,random_pool,0.9434372133661659
random_0680,risk_candidate,216,0.3611111111111111,0.4264069264069264,0.9326248395139748,0.9850889850889851,0.2792207792207792,1.0,0.0,0,0.025817555938037865,0.9741824440619621,0.3333333333333333,0.1691099610053697,0.5743414185508361,0.8998268976046645,Random candidate from RC-SPE pooling family.,random_pool,2.2021339951921415
random_0681,risk_candidate,216,0.8379629629629629,0.7449094115760783,0.9433171326729175,0.9990379990379991,0.8961038961038961,0.8571428571428571,0.48148148148148145,0,0.0,1.0,0.3333333333333333,0.31320505648064495,0.45269665467834563,0.7399370102201085,Random candidate from RC-SPE pooling family.,random_pool,1.583911189021731
random_0682,risk_candidate,216,0.7129629629629629,0.3333333333333333,0.935334346440947,0.987974987974988,1.0,0.0,0.0,27,1.0,0.0,0.3333333333333333,0.20768887572089706,0.4386646836493919,0.741795634942752,Random candidate from RC-SPE pooling family.,random_pool,1.6746325055455988
random_0683,risk_candidate,216,0.8333333333333334,0.6928330928330929,0.9321067496161172,0.9889369889369889,0.961038961038961,0.22857142857142856,0.8888888888888888,1,1.0,0.0,0.3050847457627119,0.18833141710229867,0.2798900133198658,0.5460504944108433,Random candidate from RC-SPE pooling family.,random_pool,1.3214686161671954
random_0684,risk_candidate,216,0.8796296296296297,0.7745711079044413,0.9497632174006404,0.9980759980759981,0.948051948051948,0.8571428571428571,0.5185185185185185,0,0.13941480206540446,0.8605851979345955,0.3389830508474576,0.24969139753892167,0.302901514606371,0.5449135806982407,Random candidate from RC-SPE pooling family.,random_pool,1.0711841255965266
random_0685,risk_candidate,216,0.8101851851851852,0.6536796536796537,0.9220501862683995,0.9963924963924964,0.961038961038961,0.0,1.0,0,1.0,0.0,0.3656908063687725,0.24697992056076098,0.35723622695011836,0.6692300883321771,Random candidate from RC-SPE pooling family.,random_pool,1.553000002249562
random_0686,risk_candidate,216,0.7407407407407407,0.40912297578964246,0.9401669615787167,0.9906204906204906,0.9935064935064936,0.08571428571428572,0.14814814814814814,20,1.0,0.0,0.3220338983050847,0.20716195320790703,0.31217349118158766,0.5560398703392553,Random candidate from RC-SPE pooling family.,random_pool,1.5873533484921816
random_0687,risk_candidate,216,0.8009259259259259,0.5498637165303832,0.9512102191112336,0.9968734968734969,0.9935064935064936,0.2857142857142857,0.37037037037037035,14,1.0,0.0,0.3333333333333333,0.13469694050924558,0.2481554375154621,0.46218455867864655,Random candidate from RC-SPE pooling family.,random_pool,1.3127107740989141
random_0688,risk_candidate,216,0.8425925925925926,0.6722623055956389,0.9485160777816738,1.0,0.9935064935064936,0.17142857142857143,0.8518518518518519,2,1.0,0.0,0.3333333333333333,0.08793375623637223,0.2022147876562147,0.3890773143653758,Random candidate from RC-SPE pooling family.,random_pool,1.0238235614394395
random_0689,risk_candidate,216,0.8287037037037037,0.6510501843835177,0.9495683411973284,0.9983164983164983,0.987012987012987,0.11428571428571428,0.8518518518518519,3,1.0,0.0,0.3333333333333333,0.07790232252941075,0.21600266498244466,0.38218093382573837,Random candidate from RC-SPE pooling family.,random_pool,0.6231305664255644
random_0690,risk_candidate,216,0.9074074074074074,0.8441077441077441,0.9444582136072176,0.9980759980759981,0.9545454545454546,0.8,0.7777777777777778,0,0.8519793459552496,0.1480206540447504,0.3557373855445159,0.3279405571430143,0.3272313101558383,0.6028630741375409,Random candidate from RC-SPE pooling family.,random_pool,1.5374296843224056
random_0691,risk_candidate,216,0.8287037037037037,0.6521564854898189,0.9440763728891547,0.9995189995189995,0.9935064935064936,0.0,0.9629629629629629,1,1.0,0.0,0.3333333333333333,0.1857640740813438,0.26302632613865357,0.5359478385156995,Random candidate from RC-SPE pooling family.,random_pool,1.4486673775964134
random_0692,risk_candidate,216,0.8981481481481481,0.8233445566778901,0.937153553535396,0.9983164983164983,0.961038961038961,0.6571428571428571,0.8518518518518519,0,1.0,0.0,0.31463082018312877,0.13484477517516513,0.18589100982201673,0.3843574504874823,Random candidate from RC-SPE pooling family.,random_pool,0.8334748428817008
random_0693,risk_candidate,216,0.8009259259259259,0.5420073753407086,0.9520047763626844,0.9949494949494949,0.9805194805194806,0.5714285714285714,0.07407407407407407,9,1.0,0.0,0.35671147477108905,0.11766440861904608,0.24171259988727414,0.4635565689049916,Random candidate from RC-SPE pooling family.,random_pool,0.9382979253419171
random_0694,risk_candidate,216,0.7083333333333334,0.7120250120250121,0.9396667600143577,0.9983164983164983,0.6948051948051948,0.8857142857142857,0.5555555555555556,0,0.0051635111876075735,0.9948364888123924,0.3446327683615819,0.15833892466513005,0.4523385951035786,0.7149531127148065,Random candidate from RC-SPE pooling family.,random_pool,1.088952617075073
random_0695,risk_candidate,216,0.8935185185185185,0.7754208754208755,0.9549980650115747,0.9990379990379991,0.9675324675324676,0.9142857142857143,0.4444444444444444,0,0.9879518072289156,0.012048192771084376,0.3553477498538866,0.3067069809830879,0.33786867820037786,0.6093063310197093,Random candidate from RC-SPE pooling family.,random_pool,1.7216845993224381
random_0696,risk_candidate,216,0.7731481481481481,0.47296777296777304,0.9510109397878352,0.9975949975949976,0.9935064935064936,0.3142857142857143,0.1111111111111111,21,1.0,0.0,0.3333333333333333,0.20927295274820332,0.30194015389750684,0.5591917782974497,Random candidate from RC-SPE pooling family.,random_pool,1.9536641263100418
random_0697,risk_candidate,216,0.7129629629629629,0.3333333333333333,0.9474163553470955,0.9942279942279942,1.0,0.0,0.0,27,1.0,0.0,0.3333333333333333,0.19778379752720748,0.3606350471211545,0.6380945368468517,Random candidate from RC-SPE pooling family.,random_pool,2.226598185070762
random_0698,risk_candidate,216,0.8101851851851852,0.6101330767997434,0.9463591078952,0.993987493987494,0.987012987012987,0.02857142857142857,0.8148148148148148,4,1.0,0.0,0.3276836158192091,0.09721886216635515,0.2821881178685024,0.49286458681332623,Random candidate from RC-SPE pooling family.,random_pool,0.6179089342777934
random_0699,risk_candidate,216,0.7916666666666666,0.5449254449254449,0.9507558730932791,0.9954304954304954,0.9935064935064936,0.08571428571428572,0.5555555555555556,10,1.0,0.0,0.3163841807909605,0.2438563442370153,0.3149893068959381,0.5988806728191299,Random candidate from RC-SPE pooling family.,random_pool,2.0755885195450303
random_0700,risk_candidate,216,0.2175925925925926,0.5040564373897708,0.8815847498318657,0.9920634920634921,0.0,0.7714285714285715,0.7407407407407407,0,0.0,1.0,0.27586206896551724,0.34083806536202177,0.7570709972788857,1.235589683553486,Random candidate from RC-SPE pooling family.,random_pool,1.955639847433137
random_0701,risk_candidate,216,0.9074074074074074,0.8237453904120571,0.9500434052528594,0.9990379990379991,0.9675324675324676,0.8,0.7037037037037037,0,1.0,0.0,0.3450224040522112,0.058803872407250095,0.15127308759900554,0.3027380794325679,Random candidate from RC-SPE pooling family.,random_pool,0.5781169312138201
random_0702,risk_candidate,216,0.8472222222222222,0.676142376142376,0.9510541585633282,0.9980759980759981,0.9935064935064936,0.2571428571428571,0.7777777777777778,3,1.0,0.0,0.3220338983050847,0.09588497989677175,0.21278861730247392,0.408130675882479,Random candidate from RC-SPE pooling family.,random_pool,1.0276706231089645
random_0703,risk_candidate,216,0.8009259259259259,0.5584415584415584,0.9472137789091261,0.9918229918229918,0.961038961038961,0.7142857142857143,0.0,0,0.9965576592082617,0.0034423407917383297,0.3623611922852133,0.21801746996961904,0.300576707014461,0.5736752998859032,Random candidate from RC-SPE pooling family.,random_pool,1.3153968742902082
random_0704,risk_candidate,216,0.7916666666666666,0.5223504890171558,0.9473818470331054,0.9915824915824916,0.9935064935064936,0.3142857142857143,0.25925925925925924,17,1.0,0.0,0.3333333333333333,0.18832716226689958,0.27321664601997553,0.5045511928559193,Random candidate from RC-SPE pooling family.,random_pool,1.5493317888846743
random_0705,risk_candidate,216,0.7638888888888888,0.47931697931697936,0.9411235926910605,0.9889369889369889,0.9935064935064936,0.0,0.4444444444444444,15,1.0,0.0,0.3333333333333333,0.15754944836836865,0.35339187776569614,0.6396561265154479,Random candidate from RC-SPE pooling family.,random_pool,0.7738635319371829
random_0706,risk_candidate,216,0.8518518518518519,0.7327561327561328,0.9437640679617969,0.9932659932659933,0.922077922077922,0.9428571428571428,0.3333333333333333,0,0.3407917383820998,0.6592082616179002,0.338788233002143,0.267626877929429,0.3871867314844461,0.6513165946472347,Random candidate from RC-SPE pooling family.,random_pool,1.2622550144699158
random_0707,risk_candidate,216,0.8148148148148148,0.6094757094757095,0.9544142668714993,0.9980759980759981,0.9935064935064936,0.05714285714285714,0.7777777777777778,6,1.0,0.0,0.3333333333333333,0.08235981773457571,0.21526902211197993,0.38236485756014943,Random candidate from RC-SPE pooling family.,random_pool,0.9841846452069085
random_0708,risk_candidate,216,0.8148148148148148,0.6253006253006252,0.9398215557017382,0.9896584896584897,0.987012987012987,0.0,0.8888888888888888,3,1.0,0.0,0.35798664612223935,0.0836121783928662,0.27457102058964017,0.5226156078437338,Random candidate from RC-SPE pooling family.,random_pool,1.1796762222101616
random_0709,risk_candidate,216,0.8611111111111112,0.710357543690877,0.9561131302366003,0.9990379990379991,0.9935064935064936,0.2857142857142857,0.8518518518518519,2,1.0,0.0,0.3333333333333333,0.046497786519165654,0.178191695997037,0.32775135427406316,Random candidate from RC-SPE pooling family.,random_pool,0.6982132178108479
random_0710,risk_candidate,216,0.8194444444444444,0.6478274811608146,0.9290160464927402,0.9951899951899952,0.9805194805194806,0.0,0.9629629629629629,1,1.0,0.0,0.3713405238828968,0.15536665732234786,0.30461674747603634,0.6278796066723915,Random candidate from RC-SPE pooling family.,random_pool,1.232479530024205
random_0711,risk_candidate,216,0.7407407407407407,0.41476671476671473,0.9458402205473103,0.9944684944684945,0.9935064935064936,0.02857142857142857,0.2222222222222222,20,1.0,0.0,0.3333333333333333,0.1709951324482344,0.3463037789168453,0.5662191201192053,Random candidate from RC-SPE pooling family.,random_pool,0.6684667272392527
random_0712,risk_candidate,216,0.8240740740740741,0.6415263748597082,0.9469376633437087,0.9968734968734969,0.987012987012987,0.08571428571428572,0.8518518518518519,3,1.0,0.0,0.3276836158192091,0.16713668166781948,0.24183183478055353,0.48136694919120593,Random candidate from RC-SPE pooling family.,random_pool,1.396574480203238
random_0713,risk_candidate,216,0.7314814814814815,0.38271604938271603,0.9324042185862332,0.9836459836459837,1.0,0.0,0.14814814814814814,22,1.0,0.0,0.3333333333333333,0.1821215442730088,0.3511439800215282,0.5857775605886447,Random candidate from RC-SPE pooling family.,random_pool,1.5817331263238572
random_0714,risk_candidate,216,0.8657407407407407,0.7142376142376142,0.9547939913572017,0.9990379990379991,0.9935064935064936,0.37142857142857144,0.7777777777777778,3,1.0,0.0,0.3333333333333333,0.07733139488856908,0.19021678538974462,0.35345071075803036,Random candidate from RC-SPE pooling family.,random_pool,0.9086642138717965
random_0715,risk_candidate,216,0.7685185185185185,0.49902196568863233,0.941754295233352,0.98989898989899,0.987012987012987,0.02857142857142857,0.48148148148148145,12,1.0,0.0,0.3276836158192091,0.11658487504869837,0.28038141106415254,0.45876567848892663,Random candidate from RC-SPE pooling family.,random_pool,0.7008556392768256
random_0716,risk_candidate,216,0.8287037037037037,0.625765592432259,0.9522044514477807,0.9968734968734969,0.9545454545454546,0.8857142857142857,0.037037037037037035,0,1.0,0.0,0.3682057276446522,0.2653822355161416,0.31916938680032914,0.5843444892030779,Random candidate from RC-SPE pooling family.,random_pool,1.607485615547981
random_0717,risk_candidate,216,0.9027777777777778,0.802934102934103,0.9546401500698726,0.9990379990379991,0.9675324675324676,0.8857142857142857,0.5555555555555556,0,0.9982788296041308,0.0017211703958691649,0.3393726865380869,0.1782815596487149,0.22546986660405657,0.44233562256013526,Random candidate from RC-SPE pooling family.,random_pool,0.9311232923005496
random_0718,risk_candidate,216,0.8009259259259259,0.5679012345679012,0.9557698287916269,0.9973544973544973,1.0,0.0,0.7037037037037037,8,1.0,0.0,0.3333333333333333,0.1408156650239038,0.2598119582443627,0.47873934796055695,Random candidate from RC-SPE pooling family.,random_pool,1.3470749828750581
random_0719,risk_candidate,216,0.7592592592592593,0.4567901234567901,0.9459626872294008,0.9942279942279942,1.0,0.0,0.37037037037037035,17,1.0,0.0,0.3333333333333333,0.14154775863330524,0.3466324750917739,0.6178873252735355,Random candidate from RC-SPE pooling family.,random_pool,0.9382696793749399
random_0720,risk_candidate,216,0.75,0.4264550264550264,0.9357803082798738,0.98989898989899,1.0,0.05714285714285714,0.2222222222222222,19,1.0,0.0,0.3333333333333333,0.17011698375132728,0.35730879794059817,0.5877768940230321,Random candidate from RC-SPE pooling family.,random_pool,0.6250609722734307
random_0721,risk_candidate,216,0.9027777777777778,0.8328683662016996,0.9375117612105804,0.9985569985569985,0.961038961038961,0.6857142857142857,0.8518518518518519,0,1.0,0.0,0.3220338983050847,0.36118234278414274,0.3621535952400616,0.6702974148739413,Random candidate from RC-SPE pooling family.,random_pool,1.780198732252201
random_0722,risk_candidate,216,0.16203703703703703,0.3333333333333333,0.9504372843972528,0.9992784992784993,0.0,1.0,0.0,0,0.0,1.0,0.3333333333333333,0.4554317515647004,0.7177242598703595,1.0351068513521657,Random candidate from RC-SPE pooling family.,random_pool,2.08021061770463
random_0723,risk_candidate,216,0.8564814814814815,0.7194805194805195,0.9357549724933237,0.9990379990379991,0.987012987012987,0.17142857142857143,1.0,0,1.0,0.0,0.31022085259373394,0.16390500226839275,0.23880983662633617,0.4838822453019561,Random candidate from RC-SPE pooling family.,random_pool,1.1767323458549441
random_0724,risk_candidate,216,0.7222222222222222,0.38181818181818183,0.9175248814913847,0.9761904761904762,0.974025974025974,0.17142857142857143,0.0,19,1.0,0.0,0.37969998051821546,0.22813125755158467,0.3678339883688763,0.7059687095101986,Random candidate from RC-SPE pooling family.,random_pool,1.7680617553784614
random_0725,risk_candidate,216,0.5740740740740741,0.585345518678852,0.946279643983889,1.0,0.5454545454545454,0.9142857142857143,0.2962962962962963,0,0.0,1.0,0.3333333333333333,0.03795658819097998,0.48920540714053,0.7550388543368813,Random candidate from RC-SPE pooling family.,random_pool,1.4837620156804607
random_0726,risk_candidate,216,0.8796296296296297,0.7484527817861152,0.9532808979722119,0.9990379990379991,0.9935064935064936,0.4,0.8518518518518519,1,1.0,0.0,0.3333333333333333,0.06911573963392767,0.18370130644358684,0.3462903206884062,Random candidate from RC-SPE pooling family.,random_pool,0.8083817017140695
random_0727,risk_candidate,216,0.8888888888888888,0.7630751964085297,0.954742486880087,0.9995189995189995,0.9675324675324676,0.9142857142857143,0.4074074074074074,0,1.0,0.0,0.3333333333333333,0.3319694930385709,0.36337209457986974,0.6511625399013836,Random candidate from RC-SPE pooling family.,random_pool,2.051734167678434
random_0728,risk_candidate,216,0.7777777777777778,0.5061728395061729,0.9538416793866297,0.9992784992784993,1.0,0.0,0.5185185185185185,13,1.0,0.0,0.3333333333333333,0.12949524196264156,0.23802861910157558,0.4225018733405832,Random candidate from RC-SPE pooling family.,random_pool,1.2499751348199315
random_0729,risk_candidate,216,0.8009259259259259,0.5928010261343595,0.9425413655561229,0.9889369889369889,0.9805194805194806,0.05714285714285714,0.7407407407407407,6,1.0,0.0,0.3220338983050847,0.10586365411069303,0.2521725167472323,0.4297200927603096,Random candidate from RC-SPE pooling family.,random_pool,0.762548475146726
random_0730,risk_candidate,216,0.7222222222222222,0.37838704505371173,0.9146671323076356,0.9747474747474747,0.987012987012987,0.0,0.14814814814814814,20,1.0,0.0,0.3163841807909605,0.23577023391845114,0.475764027347384,0.9763377460925321,Random candidate from RC-SPE pooling family.,random_pool,0.6584953780885607
random_0731,risk_candidate,216,0.7824074074074074,0.5258778258778259,0.9531185504277381,0.9951899951899952,0.9935064935064936,0.02857142857142857,0.5555555555555556,11,1.0,0.0,0.3333333333333333,0.10455444993811693,0.27021076793248,0.4501297396285761,Random candidate from RC-SPE pooling family.,random_pool,0.6649584682427001
random_0732,risk_candidate,216,0.8425925925925926,0.7527176527176528,0.9174811245032658,0.9903799903799904,0.9025974025974026,0.8,0.5555555555555556,0,0.08261617900172118,0.9173838209982789,0.3218390804597701,0.3629034354241643,0.4637810739301006,0.7850360413464903,Random candidate from RC-SPE pooling family.,random_pool,1.7603299718691119
random_0733,risk_candidate,216,0.7083333333333334,0.3718935385602052,0.8557053684766885,0.9514189514189514,0.9675324675324676,0.0,0.14814814814814814,20,1.0,0.0,0.3050847457627119,0.2694233465222522,0.5298470412078274,1.431445574714906,Random candidate from RC-SPE pooling family.,random_pool,0.6480439886184233
random_0734,risk_candidate,216,0.7129629629629629,0.3333333333333333,0.9490618834866575,0.9959114959114959,1.0,0.0,0.0,27,1.0,0.0,0.3333333333333333,0.25385781001247365,0.3405160076133437,0.5815827010530191,Random candidate from RC-SPE pooling family.,random_pool,2.154795196676762
random_0735,risk_candidate,216,0.8611111111111112,0.7482603815937149,0.9360946913397896,0.9987974987974988,0.9675324675324676,0.3142857142857143,0.9629629629629629,0,1.0,0.0,0.3276836158192091,0.11369601985317629,0.20471251809884602,0.41465620647629714,Random candidate from RC-SPE pooling family.,random_pool,0.905956282259233
random_0736,risk_candidate,216,0.9027777777777778,0.8345839345839345,0.9461429163869917,0.9968734968734969,0.9545454545454546,0.7714285714285715,0.7777777777777778,0,0.9982788296041308,0.0017211703958691649,0.3496980323397623,0.17745307734728566,0.21546094195257892,0.4281738723693067,Random candidate from RC-SPE pooling family.,random_pool,0.9220182399144624
random_0737,risk_candidate,216,0.9027777777777778,0.8317620650953984,0.939405730436136,0.9978354978354979,0.9545454545454546,0.8,0.7407407407407407,0,0.9672977624784854,0.03270223752151458,0.3611922852133255,0.3687182039814287,0.37979638112586067,0.6754693988647809,Random candidate from RC-SPE pooling family.,random_pool,1.8704957552234243
random_0738,risk_candidate,216,0.7175925925925926,0.3762225428892096,0.9105289922727452,0.9728234728234728,0.9805194805194806,0.0,0.14814814814814814,20,1.0,0.0,0.3163841807909605,0.21586204093923003,0.3541830783008273,0.633048123389218,Random candidate from RC-SPE pooling family.,random_pool,2.2206017842500976
random_0739,risk_candidate,216,0.7314814814814815,0.38271604938271603,0.9379258010771064,0.9901394901394901,1.0,0.0,0.14814814814814814,23,1.0,0.0,0.3333333333333333,0.19757331290087893,0.4080861472229795,0.6993889637447938,Random candidate from RC-SPE pooling family.,random_pool,0.9214624491859288
random_0740,risk_candidate,216,0.7222222222222222,0.3987493987493987,0.9149151513324841,0.9716209716209716,0.974025974025974,0.0,0.2222222222222222,18,1.0,0.0,0.3050847457627119,0.1833785367821512,0.3879802023356598,0.6360926610426574,Random candidate from RC-SPE pooling family.,random_pool,0.8586700471184492
random_0741,risk_candidate,216,0.7407407407407407,0.40740740740740744,0.949196647779568,0.9980759980759981,1.0,0.0,0.2222222222222222,21,1.0,0.0,0.3333333333333333,0.15663421746148576,0.32286779003731575,0.5744590881029015,Random candidate from RC-SPE pooling family.,random_pool,1.6120065803337453
random_0742,risk_candidate,216,0.2222222222222222,0.4921115921115921,0.9234218870531801,0.9978354978354979,0.006493506493506494,0.9142857142857143,0.5555555555555556,0,0.0,1.0,0.3333333333333333,0.3465617915868658,0.6118094794724228,0.9198751818097668,Random candidate from RC-SPE pooling family.,random_pool,1.4585918274465786
random_0743,risk_candidate,216,0.8888888888888888,0.7975468975468974,0.9528257622829353,0.9949494949494949,0.9545454545454546,0.7714285714285715,0.6666666666666666,0,1.0,0.0,0.39119423339177867,0.25868099813517176,0.275402580081776,0.5339538724629913,Random candidate from RC-SPE pooling family.,random_pool,1.3511494429222732
random_0744,risk_candidate,216,0.6759259259259259,0.5588744588744589,0.9464972913807985,0.9947089947089947,0.7337662337662337,0.9428571428571428,0.0,0,0.0017211703958691911,0.9982788296041308,0.3446327683615819,0.13957382788566242,0.5013126531855886,0.784420483358278,Random candidate from RC-SPE pooling family.,random_pool,1.745765552297986
random_0745,risk_candidate,216,0.8194444444444444,0.6421837421837422,0.9446198122789079,0.9935064935064936,0.9805194805194806,0.05714285714285714,0.8888888888888888,2,1.0,0.0,0.3220338983050847,0.08415551057920487,0.22835423186018902,0.423252271806696,Random candidate from RC-SPE pooling family.,random_pool,0.7036280134618083
random_0746,risk_candidate,216,0.8842592592592593,0.7704826038159371,0.9546976678599748,0.9980759980759981,0.9675324675324676,0.7142857142857143,0.6296296296296297,0,1.0,0.0,0.3506721215663355,0.13905544999101635,0.19932457964075975,0.3980304470158525,Random candidate from RC-SPE pooling family.,random_pool,1.0014974204452771
random_0747,risk_candidate,216,0.6666666666666666,0.6258136924803591,0.9392409942986303,0.9951899951899952,0.6753246753246753,0.9428571428571428,0.25925925925925924,0,0.0017211703958691911,0.9982788296041308,0.3446327683615819,0.1281763537304101,0.4785806878990155,0.744808864210726,Random candidate from RC-SPE pooling family.,random_pool,1.2313239856327276
random_0748,risk_candidate,216,0.8287037037037037,0.6510501843835177,0.9532357789690717,0.9973544973544973,0.987012987012987,0.11428571428571428,0.8518518518518519,3,1.0,0.0,0.3333333333333333,0.07055379018920627,0.212700945626605,0.3703941665602154,Random candidate from RC-SPE pooling family.,random_pool,0.7278083014220851
random_0749,risk_candidate,216,0.9074074074074074,0.8395703062369729,0.9472840603976312,0.9985569985569985,0.961038961038961,0.7428571428571429,0.8148148148148148,0,0.9982788296041308,0.0017211703958691649,0.3278784336645237,0.12829066766197905,0.17956177111223556,0.370150821893401,Random candidate from RC-SPE pooling family.,random_pool,0.7906897168688409
random_0750,risk_candidate,216,0.7407407407407407,0.439666506333173,0.920928942419577,0.9754689754689755,0.974025974025974,0.08571428571428572,0.25925925925925924,17,1.0,0.0,0.33372296902396253,0.12862028148601837,0.3063968558481931,0.5189039384023382,Random candidate from RC-SPE pooling family.,random_pool,0.7655384136395752
random_0751,risk_candidate,216,0.18518518518518517,0.400705467372134,0.9192937776379472,0.9980759980759981,0.0,0.9428571428571428,0.25925925925925924,0,0.0,1.0,0.3333333333333333,0.41975763561489643,0.6570747389448213,0.9550942087570328,Random candidate from RC-SPE pooling family.,random_pool,1.4202641883129015
random_0752,risk_candidate,216,0.7129629629629629,0.3740580407247074,0.8929409647508576,0.9663299663299664,0.974025974025974,0.0,0.14814814814814814,20,1.0,0.0,0.3050847457627119,0.24459112694999735,0.48404035596174305,0.8983804456473756,Random candidate from RC-SPE pooling family.,random_pool,0.7431589536629398
random_0753,risk_candidate,216,0.8055555555555556,0.6006092672759339,0.9479217261021521,0.9947089947089947,0.987012987012987,0.0,0.8148148148148148,4,1.0,0.0,0.3276836158192091,0.09427117428220724,0.24753280365570277,0.43683738647007037,Random candidate from RC-SPE pooling family.,random_pool,0.8626111357174715
random_0754,risk_candidate,216,0.2777777777777778,0.554272887606221,0.9103914369576396,0.9983164983164983,0.06493506493506493,0.8571428571428571,0.7407407407407407,0,0.0,1.0,0.3333333333333333,0.3173038391249845,0.6185878829944577,0.9462971474044122,Random candidate from RC-SPE pooling family.,random_pool,1.0054624270174313
random_0755,risk_candidate,216,0.8564814814814815,0.7054834054834056,0.9510769783341737,0.9949494949494949,0.9545454545454546,0.8285714285714286,0.3333333333333333,1,1.0,0.0,0.37268653808688873,0.12952597430127769,0.23226554166944866,0.4482013436639509,Random candidate from RC-SPE pooling family.,random_pool,0.9335711282441586
random_0756,risk_candidate,216,0.8796296296296297,0.7830367163700497,0.948447418286425,0.9951899951899952,0.948051948051948,0.7714285714285715,0.6296296296296297,0,1.0,0.0,0.39119423339177867,0.10030216498165,0.19674170822577824,0.3832216581732709,Random candidate from RC-SPE pooling family.,random_pool,0.6821759245431536
random_0757,risk_candidate,216,0.8518518518518519,0.7144941478274811,0.9423566911569973,0.9987974987974988,0.9805194805194806,0.2,0.9629629629629629,0,1.0,0.0,0.3276836158192091,0.22012872100412575,0.26620906455998633,0.5352748541562998,Random candidate from RC-SPE pooling family.,random_pool,1.39188108708575
random_0758,risk_candidate,216,0.8148148148148148,0.6049382716049383,0.9525409480563708,0.9990379990379991,1.0,0.0,0.8148148148148148,5,1.0,0.0,0.3333333333333333,0.14694666051105004,0.29207136817277096,0.6074139716411023,Random candidate from RC-SPE pooling family.,random_pool,1.5316305670958719
random_0759,risk_candidate,216,0.16666666666666666,0.345679012345679,0.9426468629036996,1.0,0.0,1.0,0.037037037037037035,0,0.0,1.0,0.3333333333333333,0.43401197768053346,0.6457444772136748,0.9338124178016541,Random candidate from RC-SPE pooling family.,random_pool,1.6333745713680186
random_0760,risk_candidate,216,0.7361111111111112,0.4171396504729838,0.9371934883195833,0.9841269841269841,0.9805194805194806,0.08571428571428572,0.18518518518518517,19,1.0,0.0,0.3278784336645237,0.1598131578955274,0.29677421269254123,0.4947905604677607,Random candidate from RC-SPE pooling family.,random_pool,0.825872995614745
random_0761,risk_candidate,216,0.7916666666666666,0.5505691839025172,0.9528640592518643,0.9973544973544973,0.9935064935064936,0.02857142857142857,0.6296296296296297,10,1.0,0.0,0.3333333333333333,0.1040088156837968,0.2449701906869072,0.4258566295424565,Random candidate from RC-SPE pooling family.,random_pool,1.0976056941011425
random_0762,risk_candidate,216,0.9074074074074074,0.8209235209235209,0.9494560100151851,0.9990379990379991,0.9675324675324676,0.8285714285714286,0.6666666666666666,0,1.0,0.0,0.3680109097993376,0.13396901480233558,0.18362448082761595,0.369963742319324,Random candidate from RC-SPE pooling family.,random_pool,0.7154190875959128
random_0763,risk_candidate,216,0.8657407407407407,0.7272406605739938,0.9566457048326876,0.9985569985569985,0.987012987012987,0.34285714285714286,0.8518518518518519,2,1.0,0.0,0.3333333333333333,0.14279957148093478,0.20509834900633528,0.4185713811074599,Random candidate from RC-SPE pooling family.,random_pool,1.1608503665339045
random_0764,risk_candidate,216,0.7546296296296297,0.4591630591630591,0.9354922232381853,0.9836459836459837,0.987012987012987,0.05714285714285714,0.3333333333333333,15,1.0,0.0,0.3163841807909605,0.16471275845548222,0.336706303745698,0.5513444339287212,Random candidate from RC-SPE pooling family.,random_pool,0.6259511293229808
random_0765,risk_candidate,216,0.7962962962962963,0.6355138688472022,0.9518790579153711,0.9978354978354979,0.8896103896103896,0.9428571428571428,0.07407407407407407,0,0.0034423407917383822,0.9965576592082617,0.3446327683615819,0.21165518932862268,0.4148171660182814,0.6683553555860006,Random candidate from RC-SPE pooling family.,random_pool,1.070570825083334
random_0766,risk_candidate,216,0.7314814814814815,0.38271604938271603,0.9265278462899538,0.9807599807599807,1.0,0.0,0.14814814814814814,20,1.0,0.0,0.3333333333333333,0.17809991559267177,0.41055153956073775,0.6887928014101021,Random candidate from RC-SPE pooling family.,random_pool,1.040703348826299
random_0767,risk_candidate,216,0.8287037037037037,0.6419753086419754,0.9488821944466831,1.0,1.0,0.0,0.9259259259259259,2,1.0,0.0,0.3333333333333333,0.1871444696601576,0.2889399119831364,0.5913129764622508,Random candidate from RC-SPE pooling family.,random_pool,1.6737527188536372
random_0768,risk_candidate,216,0.8888888888888888,0.7748597081930416,0.9544485809294133,0.9985569985569985,0.987012987012987,0.4857142857142857,0.8518518518518519,0,1.0,0.0,0.3333333333333333,0.10045054564931294,0.17888110522030817,0.3553377641510909,Random candidate from RC-SPE pooling family.,random_pool,0.8364063055865368
random_0769,risk_candidate,216,0.8148148148148148,0.6094757094757095,0.9530586164222473,0.9990379990379991,0.9935064935064936,0.05714285714285714,0.7777777777777778,5,1.0,0.0,0.3333333333333333,0.08719787055132155,0.24130104126445126,0.41692024534841104,Random candidate from RC-SPE pooling family.,random_pool,0.5868670744562463
random_0770,risk_candidate,216,0.8148148148148148,0.6558441558441559,0.9099267321854788,0.9954304954304954,0.9675324675324676,0.0,1.0,0,0.9982788296041308,0.0017211703958691649,0.3656908063687725,0.22012834540947693,0.3814404576249953,0.7123294597311779,Random candidate from RC-SPE pooling family.,random_pool,1.639895195476805
random_0771,risk_candidate,216,0.8194444444444444,0.625974025974026,0.9548947397231521,0.9990379990379991,0.935064935064935,0.9428571428571428,0.0,0,0.0,1.0,0.3333333333333333,0.29107226565306404,0.45315730023446815,0.7418104019411395,Random candidate from RC-SPE pooling family.,random_pool,1.9097980246087392
random_0772,risk_candidate,216,0.8611111111111112,0.7466570466570467,0.9397327118836456,0.9911014911014911,0.9415584415584416,0.7428571428571429,0.5555555555555556,0,0.8691910499139415,0.13080895008605853,0.32709916228326513,0.27966470796829096,0.3423544116200484,0.6206195943611482,Random candidate from RC-SPE pooling family.,random_pool,1.5348306946657722
random_0773,risk_candidate,216,0.8009259259259259,0.6493506493506493,0.899401078090425,0.987012987012987,0.948051948051948,0.0,1.0,0,0.3924268502581756,0.6075731497418244,0.3600410888546482,0.2480348211386984,0.45173746017570615,0.8010152484661185,Random candidate from RC-SPE pooling family.,random_pool,1.929147747399345
random_0774,risk_candidate,216,0.7407407407407407,0.40912297578964246,0.9511433772411437,0.9963924963924964,0.9935064935064936,0.08571428571428572,0.14814814814814814,20,1.0,0.0,0.3333333333333333,0.16107280857261275,0.2941688692651639,0.4856385792600249,Random candidate from RC-SPE pooling family.,random_pool,0.992744428891824
random_0775,risk_candidate,216,0.8009259259259259,0.5973384640051307,0.9422220502651139,0.9906204906204906,0.974025974025974,0.11428571428571428,0.7037037037037037,6,1.0,0.0,0.3163841807909605,0.07763810438603079,0.232448073871245,0.3996315694005885,Random candidate from RC-SPE pooling family.,random_pool,0.6872937787878792
random_0776,risk_candidate,216,0.8148148148148148,0.6049382716049383,0.956987125099915,0.9983164983164983,1.0,0.0,0.8148148148148148,5,1.0,0.0,0.3333333333333333,0.08358277140980012,0.2672430274368935,0.4779347101698961,Random candidate from RC-SPE pooling family.,random_pool,0.6903939971797288
random_0777,risk_candidate,216,0.8009259259259259,0.6289882956549623,0.9009236716082397,0.9872534872534873,0.961038961038961,0.0,0.9259259259259259,1,0.76592082616179,0.23407917383820998,0.3297380585516179,0.1827919084149296,0.32047660437969094,0.622244079629409,Random candidate from RC-SPE pooling family.,random_pool,1.1664214586445678
random_0778,risk_candidate,216,0.8333333333333334,0.6544332210998878,0.9411919154263888,0.9884559884559885,0.9675324675324676,0.5142857142857142,0.48148148148148145,6,1.0,0.0,0.35671147477108905,0.13393026014050524,0.2546437303902151,0.47845786693901204,Random candidate from RC-SPE pooling family.,random_pool,1.178777511424195
random_0779,risk_candidate,216,0.7962962962962963,0.5759179092512426,0.9473399457170313,0.9932659932659933,0.987012987012987,0.0,0.7407407407407407,7,1.0,0.0,0.3276836158192091,0.08762864989090177,0.29348456016437624,0.5533521405383587,Random candidate from RC-SPE pooling family.,random_pool,0.9386123677019826
random_0780,risk_candidate,216,0.7222222222222222,0.3987493987493987,0.9265410097717007,0.9764309764309764,0.974025974025974,0.0,0.2222222222222222,18,1.0,0.0,0.3050847457627119,0.18749722915137731,0.338653179058895,0.5475600557391928,Random candidate from RC-SPE pooling family.,random_pool,0.8304059205780604
random_0781,risk_candidate,216,0.8564814814814815,0.6929773929773931,0.950114249930528,0.9951899951899952,0.9805194805194806,0.5428571428571428,0.5555555555555556,3,1.0,0.0,0.3391778686927723,0.024556284786114175,0.19732702061518223,0.35967953916415324,Random candidate from RC-SPE pooling family.,random_pool,0.5829741874107194
random_0782,risk_candidate,216,0.8981481481481481,0.8352413019079686,0.9438633459399547,0.9975949975949976,0.948051948051948,0.7428571428571429,0.8148148148148148,0,1.0,0.0,0.40268848626534187,0.06938173514605003,0.16844517878559398,0.3347963644358046,Random candidate from RC-SPE pooling family.,random_pool,0.5581697099754707
random_0783,risk_candidate,216,0.7361111111111112,0.39113355780022446,0.9536272083490841,0.9990379990379991,0.9935064935064936,0.14285714285714285,0.037037037037037035,26,1.0,0.0,0.3333333333333333,0.1630781231985601,0.2451795193294587,0.43886105112353324,Random candidate from RC-SPE pooling family.,random_pool,1.1809009110930273
random_0784,risk_candidate,216,0.7361111111111112,0.3922398589065255,0.9358212519679964,0.9841269841269841,1.0,0.02857142857142857,0.14814814814814814,20,1.0,0.0,0.3333333333333333,0.18111412103820693,0.33125937921627624,0.5432765748919534,Random candidate from RC-SPE pooling family.,random_pool,1.181658940917665
random_0785,risk_candidate,216,0.875,0.7638287638287639,0.9477065094197226,0.9980759980759981,0.974025974025974,0.42857142857142855,0.8888888888888888,1,1.0,0.0,0.3220338983050847,0.35657015448294394,0.38825294450927045,0.7117577549728925,Random candidate from RC-SPE pooling family.,random_pool,2.1924773087715117
random_0786,risk_candidate,216,0.8842592592592593,0.7620169953503287,0.954578927603146,0.9992784992784993,0.9675324675324676,0.8,0.5185185185185185,1,1.0,0.0,0.3333333333333333,0.22842225263305208,0.263401088147918,0.5067419289970537,Random candidate from RC-SPE pooling family.,random_pool,1.4044485779478288
random_0787,risk_candidate,216,0.7453703703703703,0.4401154401154401,0.933154071646143,0.9838864838864839,0.987012987012987,0.0,0.3333333333333333,16,1.0,0.0,0.3163841807909605,0.17077283642332983,0.3506305699645126,0.5824472328270311,Random candidate from RC-SPE pooling family.,random_pool,0.7122603989245838
random_0788,risk_candidate,216,0.8194444444444444,0.6320025653358986,0.945373547920353,0.9968734968734969,0.987012987012987,0.05714285714285714,0.8518518518518519,3,1.0,0.0,0.3276836158192091,0.08813837779723427,0.23892650394888526,0.4239454810983912,Random candidate from RC-SPE pooling family.,random_pool,0.5608936121509227
random_0789,risk_candidate,216,0.7268518518518519,0.3907327240660574,0.9223264102065882,0.9752284752284752,0.987012987012987,0.0,0.18518518518518517,22,1.0,0.0,0.3276836158192091,0.19711377241930828,0.3722016066745737,0.6377300649699308,Random candidate from RC-SPE pooling family.,random_pool,1.577693066560606
random_0790,risk_candidate,216,0.7361111111111112,0.3939554272887606,0.9540817658209422,0.9995189995189995,0.9935064935064936,0.11428571428571428,0.07407407407407407,22,1.0,0.0,0.3333333333333333,0.26062303711130896,0.29391403661826687,0.5486223484277409,Random candidate from RC-SPE pooling family.,random_pool,2.0347305683312262
random_0791,risk_candidate,216,0.7407407407407407,0.4379509379509379,0.9217924341727673,0.9761904761904762,0.9805194805194806,0.0,0.3333333333333333,17,1.0,0.0,0.3050847457627119,0.19275230092028453,0.3963302885658922,0.7566653863553695,Random candidate from RC-SPE pooling family.,random_pool,0.7292082105457275
random_0792,risk_candidate,216,0.8981481481481481,0.8064133397466731,0.9562990990235974,0.9985569985569985,0.961038961038961,0.8285714285714286,0.6296296296296297,0,0.43029259896729777,0.5697074010327022,0.3331385154880187,0.1067872809996333,0.18100935397310305,0.36738289041031924,Random candidate from RC-SPE pooling family.,random_pool,0.616827137385181
random_0793,risk_candidate,216,0.7731481481481481,0.4898989898989899,0.9511760134790074,0.993987493987494,0.9935064935064936,0.14285714285714285,0.3333333333333333,15,1.0,0.0,0.3278784336645237,0.2056939928328814,0.28752899927997644,0.5431125170764033,Random candidate from RC-SPE pooling family.,random_pool,1.6728494271721144
random_0794,risk_candidate,216,0.8657407407407407,0.7815776815776815,0.9205999228443017,0.9951899951899952,0.9415584415584416,0.5142857142857142,0.8888888888888888,0,1.0,0.0,0.28073251509838304,0.22525753536094892,0.28527155182693675,0.5545434243954374,Random candidate from RC-SPE pooling family.,random_pool,1.1463357933933815
random_0795,risk_candidate,216,0.7407407407407407,0.4017636684303351,0.9280875776431244,0.98003848003848,1.0,0.05714285714285714,0.14814814814814814,20,1.0,0.0,0.3220338983050847,0.1702083809850571,0.391135153841712,0.6548627287969176,Random candidate from RC-SPE pooling family.,random_pool,0.8779778901948253
random_0796,risk_candidate,216,0.24074074074074073,0.5544973544973545,0.9127730547093087,0.9987974987974988,0.0,0.8857142857142857,0.7777777777777778,0,0.0,1.0,0.3333333333333333,0.33826463777342713,0.6415634696544527,1.0029342875475675,Random candidate from RC-SPE pooling family.,random_pool,1.7188641553223047
random_0797,risk_candidate,216,0.9120370370370371,0.8519159852493186,0.938854225900284,0.9985569985569985,0.961038961038961,0.7428571428571429,0.8518518518518519,0,0.9982788296041308,0.0017211703958691649,0.3553477498538866,0.2058636020100992,0.2216839317011731,0.448690034949693,Random candidate from RC-SPE pooling family.,random_pool,0.9117340489614558
random_0798,risk_candidate,216,0.7314814814814815,0.38271604938271603,0.933460542488334,0.9850889850889851,1.0,0.0,0.14814814814814814,22,1.0,0.0,0.3333333333333333,0.16155865619485416,0.3733112389886194,0.6068871192044555,Random candidate from RC-SPE pooling family.,random_pool,1.0594353641881948
random_0799,risk_candidate,216,0.7638888888888888,0.4454545454545455,0.9492310385662508,0.9980759980759981,0.9935064935064936,0.34285714285714286,0.0,16,1.0,0.0,0.3333333333333333,0.2130638199954361,0.3108458116599151,0.580737225099171,Random candidate from RC-SPE pooling family.,random_pool,1.7440594656879107
random_0800,risk_candidate,216,0.8518518518518519,0.697675164341831,0.9559337937785476,0.9978354978354979,0.948051948051948,0.8857142857142857,0.25925925925925924,0,0.4388984509466437,0.5611015490533563,0.3446327683615819,0.26836382389903174,0.34102838172721306,0.6141781550177188,Random candidate from RC-SPE pooling family.,random_pool,1.5009253548208714
random_0801,risk_candidate,216,0.8518518518518519,0.6812409812409813,0.9527905319247721,0.9961519961519961,0.9675324675324676,0.7428571428571429,0.3333333333333333,2,1.0,0.0,0.39119423339177867,0.043991744952190215,0.21508215008721784,0.41516660151396395,Random candidate from RC-SPE pooling family.,random_pool,0.707522455743015
random_0802,risk_candidate,216,0.8009259259259259,0.5984447651114317,0.9288491355973441,0.9872534872534873,0.9805194805194806,0.0,0.8148148148148148,5,1.0,0.0,0.3163841807909605,0.08707766292468166,0.315054005452342,0.650087176794181,Random candidate from RC-SPE pooling family.,random_pool,1.24733922897741
random_0803,risk_candidate,216,0.7962962962962963,0.5629148629148629,0.9555957664045612,0.9985569985569985,0.9935064935064936,0.02857142857142857,0.6666666666666666,9,1.0,0.0,0.3333333333333333,0.11191790666721702,0.23757026485109484,0.4232136716162271,Random candidate from RC-SPE pooling family.,random_pool,1.162989043019664
random_0804,risk_candidate,216,0.8194444444444444,0.6172839506172839,0.953653514939767,0.9992784992784993,1.0,0.0,0.8518518518518519,4,1.0,0.0,0.3333333333333333,0.08011298910986303,0.22650486337654885,0.3911668901579724,Random candidate from RC-SPE pooling family.,random_pool,0.7661719605479613
random_0805,risk_candidate,216,0.7638888888888888,0.47367324033990704,0.9431314506927665,0.9915824915824916,0.9935064935064936,0.05714285714285714,0.37037037037037035,15,1.0,0.0,0.3333333333333333,0.13944712939743653,0.27826234531843724,0.46136367139351114,Random candidate from RC-SPE pooling family.,random_pool,0.9506899594092653
random_0806,risk_candidate,216,0.7962962962962963,0.6166426166426167,0.9143016451360291,0.9817219817219818,0.961038961038961,0.0,0.8888888888888888,2,1.0,0.0,0.3050847457627119,0.1562055390132327,0.2971324759526271,0.571246941106674,Random candidate from RC-SPE pooling family.,random_pool,1.4352882162198366
random_0807,risk_candidate,216,0.8055555555555556,0.6107904441237775,0.9374686639840405,0.9884559884559885,0.9805194805194806,0.0,0.8518518518518519,3,1.0,0.0,0.3163841807909605,0.13610539382933567,0.2632059909642921,0.5010246669740743,Random candidate from RC-SPE pooling family.,random_pool,1.1706282094137073
random_0808,risk_candidate,216,0.16666666666666666,0.345679012345679,0.9295439764583269,0.9903799903799904,0.0,1.0,0.037037037037037035,0,0.0,1.0,0.3333333333333333,0.4130751381618664,0.6629123785649486,0.9830242679628035,Random candidate from RC-SPE pooling family.,random_pool,1.653081280806824
random_0809,risk_candidate,216,0.7731481481481481,0.5011864678531345,0.9522018337267705,0.9980759980759981,0.9935064935064936,0.02857142857142857,0.48148148148148145,13,1.0,0.0,0.3333333333333333,0.1084012356779585,0.27241582564021627,0.44468226109311926,Random candidate from RC-SPE pooling family.,random_pool,0.7590055341210872
random_0810,risk_candidate,216,0.7407407407407407,0.40740740740740744,0.9512580307120793,0.9954304954304954,1.0,0.0,0.2222222222222222,21,1.0,0.0,0.3333333333333333,0.17635871029360303,0.3194162114040523,0.5368674481294206,Random candidate from RC-SPE pooling family.,random_pool,1.329966713701122
random_0811,risk_candidate,216,0.8194444444444444,0.5907808241141574,0.9488537302959371,0.9971139971139971,0.9935064935064936,0.37142857142857144,0.4074074074074074,12,1.0,0.0,0.3333333333333333,0.06413986104030854,0.22280544341538494,0.4023292314323233,Random candidate from RC-SPE pooling family.,random_pool,0.8325518706051821
random_0812,risk_candidate,216,0.7453703703703703,0.41693121693121693,0.9452313275490192,0.9942279942279942,1.0,0.02857142857142857,0.2222222222222222,19,1.0,0.0,0.3333333333333333,0.15974636208031212,0.29484045682391313,0.487658213859511,Random candidate from RC-SPE pooling family.,random_pool,1.118328532440411
random_0813,risk_candidate,216,0.8194444444444444,0.6421837421837422,0.9275913912158634,0.9923039923039924,0.9805194805194806,0.05714285714285714,0.8888888888888888,2,1.0,0.0,0.3050847457627119,0.12210079335137401,0.2396060611546353,0.4561699345956662,Random candidate from RC-SPE pooling family.,random_pool,0.8593258665644707
random_0814,risk_candidate,216,0.8842592592592593,0.7772326438993106,0.954270127222617,0.9980759980759981,0.974025974025974,0.5428571428571428,0.8148148148148148,0,1.0,0.0,0.3333333333333333,0.08899229974268627,0.17200089988985207,0.342080027308619,Random candidate from RC-SPE pooling family.,random_pool,0.7939239803733833
random_0815,risk_candidate,216,0.8240740740740741,0.626422959756293,0.9478557256556162,0.9903799903799904,0.948051948051948,0.8571428571428571,0.07407407407407407,0,0.9862306368330465,0.013769363166953541,0.3613871030586402,0.24790774003972582,0.3270014144970318,0.5971034450747632,Random candidate from RC-SPE pooling family.,random_pool,1.4875196319094832
random_0816,risk_candidate,216,0.8935185185185185,0.7979958313291645,0.9560791234112598,0.9980759980759981,0.9675324675324676,0.6857142857142857,0.7407407407407407,0,1.0,0.0,0.3333333333333333,0.03987061025715219,0.15871308910686946,0.3029689774775444,Random candidate from RC-SPE pooling family.,random_pool,0.5582358642895742
random_0817,risk_candidate,216,0.875,0.7508257174923841,0.9553825910777974,0.9990379990379991,0.9805194805194806,0.45714285714285713,0.8148148148148148,0,1.0,0.0,0.3333333333333333,0.11502541763614774,0.18498161384085296,0.36677287947102893,Random candidate from RC-SPE pooling family.,random_pool,0.9978846422506932
random_0818,risk_candidate,216,0.7268518518518519,0.3941638608305275,0.9253595129373747,0.9781144781144782,0.974025974025974,0.17142857142857143,0.037037037037037035,19,1.0,0.0,0.3970387687512176,0.22391676903766453,0.35076507063718004,0.6389888006333327,Random candidate from RC-SPE pooling family.,random_pool,1.7695082012233785
random_0819,risk_candidate,216,0.8101851851851852,0.6129549462882796,0.9485242027762122,0.9968734968734969,0.987012987012987,0.0,0.8518518518518519,3,1.0,0.0,0.3276836158192091,0.2344138883147675,0.3073297168090431,0.5952101840736422,Random candidate from RC-SPE pooling family.,random_pool,2.114286597988736
random_0820,risk_candidate,216,0.7638888888888888,0.6393939393939394,0.913112742705518,1.0,0.8896103896103896,0.02857142857142857,1.0,0,0.039586919104991396,0.9604130808950087,0.3446327683615819,0.27312441220836303,0.4674761949076233,0.7859491922491588,Random candidate from RC-SPE pooling family.,random_pool,1.2964024766706124
random_0821,risk_candidate,216,0.8194444444444444,0.6320025653358986,0.9434295110564829,0.9959114959114959,0.987012987012987,0.05714285714285714,0.8518518518518519,3,1.0,0.0,0.3276836158192091,0.12277913118327073,0.22558923627639477,0.43338645847114354,Random candidate from RC-SPE pooling family.,random_pool,1.0740584075363546
random_0822,risk_candidate,216,0.7129629629629629,0.3740580407247074,0.9161299401975235,0.9723424723424724,0.974025974025974,0.0,0.14814814814814814,20,1.0,0.0,0.3050847457627119,0.22656706246310582,0.4296719678374181,0.7426571944636943,Random candidate from RC-SPE pooling family.,random_pool,0.6874435913837261
random_0823,risk_candidate,216,0.7222222222222222,0.35802469135802467,0.9533210933167148,0.9990379990379991,1.0,0.0,0.07407407407407407,25,1.0,0.0,0.3333333333333333,0.17481015327239058,0.3487794294393669,0.5527996486425368,Random candidate from RC-SPE pooling family.,random_pool,1.018114979845489
random_0824,risk_candidate,216,0.8611111111111112,0.7137886804553472,0.9465224702173288,0.9925444925444925,0.9805194805194806,0.45714285714285713,0.7037037037037037,4,1.0,0.0,0.3335281511786479,0.08004019400507191,0.21217825003750293,0.3818566404412202,Random candidate from RC-SPE pooling family.,random_pool,0.6821286709792385
random_0825,risk_candidate,216,0.8194444444444444,0.6348244348244348,0.9501498406493224,0.9975949975949976,0.987012987012987,0.02857142857142857,0.8888888888888888,3,1.0,0.0,0.3276836158192091,0.13202936873442123,0.23367001612667918,0.45041067851607786,Random candidate from RC-SPE pooling family.,random_pool,1.161345893457398
random_0826,risk_candidate,216,0.8796296296296297,0.767708834375501,0.954417374280804,0.9978354978354979,0.974025974025974,0.5142857142857142,0.8148148148148148,1,1.0,0.0,0.3333333333333333,0.04998953004225176,0.16937426219305646,0.31783283766139364,Random candidate from RC-SPE pooling family.,random_pool,0.687003833350736
random_0827,risk_candidate,216,0.7314814814814815,0.4121532788199455,0.9159016525841172,0.9752284752284752,0.974025974025974,0.11428571428571428,0.14814814814814814,20,1.0,0.0,0.3682057276446522,0.22532301514851255,0.35239665684091476,0.6222176867745959,Random candidate from RC-SPE pooling family.,random_pool,1.488201714222922
random_0828,risk_candidate,216,0.7592592592592593,0.4567901234567901,0.9527680166877642,0.9990379990379991,1.0,0.0,0.37037037037037035,17,1.0,0.0,0.3333333333333333,0.1273620251201577,0.2919246467186516,0.4706412536386981,Random candidate from RC-SPE pooling family.,random_pool,0.7769764073604984
random_0829,risk_candidate,216,0.8703703703703703,0.7464486131152798,0.953613821083914,0.9956709956709957,0.961038961038961,0.6857142857142857,0.5925925925925926,0,0.9982788296041308,0.0017211703958691649,0.3393726865380869,0.08064004992727003,0.17530369926316855,0.345419313936016,Random candidate from RC-SPE pooling family.,random_pool,0.6895647947496183
random_0830,risk_candidate,216,0.7962962962962963,0.5223023889690556,0.9548722244861443,0.9990379990379991,0.987012987012987,0.5428571428571428,0.037037037037037035,12,1.0,0.0,0.3333333333333333,0.2515448665798766,0.3192477692668238,0.5928966183650117,Random candidate from RC-SPE pooling family.,random_pool,2.1314265019845338
random_0831,risk_candidate,216,0.7129629629629629,0.3333333333333333,0.9402556597179813,0.9947089947089947,1.0,0.0,0.0,27,1.0,0.0,0.3333333333333333,0.19809053868126983,0.41957533695676086,0.68750647007566,Random candidate from RC-SPE pooling family.,random_pool,1.5522189226452126
random_0832,risk_candidate,216,0.7962962962962963,0.5636363636363636,0.9336555262706715,0.9812409812409812,0.948051948051948,0.7428571428571429,0.0,0,0.919104991394148,0.08089500860585197,0.3557373855445159,0.22178444967432231,0.3503640520251428,0.6426137111821704,Random candidate from RC-SPE pooling family.,random_pool,1.368021357456013
random_0833,risk_candidate,216,0.7314814814814815,0.43362193362193363,0.8951415636736139,0.9708994708994709,0.9675324675324676,0.0,0.3333333333333333,15,1.0,0.0,0.3050847457627119,0.1295046323823925,0.3491131331961252,0.6207569052098536,Random candidate from RC-SPE pooling family.,random_pool,1.0045834298517489
random_0834,risk_candidate,216,0.7268518518518519,0.3703703703703704,0.9168385640853742,0.9745069745069745,1.0,0.0,0.1111111111111111,24,1.0,0.0,0.3333333333333333,0.20189874231065405,0.4095110146174395,0.6938668648735221,Random candidate from RC-SPE pooling family.,random_pool,1.7936245816947731
random_0835,risk_candidate,216,0.8703703703703703,0.7527016193682861,0.9489629849190324,0.9937469937469937,0.948051948051948,0.8285714285714286,0.48148148148148145,0,0.9827882960413081,0.01721170395869187,0.3613871030586402,0.2595590834699104,0.31411415078957183,0.5778440661884909,Random candidate from RC-SPE pooling family.,random_pool,1.4660664984521037
random_0836,risk_candidate,216,0.9120370370370371,0.8536315536315536,0.9515999189189636,0.9980759980759981,0.9545454545454546,0.8285714285714286,0.7777777777777778,0,0.9965576592082617,0.0034423407917383297,0.35554256769920123,0.26165154446482597,0.25815387117803895,0.5013139383224708,Random candidate from RC-SPE pooling family.,random_pool,1.2467127266901779
random_0837,risk_candidate,216,0.7314814814814815,0.38271604938271603,0.9334117469600901,0.9850889850889851,1.0,0.0,0.14814814814814814,23,1.0,0.0,0.3333333333333333,0.17490164646487585,0.37094455179390917,0.6563086128159452,Random candidate from RC-SPE pooling family.,random_pool,1.7064939809493205
random_0838,risk_candidate,216,0.8194444444444444,0.6038961038961039,0.9501389608274012,0.9951899951899952,0.9545454545454546,0.8571428571428571,0.0,2,1.0,0.0,0.3970387687512176,0.1678101300005445,0.2805682202324188,0.5387357309215655,Random candidate from RC-SPE pooling family.,random_pool,1.0824786503271981
random_0839,risk_candidate,216,0.7638888888888888,0.46913580246913583,0.9531254346916264,0.9985569985569985,1.0,0.0,0.4074074074074074,16,1.0,0.0,0.3333333333333333,0.15060554271698565,0.25542634445728624,0.4472533433522417,Random candidate from RC-SPE pooling family.,random_pool,1.3156275080258437
random_0840,risk_candidate,216,0.7777777777777778,0.507888407888408,0.9508908080415547,0.9963924963924964,0.9935064935064936,0.08571428571428572,0.4444444444444444,13,1.0,0.0,0.3333333333333333,0.12637062556872225,0.25729831418258253,0.44754912771409616,Random candidate from RC-SPE pooling family.,random_pool,1.104287879459376
random_0841,risk_candidate,216,0.7916666666666666,0.5670033670033671,0.9426682235579441,0.9889369889369889,0.974025974025974,0.17142857142857143,0.5555555555555556,9,1.0,0.0,0.3452172218975258,0.20642699828610622,0.293103974582782,0.5574088365391977,Random candidate from RC-SPE pooling family.,random_pool,1.5127528683387717
random_0842,risk_candidate,216,0.8796296296296297,0.7750681417348084,0.9505882125313535,0.9971139971139971,0.9675324675324676,0.5428571428571428,0.8148148148148148,1,1.0,0.0,0.3450224040522112,0.057965704435189586,0.1719132976884053,0.3224180625467078,Random candidate from RC-SPE pooling family.,random_pool,0.5712125710410974
random_0843,risk_candidate,216,0.8935185185185185,0.8257174923841591,0.9221723529674622,0.9973544973544973,0.948051948051948,0.7142857142857143,0.8148148148148148,0,0.11876075731497418,0.8812392426850258,0.3218390804597701,0.23067330704264755,0.2860935668179301,0.530574846568443,Random candidate from RC-SPE pooling family.,random_pool,0.8299678539379042
random_0844,risk_candidate,216,0.8564814814814815,0.7138367805034472,0.9387828869835113,0.9997594997594997,0.987012987012987,0.22857142857142856,0.9259259259259259,0,1.0,0.0,0.3276836158192091,0.23988236916192643,0.2617689807073221,0.527502061651044,Random candidate from RC-SPE pooling family.,random_pool,1.528090262521571
random_0845,risk_candidate,216,0.7407407407407407,0.42384159050825715,0.9351091104100515,0.9824434824434825,0.9805194805194806,0.14285714285714285,0.14814814814814814,20,1.0,0.0,0.3393726865380869,0.1793850578714908,0.301680493444614,0.5262393933218477,Random candidate from RC-SPE pooling family.,random_pool,1.1587879456540973
random_0846,risk_candidate,216,0.8194444444444444,0.6048901715568382,0.9535423836897353,0.9975949975949976,0.9935064935064936,0.22857142857142856,0.5925925925925926,10,1.0,0.0,0.3333333333333333,0.08495201384904588,0.21477192151821817,0.3739492065002562,Random candidate from RC-SPE pooling family.,random_pool,0.7223446179510115
random_0847,risk_candidate,216,0.7314814814814815,0.4002565335898669,0.9386589625077296,0.9874939874939875,0.987012987012987,0.02857142857142857,0.18518518518518517,21,1.0,0.0,0.3333333333333333,0.164082784228635,0.3135519043498581,0.5137549803150908,Random candidate from RC-SPE pooling family.,random_pool,1.089585877961041
random_0848,risk_candidate,216,0.8935185185185185,0.7912457912457912,0.9521976484634712,0.9966329966329966,0.961038961038961,0.8571428571428571,0.5555555555555556,1,1.0,0.0,0.35106175725696476,0.059147749600940706,0.17127458468361995,0.3574524675813056,Random candidate from RC-SPE pooling family.,random_pool,0.5545297986669259
random_0849,risk_candidate,216,0.8148148148148148,0.6253006253006252,0.9485411871389812,0.9980759980759981,0.987012987012987,0.0,0.8888888888888888,3,1.0,0.0,0.3276836158192091,0.23707150794534532,0.31178169146380064,0.6139678778294976,Random candidate from RC-SPE pooling family.,random_pool,1.980367648540081
random_0850,risk_candidate,216,0.7314814814814815,0.3900753567420234,0.9131697511753442,0.9725829725829725,0.9935064935064936,0.02857142857142857,0.14814814814814814,20,1.0,0.0,0.3220338983050847,0.18159175461455018,0.38406687284090174,0.6413520384572003,Random candidate from RC-SPE pooling family.,random_pool,1.2704853255879294
random_0851,risk_candidate,216,0.8796296296296297,0.7524931858265193,0.9544855939879163,0.9987974987974988,0.9675324675324676,0.7714285714285715,0.5185185185185185,2,1.0,0.0,0.3333333333333333,0.23459225408194082,0.27505402065222134,0.5230692233478367,Random candidate from RC-SPE pooling family.,random_pool,1.5595862018309359
random_0852,risk_candidate,216,0.8472222222222222,0.6864357864357865,0.9514769048697113,0.9942279942279942,0.9545454545454546,0.7714285714285715,0.3333333333333333,0,0.9965576592082617,0.0034423407917383297,0.3970387687512176,0.04990239074779207,0.20972091160572895,0.40522322344991357,Random candidate from RC-SPE pooling family.,random_pool,0.644941682574361
random_0853,risk_candidate,216,0.8657407407407407,0.7493185826519161,0.9508774975051534,0.9956709956709957,0.9675324675324676,0.42857142857142855,0.8518518518518519,1,1.0,0.0,0.3276836158192091,0.05440921108937817,0.1779096193099983,0.32512458106591097,Random candidate from RC-SPE pooling family.,random_pool,0.63086394826329
random_0854,risk_candidate,216,0.7361111111111112,0.3950617283950617,0.9521090882772413,0.9971139971139971,1.0,0.0,0.18518518518518517,22,1.0,0.0,0.3333333333333333,0.18053373861331853,0.35849453050310015,0.5803514716521522,Random candidate from RC-SPE pooling family.,random_pool,0.6648352199735286
random_0855,risk_candidate,216,0.2222222222222222,0.5175084175084175,0.8955060543766371,0.9961519961519961,0.006493506493506494,0.6571428571428571,0.8888888888888888,0,0.0,1.0,0.2298850574712644,0.2734763816213252,0.6577004335803209,1.08701758042757,Random candidate from RC-SPE pooling family.,random_pool,2.0129429706096724
random_0856,risk_candidate,216,0.8194444444444444,0.658008658008658,0.9297480756184009,0.9966329966329966,0.974025974025974,0.0,1.0,0,1.0,0.0,0.35233692860811505,0.13728732167853144,0.2736524386057268,0.5473469632652881,Random candidate from RC-SPE pooling family.,random_pool,1.153309971157848
random_0857,risk_candidate,216,0.16203703703703703,0.3333333333333333,0.9359306890468124,0.9923039923039924,0.0,1.0,0.0,0,0.0,1.0,0.3333333333333333,0.47113262814248863,0.7303692453669094,1.0406676136847184,Random candidate from RC-SPE pooling family.,random_pool,1.6358064815570466
random_0858,risk_candidate,216,0.8842592592592593,0.7721981721981722,0.9525800727964246,0.9985569985569985,0.961038961038961,0.8,0.5555555555555556,1,1.0,0.0,0.3393726865380869,0.06876545155839453,0.18042787325323106,0.3513728822150323,Random candidate from RC-SPE pooling family.,random_pool,0.6531494225622637
random_0859,risk_candidate,216,0.8101851851851852,0.6129549462882796,0.9542323244927916,0.9966329966329966,0.987012987012987,0.0,0.8518518518518519,3,1.0,0.0,0.3276836158192091,0.09914500905679771,0.26189098388215926,0.4823194530896278,Random candidate from RC-SPE pooling family.,random_pool,0.8441526348819435
random_0860,risk_candidate,216,0.7175925925925926,0.3835818502485169,0.9122279396161607,0.9735449735449735,0.974025974025974,0.02857142857142857,0.14814814814814814,20,1.0,0.0,0.3163841807909605,0.2218356422919163,0.4397076937576006,0.7666167391622173,Random candidate from RC-SPE pooling family.,random_pool,0.5689343224928669
random_0861,risk_candidate,216,0.7777777777777778,0.4881353214686548,0.9549865688724323,0.9954304954304954,0.9935064935064936,0.2857142857142857,0.18518518518518517,18,1.0,0.0,0.3333333333333333,0.13863976054534136,0.25036560621195614,0.4652788419545623,Random candidate from RC-SPE pooling family.,random_pool,1.1280765518751497
random_0862,risk_candidate,216,0.8935185185185185,0.8087862754529421,0.9469940238523115,0.9949494949494949,0.948051948051948,0.8857142857142857,0.5925925925925926,0,0.9414802065404475,0.058519793459552494,0.3613871030586402,0.12747078149857238,0.21215899364427826,0.4152409474394287,Random candidate from RC-SPE pooling family.,random_pool,0.6593548443355065
random_0863,risk_candidate,216,0.7546296296296297,0.474987974987975,0.9346787813963182,0.9836459836459837,0.9805194805194806,0.0,0.4444444444444444,13,1.0,0.0,0.3107344632768361,0.16978010740792332,0.28288809115420244,0.5031876156710143,Random candidate from RC-SPE pooling family.,random_pool,1.2335927334348356
random_0864,risk_candidate,216,0.8055555555555556,0.5826839826839827,0.9324921579044322,0.9805194805194806,0.948051948051948,0.8,0.0,0,0.8399311531841652,0.16006884681583478,0.3613871030586402,0.2768247720497007,0.42821427621415264,0.7521989986702359,Random candidate from RC-SPE pooling family.,random_pool,2.104422499384812
random_0865,risk_candidate,216,0.7222222222222222,0.35802469135802467,0.9518912216477183,0.9997594997594997,1.0,0.0,0.07407407407407407,25,1.0,0.0,0.3333333333333333,0.19319271030083685,0.3291389881693086,0.5264159662972457,Random candidate from RC-SPE pooling family.,random_pool,1.1781538663566296
random_0866,risk_candidate,216,0.7407407407407407,0.4045855379188712,0.950535688725774,0.9944684944684945,1.0,0.02857142857142857,0.18518518518518517,21,1.0,0.0,0.3333333333333333,0.1620885826848991,0.31118870028701906,0.5023793879859821,Random candidate from RC-SPE pooling family.,random_pool,0.993038812266342
random_0867,risk_candidate,216,0.8564814814814815,0.7183742183742184,0.9409109411307476,0.9985569985569985,0.9805194805194806,0.2857142857142857,0.8888888888888888,1,1.0,0.0,0.3333333333333333,0.06930757247113149,0.18432850390580077,0.33886460338755636,Random candidate from RC-SPE pooling family.,random_pool,0.6509681577900491
random_0868,risk_candidate,216,0.8564814814814815,0.7506333172999841,0.9326858669308794,0.9966329966329966,0.9545454545454546,0.37142857142857144,0.9259259259259259,0,1.0,0.0,0.3050847457627119,0.32833276653008076,0.38802869819631997,0.708676815277918,Random candidate from RC-SPE pooling family.,random_pool,2.006022483525052
random_0869,risk_candidate,216,0.8009259259259259,0.6188071188071188,0.9033247720113907,0.9822029822029822,0.9675324675324676,0.0,0.8888888888888888,2,1.0,0.0,0.3050847457627119,0.20274813166853242,0.3323148561002667,0.6312501712341856,Random candidate from RC-SPE pooling family.,random_pool,1.4804844459464543
random_0870,risk_candidate,216,0.75,0.43663620330286995,0.945789927802663,0.9903799903799904,0.9935064935064936,0.05714285714285714,0.25925925925925924,18,1.0,0.0,0.3333333333333333,0.13644453726825911,0.2928512402441812,0.4748365634360811,Random candidate from RC-SPE pooling family.,random_pool,0.7786345707785369
random_0871,risk_candidate,216,0.8148148148148148,0.6049382716049383,0.954634040978215,0.9992784992784993,1.0,0.0,0.8148148148148148,5,1.0,0.0,0.3333333333333333,0.09173397343618789,0.2158998998363723,0.3907424615900047,Random candidate from RC-SPE pooling family.,random_pool,1.022081182755173
random_0872,risk_candidate,216,0.8101851851851852,0.5909892576559242,0.946844881117287,0.9923039923039924,0.974025974025974,0.42857142857142855,0.37037037037037035,8,1.0,0.0,0.3682057276446522,0.18041936721410598,0.2781568454820978,0.5235157063666981,Random candidate from RC-SPE pooling family.,random_pool,1.473302429312098
random_0873,risk_candidate,216,0.8703703703703703,0.729405162738496,0.9528137356569601,0.9990379990379991,0.9935064935064936,0.34285714285714286,0.8518518518518519,2,1.0,0.0,0.3333333333333333,0.039433360452989764,0.17591425183622822,0.3155921450260882,Random candidate from RC-SPE pooling family.,random_pool,0.5919890094426076
random_0874,risk_candidate,216,0.875,0.7553631553631553,0.9560193981609367,0.9990379990379991,0.974025974025974,0.5142857142857142,0.7777777777777778,1,1.0,0.0,0.3333333333333333,0.04873904690543713,0.1661263111316518,0.30913280444067504,Random candidate from RC-SPE pooling family.,random_pool,0.5909495271777851
random_0875,risk_candidate,216,0.7685185185185185,0.46626583293249957,0.9435206417623011,0.9942279942279942,0.9935064935064936,0.2571428571428571,0.14814814814814814,19,1.0,0.0,0.3333333333333333,0.11609128855488238,0.273285237278425,0.4710440612338132,Random candidate from RC-SPE pooling family.,random_pool,0.7174589283171292
random_0876,risk_candidate,216,0.8888888888888888,0.7765752765752766,0.9533593181076849,0.9980759980759981,0.9805194805194806,0.5714285714285714,0.7777777777777778,0,1.0,0.0,0.3333333333333333,0.07635121567141144,0.1711632387147849,0.33541454462838344,Random candidate from RC-SPE pooling family.,random_pool,0.8158308590378905
random_0877,risk_candidate,216,0.9074074074074074,0.8423921757255091,0.9362897735995332,1.0,0.961038961038961,0.7142857142857143,0.8518518518518519,0,1.0,0.0,0.3333333333333333,0.09837854779861764,0.1695767360928792,0.34509753779523966,Random candidate from RC-SPE pooling family.,random_pool,0.6716323942697787
random_0878,risk_candidate,216,0.8564814814814815,0.7302709636042971,0.949101516964907,0.9949494949494949,0.9675324675324676,0.37142857142857144,0.8518518518518519,1,1.0,0.0,0.3335281511786479,0.09056127423266513,0.1871374559132813,0.35084809807277834,Random candidate from RC-SPE pooling family.,random_pool,0.6954784399300481
random_0879,risk_candidate,216,0.75,0.4502485169151836,0.9349972952156493,0.9831649831649831,0.974025974025974,0.22857142857142856,0.14814814814814814,19,1.0,0.0,0.39119423339177867,0.2499223598013576,0.3329139589701948,0.6072125194464961,Random candidate from RC-SPE pooling family.,random_pool,1.9164866566370093
random_0880,risk_candidate,216,0.7314814814814815,0.3798941798941799,0.949587266586283,0.9949494949494949,1.0,0.02857142857142857,0.1111111111111111,22,1.0,0.0,0.3333333333333333,0.18739660269049285,0.31090253970794235,0.5280225212104432,Random candidate from RC-SPE pooling family.,random_pool,1.298877407743496
random_0881,risk_candidate,216,0.8518518518518519,0.7014911014911015,0.9412564527346778,0.9980759980759981,0.987012987012987,0.22857142857142856,0.8888888888888888,2,1.0,0.0,0.3276836158192091,0.24621777624840666,0.28430315077852086,0.559885117809082,Random candidate from RC-SPE pooling family.,random_pool,1.5830219686079008
random_0882,risk_candidate,216,0.25462962962962965,0.4970819304152638,0.9308442167773817,1.0,0.05844155844155844,0.9142857142857143,0.5185185185185185,0,0.0,1.0,0.3333333333333333,0.3579312079384589,0.6098584090388507,0.8852126457418322,Random candidate from RC-SPE pooling family.,random_pool,0.9628619325577662
random_0883,risk_candidate,216,0.7361111111111112,0.4154240820907487,0.9306517490107483,0.9817219817219818,0.987012987012987,0.0,0.25925925925925924,18,1.0,0.0,0.3276836158192091,0.19072582836806753,0.39002646894612075,0.6884261141841477,Random candidate from RC-SPE pooling family.,random_pool,0.6884751663243072
random_0884,risk_candidate,216,0.9074074074074074,0.8395703062369729,0.9504465376751078,0.9980759980759981,0.961038961038961,0.7428571428571429,0.8148148148148148,0,1.0,0.0,0.3682057276446522,0.17181718832783985,0.1967982684757914,0.40617483208770516,Random candidate from RC-SPE pooling family.,random_pool,0.9111685247365962
random_0885,risk_candidate,216,0.8425925925925926,0.6910213243546578,0.9506046232275135,0.9951899951899952,0.9545454545454546,0.6,0.5185185185185185,3,1.0,0.0,0.3450224040522112,0.18513137531991194,0.2624622958903919,0.5018441869227804,Random candidate from RC-SPE pooling family.,random_pool,1.3444343461472428
random_0886,risk_candidate,216,0.75,0.43099246432579763,0.9553027695045909,0.9980759980759981,0.9935064935064936,0.11428571428571428,0.18518518518518517,21,1.0,0.0,0.3333333333333333,0.19547277528647156,0.26499296684586815,0.49167714600696294,Random candidate from RC-SPE pooling family.,random_pool,1.5459444446127344
random_0887,risk_candidate,216,0.75,0.4524611191277858,0.9364586399672903,0.987012987012987,0.987012987012987,0.0,0.37037037037037035,16,1.0,0.0,0.3276836158192091,0.19068908760000503,0.3989264791654505,0.8301658017421145,Random candidate from RC-SPE pooling family.,random_pool,0.573959004033348
random_0888,risk_candidate,216,0.8796296296296297,0.7689273689273689,0.9544738936444164,0.9990379990379991,0.948051948051948,0.9142857142857143,0.4444444444444444,0,0.0,1.0,0.3333333333333333,0.20483324641123296,0.26059684764755703,0.48849756909484554,Random candidate from RC-SPE pooling family.,random_pool,0.6834116570980344
random_0889,risk_candidate,216,0.8148148148148148,0.6055475388808723,0.9512594294510768,0.9949494949494949,0.987012987012987,0.2,0.6296296296296297,7,1.0,0.0,0.3333333333333333,0.10719888695015278,0.2261856180952874,0.3951217855378129,Random candidate from RC-SPE pooling family.,random_pool,0.8612257864419428
random_0890,risk_candidate,216,0.8333333333333334,0.6532146865480198,0.955113093342233,0.9985569985569985,0.9935064935064936,0.11428571428571428,0.8518518518518519,4,1.0,0.0,0.3333333333333333,0.08862528392888816,0.19870745666144668,0.3603332817682983,Random candidate from RC-SPE pooling family.,random_pool,0.7788073282469022
random_0891,risk_candidate,216,0.7546296296296297,0.4444444444444444,0.953947313311415,0.9997594997594997,1.0,0.0,0.3333333333333333,18,1.0,0.0,0.3333333333333333,0.14713140591064894,0.3302646851102138,0.558885203733762,Random candidate from RC-SPE pooling family.,random_pool,1.0943831623962188
random_0892,risk_candidate,216,0.8194444444444444,0.6218213884880551,0.9536318156735283,0.9978354978354979,0.9935064935064936,0.05714285714285714,0.8148148148148148,4,1.0,0.0,0.3333333333333333,0.07444346071932427,0.2402903438178113,0.4092373500577151,Random candidate from RC-SPE pooling family.,random_pool,0.6034998787727903
random_0893,risk_candidate,216,0.8055555555555556,0.586002886002886,0.9405274220634702,0.9846079846079846,0.9675324675324676,0.45714285714285713,0.3333333333333333,9,1.0,0.0,0.3970387687512176,0.14475626486270926,0.2721061792058006,0.5067592880624725,Random candidate from RC-SPE pooling family.,random_pool,1.1569526415734865
random_0894,risk_candidate,216,0.8703703703703703,0.7209395542728876,0.9538398749376524,0.9990379990379991,0.9935064935064936,0.42857142857142855,0.7407407407407407,3,1.0,0.0,0.3333333333333333,0.06023859415776556,0.18405125373901723,0.3348735159671544,Random candidate from RC-SPE pooling family.,random_pool,0.7442369259759876
random_0895,risk_candidate,216,0.8101851851851852,0.6536796536796537,0.9327642634656415,1.0,0.961038961038961,0.0,1.0,0,1.0,0.0,0.3333333333333333,0.3052667602165665,0.44621274693785296,0.7812455045034484,Random candidate from RC-SPE pooling family.,random_pool,2.237537883662921
random_0896,risk_candidate,216,0.8055555555555556,0.6194805194805194,0.9549514533428406,0.9985569985569985,0.9155844155844156,0.9428571428571428,0.0,0,0.025817555938037865,0.9741824440619621,0.3333333333333333,0.25612769067880425,0.4822306978542594,0.7784837997369636,Random candidate from RC-SPE pooling family.,random_pool,2.16660730892154
random_0897,risk_candidate,216,0.8935185185185185,0.7754208754208755,0.9530782303063822,0.9992784992784993,0.9675324675324676,0.9142857142857143,0.4444444444444444,0,1.0,0.0,0.3333333333333333,0.13255507316405488,0.2062719491895192,0.4112146700558614,Random candidate from RC-SPE pooling family.,random_pool,0.8498156856338903
random_0898,risk_candidate,216,0.8194444444444444,0.5965367965367966,0.9522685607682891,0.9959114959114959,0.961038961038961,0.8285714285714286,0.0,0,0.9982788296041308,0.0017211703958691649,0.35086693941165015,0.1804831549995724,0.2711982287131927,0.5219526792906574,Random candidate from RC-SPE pooling family.,random_pool,1.1444882501981697
random_0899,risk_candidate,216,0.9166666666666666,0.8512586179252847,0.949275937013868,0.9987974987974988,0.9675324675324676,0.7714285714285715,0.8148148148148148,0,1.0,0.0,0.3333333333333333,0.12746565922729083,0.16636484044532993,0.342601236952118,Random candidate from RC-SPE pooling family.,random_pool,0.7760952067560571
random_0900,risk_candidate,216,0.8194444444444444,0.6320025653358986,0.952204127864042,0.9980759980759981,0.987012987012987,0.05714285714285714,0.8518518518518519,3,1.0,0.0,0.3333333333333333,0.09082976684793415,0.22075655871845848,0.3937867890474378,Random candidate from RC-SPE pooling family.,random_pool,0.7807916100950235
random_0901,risk_candidate,216,0.8518518518518519,0.6817380150713483,0.9503406228171954,0.9954304954304954,0.987012987012987,0.42857142857142855,0.6296296296296297,6,1.0,0.0,0.3391778686927723,0.20889955149505723,0.27015555369417066,0.518915785939573,Random candidate from RC-SPE pooling family.,random_pool,1.7349900479532863
random_0902,risk_candidate,216,0.7175925925925926,0.3835818502485169,0.9138784249633529,0.9728234728234728,0.974025974025974,0.02857142857142857,0.14814814814814814,20,1.0,0.0,0.3280732515098383,0.15864973708391542,0.34808664236458037,0.5912465560734261,Random candidate from RC-SPE pooling family.,random_pool,0.9357796150987499
random_0903,risk_candidate,216,0.7685185185185185,0.513740580407247,0.9304045623078343,0.982924482924483,0.974025974025974,0.08571428571428572,0.48148148148148145,12,1.0,0.0,0.3107344632768361,0.25102043166335014,0.3300177364273426,0.6170562913635583,Random candidate from RC-SPE pooling family.,random_pool,1.9779786399316295
random_0904,risk_candidate,216,0.9027777777777778,0.8255090588423922,0.9540626534254569,0.9990379990379991,0.9675324675324676,0.6571428571428571,0.8518518518518519,0,1.0,0.0,0.3333333333333333,0.06103073780771817,0.15268187662429447,0.300625496113051,Random candidate from RC-SPE pooling family.,random_pool,0.6642430231103936
random_0905,risk_candidate,216,0.7638888888888888,0.45956389289722627,0.9469252645567469,0.9949494949494949,0.9935064935064936,0.2,0.18518518518518517,19,1.0,0.0,0.3333333333333333,0.11565006809594035,0.28162556658608184,0.4835179810335322,Random candidate from RC-SPE pooling family.,random_pool,0.6544714395132166
random_0906,risk_candidate,216,0.9074074074074074,0.8322109988776655,0.9548934177129235,0.9983164983164983,0.9675324675324676,0.7142857142857143,0.8148148148148148,0,0.9793459552495697,0.02065404475043031,0.39216832261835183,0.1511978662516622,0.18742438647925105,0.3840638931742571,Random candidate from RC-SPE pooling family.,random_pool,0.9097615634069038
random_0907,risk_candidate,216,0.7916666666666666,0.5635722302388969,0.9422553731460838,0.9894179894179894,0.987012987012987,0.0,0.7037037037037037,7,1.0,0.0,0.3220338983050847,0.1458437330470753,0.28683966816531337,0.532121995611766,Random candidate from RC-SPE pooling family.,random_pool,1.3684290792089298
random_0908,risk_candidate,216,0.8981481481481481,0.8278819945486613,0.9314747591417536,0.9975949975949976,0.9545454545454546,0.7142857142857143,0.8148148148148148,0,0.8846815834767642,0.11531841652323582,0.3382037794661991,0.28418935433587944,0.3091035921472778,0.5770087714415923,Random candidate from RC-SPE pooling family.,random_pool,1.2202052371543655
random_0909,risk_candidate,216,0.7638888888888888,0.45956389289722627,0.9429156766948935,0.9894179894179894,0.9935064935064936,0.2,0.18518518518518517,18,1.0,0.0,0.3450224040522112,0.16958522725094816,0.2723240654893404,0.4907972542841087,Random candidate from RC-SPE pooling family.,random_pool,1.2478903123100842
random_0910,risk_candidate,216,0.7962962962962963,0.5555555555555555,0.953529277357692,0.9975949975949976,1.0,0.0,0.6666666666666666,9,1.0,0.0,0.3333333333333333,0.10432381093448517,0.27829103933313004,0.5010286740643264,Random candidate from RC-SPE pooling family.,random_pool,1.350937506021724
random_0911,risk_candidate,216,0.8194444444444444,0.637646304312971,0.9400670278606255,0.9980759980759981,0.987012987012987,0.0,0.9259259259259259,2,1.0,0.0,0.3276836158192091,0.25273697226068864,0.2977623909300682,0.5858236908693172,Random candidate from RC-SPE pooling family.,random_pool,1.9756278258888123
random_0912,risk_candidate,216,0.8148148148148148,0.6049382716049383,0.9548898278648702,0.9980759980759981,1.0,0.0,0.8148148148148148,5,1.0,0.0,0.3333333333333333,0.08978086705530118,0.2722985445177833,0.49701137005995266,Random candidate from RC-SPE pooling family.,random_pool,0.8709924635361941
random_0913,risk_candidate,216,0.7361111111111112,0.4459676126342793,0.9096905953777706,0.9752284752284752,0.9675324675324676,0.0,0.37037037037037035,14,1.0,0.0,0.3050847457627119,0.1956710171979947,0.31969393357340425,0.5841786743321853,Random candidate from RC-SPE pooling family.,random_pool,1.4686548608723637
random_0914,risk_candidate,216,0.8055555555555556,0.5802469135802469,0.956266181852607,0.9985569985569985,1.0,0.0,0.7407407407407407,7,1.0,0.0,0.3333333333333333,0.08924095498771649,0.25967257766844004,0.4410092864444487,Random candidate from RC-SPE pooling family.,random_pool,0.829011757872153
random_0915,risk_candidate,216,0.7546296296296297,0.48406285072951744,0.9059638689159405,0.9728234728234728,0.9675324675324676,0.11428571428571428,0.37037037037037035,13,1.0,0.0,0.27508279758425874,0.13001921495701793,0.304083662131837,0.5501045777402227,Random candidate from RC-SPE pooling family.,random_pool,1.0000955214785805
random_0916,risk_candidate,216,0.8055555555555556,0.6153278819945487,0.9338392948469935,0.9843674843674843,0.974025974025974,0.05714285714285714,0.8148148148148148,3,1.0,0.0,0.3050847457627119,0.10089385392607086,0.2506734419643101,0.44155877688090056,Random candidate from RC-SPE pooling family.,random_pool,0.7642636329907273
random_0917,risk_candidate,216,0.8009259259259259,0.6131633798300465,0.9223362326002422,0.9834054834054834,0.9675324675324676,0.05714285714285714,0.8148148148148148,3,1.0,0.0,0.3050847457627119,0.2319817050729847,0.33916720339362383,0.6371980413159751,Random candidate from RC-SPE pooling family.,random_pool,1.7321262651015787
random_0918,risk_candidate,216,0.8055555555555556,0.620971620971621,0.9149528083834814,0.9812409812409812,0.974025974025974,0.0,0.8888888888888888,3,1.0,0.0,0.33538777606574216,0.09041010416284012,0.3144349419441705,0.6129106755212008,Random candidate from RC-SPE pooling family.,random_pool,1.3469962926288022
random_0919,risk_candidate,216,0.7175925925925926,0.3762225428892096,0.9167288270235302,0.9733044733044733,0.9805194805194806,0.0,0.14814814814814814,20,1.0,0.0,0.3163841807909605,0.2410166396772764,0.4733987348621677,0.9544608533819671,Random candidate from RC-SPE pooling family.,random_pool,0.5706340073751707
random_0920,risk_candidate,216,0.7314814814814815,0.38271604938271603,0.9231336326790363,0.9788359788359788,1.0,0.0,0.14814814814814814,20,1.0,0.0,0.3333333333333333,0.2290220940858887,0.46933690822061064,1.0228932188984947,Random candidate from RC-SPE pooling family.,random_pool,0.5519135250584373
random_0921,risk_candidate,216,0.8379629629629629,0.6700978034311368,0.9517768917605217,0.9980759980759981,0.987012987012987,0.17142857142857143,0.8518518518518519,3,1.0,0.0,0.3333333333333333,0.1436470980694846,0.22633616121727085,0.4490799004693162,Random candidate from RC-SPE pooling family.,random_pool,1.3094555221294546
random_0922,risk_candidate,216,0.7407407407407407,0.4045855379188712,0.9506271194146202,0.9956709956709957,1.0,0.02857142857142857,0.18518518518518517,20,1.0,0.0,0.3333333333333333,0.20475352211837938,0.28494783549715424,0.514946474215696,Random candidate from RC-SPE pooling family.,random_pool,1.637079872054454
random_0923,risk_candidate,216,0.8842592592592593,0.7993105659772327,0.9364565578130865,0.9954304954304954,0.9545454545454546,0.6285714285714286,0.8148148148148148,0,0.9414802065404475,0.058519793459552494,0.3852257230398668,0.22715947219173055,0.2666960671377705,0.5191243190218671,Random candidate from RC-SPE pooling family.,random_pool,1.1667039862194322
random_0924,risk_candidate,216,0.8055555555555556,0.6311527978194645,0.9006610404095722,0.9865319865319865,0.9675324675324676,0.0,0.9259259259259259,1,1.0,0.0,0.3050847457627119,0.27286526303243613,0.4018100733794125,0.7299682225835219,Random candidate from RC-SPE pooling family.,random_pool,1.918825412644254
random_0925,risk_candidate,216,0.7777777777777778,0.474025974025974,0.9545539121724348,0.9944684944684945,0.9935064935064936,0.42857142857142855,0.0,21,1.0,0.0,0.3333333333333333,0.14509140586527008,0.27385206135152246,0.5233419480416698,Random candidate from RC-SPE pooling family.,random_pool,1.1835965460303126
random_0926,risk_candidate,216,0.8888888888888888,0.8207311207311206,0.9329847405666288,0.9983164983164983,0.9415584415584416,0.7428571428571429,0.7777777777777778,0,0.0017211703958691911,0.9982788296041308,0.3446327683615819,0.3997888369419993,0.4501693945345951,0.7766751744330113,Random candidate from RC-SPE pooling family.,random_pool,1.975925837649286
random_0927,risk_candidate,216,0.8240740740740741,0.600304633637967,0.9541276744954045,0.9966329966329966,0.9935064935064936,0.4,0.4074074074074074,8,1.0,0.0,0.3333333333333333,0.05817959748058771,0.211403811100574,0.38993378347222535,Random candidate from RC-SPE pooling family.,random_pool,0.624519263078351
random_0928,risk_candidate,216,0.8148148148148148,0.6049382716049383,0.9577187702642331,0.9985569985569985,1.0,0.0,0.8148148148148148,5,1.0,0.0,0.3333333333333333,0.0998838918540444,0.2583356970746103,0.48743844087505855,Random candidate from RC-SPE pooling family.,random_pool,1.1033688935632662
random_0929,risk_candidate,216,0.8194444444444444,0.6077120410453745,0.9502023789539934,0.9973544973544973,0.9935064935064936,0.2,0.6296296296296297,8,1.0,0.0,0.3220338983050847,0.046022910754813844,0.21605319650529003,0.3752608520301443,Random candidate from RC-SPE pooling family.,random_pool,0.5694100475359865
random_0930,risk_candidate,216,0.9120370370370371,0.8360910694244028,0.954547214915077,0.9990379990379991,0.9675324675324676,0.8,0.7407407407407407,0,1.0,0.0,0.3391778686927723,0.1595086691728672,0.18066262609059797,0.37643389403528915,Random candidate from RC-SPE pooling family.,random_pool,0.8731658078824829
random_0931,risk_candidate,216,0.7268518518518519,0.4110950777617444,0.9087641121099429,0.9721019721019721,0.974025974025974,0.0,0.25925925925925924,17,1.0,0.0,0.3050847457627119,0.2590294712646294,0.35900153600663887,0.6524463019698739,Random candidate from RC-SPE pooling family.,random_pool,2.0490233295553724
random_0932,risk_candidate,216,0.8194444444444444,0.625974025974026,0.9538050738901801,0.9983164983164983,0.935064935064935,0.9428571428571428,0.0,0,0.0051635111876075735,0.9948364888123924,0.3446327683615819,0.259961458218111,0.46718755282002344,0.7617912374284446,Random candidate from RC-SPE pooling family.,random_pool,1.782844698592868
random_0933,risk_candidate,216,0.8518518518518519,0.7014911014911015,0.9438587150147996,0.9983164983164983,0.987012987012987,0.22857142857142856,0.8888888888888888,2,1.0,0.0,0.3333333333333333,0.12910277085120425,0.204420805225347,0.40838631412935067,Random candidate from RC-SPE pooling family.,random_pool,0.9952368722068656
random_0934,risk_candidate,216,0.7546296296296297,0.44898188231521563,0.9505296754127864,0.9951899951899952,0.9935064935064936,0.05714285714285714,0.2962962962962963,17,1.0,0.0,0.3333333333333333,0.144903330015493,0.28067546965796014,0.45935446369509736,Random candidate from RC-SPE pooling family.,random_pool,0.8131932631433701
random_0935,risk_candidate,216,0.7824074074074074,0.5388808722142056,0.943430050644935,0.9925444925444925,0.987012987012987,0.0,0.6296296296296297,9,1.0,0.0,0.3333333333333333,0.14700686567320376,0.28379254200905524,0.5224954680378278,Random candidate from RC-SPE pooling family.,random_pool,1.394667503129114
random_0936,risk_candidate,216,0.7777777777777778,0.5061728395061729,0.9509963552892896,0.9944684944684945,1.0,0.0,0.5185185185185185,13,1.0,0.0,0.3333333333333333,0.1306451235731818,0.3201716221772326,0.6246338841046166,Random candidate from RC-SPE pooling family.,random_pool,1.6148840997111782
random_0937,risk_candidate,216,0.8472222222222222,0.7044733044733045,0.946853284346216,0.9920634920634921,0.961038961038961,0.4857142857142857,0.6666666666666666,2,1.0,0.0,0.3450224040522112,0.08777254719938934,0.20596652188319967,0.38978275897033016,Random candidate from RC-SPE pooling family.,random_pool,0.8392846128874494
random_0938,risk_candidate,216,0.8611111111111112,0.7250761584094917,0.9495388622689274,0.9947089947089947,0.9805194805194806,0.34285714285714286,0.8518518518518519,2,1.0,0.0,0.3276836158192091,0.06284876453026797,0.20028752483791815,0.35720905608871995,Random candidate from RC-SPE pooling family.,random_pool,0.7057084026914653
random_0939,risk_candidate,216,0.8009259259259259,0.563973063973064,0.953407045730216,0.9963924963924964,0.9935064935064936,0.14285714285714285,0.5555555555555556,10,1.0,0.0,0.3333333333333333,0.07876480035748248,0.22636690346129404,0.390130383244169,Random candidate from RC-SPE pooling family.,random_pool,0.7835170970102104
random_0940,risk_candidate,216,0.7870370370370371,0.5308641975308642,0.9553295703343778,0.9992784992784993,1.0,0.0,0.5925925925925926,11,1.0,0.0,0.3333333333333333,0.1407037613719436,0.26766319807147587,0.4871846274211922,Random candidate from RC-SPE pooling family.,random_pool,1.4719884956906493
random_0941,risk_candidate,216,0.8796296296296297,0.7558120891454224,0.9513147325314124,0.9990379990379991,0.987012987012987,0.42857142857142855,0.8518518518518519,0,1.0,0.0,0.3333333333333333,0.043337097608795255,0.16332730850605698,0.2977411058995248,Random candidate from RC-SPE pooling family.,random_pool,0.5631964432790044
random_0942,risk_candidate,216,0.8148148148148148,0.5727914061247394,0.9519962746563494,0.9954304954304954,0.9935064935064936,0.42857142857142855,0.2962962962962963,12,1.0,0.0,0.3391778686927723,0.07545653670667983,0.2224695364784843,0.4077803137026912,Random candidate from RC-SPE pooling family.,random_pool,0.7938571098807298
random_0943,risk_candidate,216,0.7453703703703703,0.41693121693121693,0.9452345479348213,0.9925444925444925,1.0,0.02857142857142857,0.2222222222222222,20,1.0,0.0,0.3333333333333333,0.1857647596301364,0.3771031050751322,0.6687739540265425,Random candidate from RC-SPE pooling family.,random_pool,0.6121574648718285
random_0944,risk_candidate,216,0.8657407407407407,0.7352092352092351,0.953635117338909,0.9978354978354979,0.9675324675324676,0.5714285714285714,0.6666666666666666,0,1.0,0.0,0.3391778686927723,0.07017884969554493,0.16785265676722544,0.31937202243063073,Random candidate from RC-SPE pooling family.,random_pool,0.5753532669872626
random_0945,risk_candidate,216,0.7361111111111112,0.3950617283950617,0.9538603842200614,0.9983164983164983,1.0,0.0,0.18518518518518517,22,1.0,0.0,0.3333333333333333,0.18542146994691772,0.331940013426471,0.5637650982193971,Random candidate from RC-SPE pooling family.,random_pool,1.486117928088208
random_0946,risk_candidate,216,0.7314814814814815,0.4149751483084816,0.9317906224848277,0.981000481000481,0.974025974025974,0.08571428571428572,0.18518518518518517,18,1.0,0.0,0.40268848626534187,0.16356794880038977,0.2871615002662041,0.4973129917389244,Random candidate from RC-SPE pooling family.,random_pool,0.8808566971802003
random_0947,risk_candidate,216,0.22685185185185186,0.3636363636363636,0.9531768814898735,0.9963924963924964,0.09090909090909091,1.0,0.0,0,0.0,1.0,0.3333333333333333,0.36016984435976224,0.6176105459268973,0.9259910733801365,Random candidate from RC-SPE pooling family.,random_pool,1.8817179707267673
random_0948,risk_candidate,216,0.8981481481481481,0.8233445566778901,0.9346406011609503,0.9980759980759981,0.961038961038961,0.6571428571428571,0.8518518518518519,0,0.9913941480206541,0.008605851979345935,0.33469705825053575,0.23244645353778584,0.25079630175017437,0.5033900225409127,Random candidate from RC-SPE pooling family.,random_pool,1.1462797662447357
random_0949,risk_candidate,216,0.3472222222222222,0.4792849126182459,0.8853102503267193,0.9831649831649831,0.22727272727272727,0.9142857142857143,0.2962962962962963,0,0.04647160068846816,0.9535283993115319,0.3333333333333333,0.16764924075018378,0.5922690602389011,0.9389802400009791,Random candidate from RC-SPE pooling family.,random_pool,1.6571871422572588
random_0950,risk_candidate,216,0.7962962962962963,0.6151515151515151,0.952202863003517,0.9966329966329966,0.9025974025974026,0.9428571428571428,0.0,0,0.04647160068846816,0.9535283993115319,0.3333333333333333,0.22219539821998638,0.4535977481810481,0.7312818122088592,Random candidate from RC-SPE pooling family.,random_pool,1.4561605479481297
random_0951,risk_candidate,216,0.7407407407407407,0.4017636684303351,0.9321627379637328,0.9822029822029822,1.0,0.05714285714285714,0.14814814814814814,20,1.0,0.0,0.3220338983050847,0.21281585822143,0.3257532752396739,0.5607591343154726,Random candidate from RC-SPE pooling family.,random_pool,1.5158471768334114
random_0952,risk_candidate,216,0.7361111111111112,0.3950617283950617,0.9476957489771825,0.993987493987494,1.0,0.0,0.18518518518518517,22,1.0,0.0,0.3333333333333333,0.18146088908647096,0.2937274493077935,0.4991438376233467,Random candidate from RC-SPE pooling family.,random_pool,1.4133551999722505
random_0953,risk_candidate,216,0.8240740740740741,0.6134199134199134,0.9535939072167512,0.9966329966329966,0.9545454545454546,0.8857142857142857,0.0,0,1.0,0.0,0.39119423339177867,0.23606374569345903,0.3163028192297404,0.5844327556521655,Random candidate from RC-SPE pooling family.,random_pool,1.4501452965723765
random_0954,risk_candidate,216,0.1712962962962963,0.3376623376623376,0.9459025221909415,0.9956709956709957,0.012987012987012988,1.0,0.0,0,0.0,1.0,0.3333333333333333,0.46883473798710573,0.7001915875931085,0.994393820517716,Random candidate from RC-SPE pooling family.,random_pool,1.617640575392903
random_0955,risk_candidate,216,0.4027777777777778,0.5561648228314895,0.9314625527587941,0.9980759980759981,0.2727272727272727,0.9142857142857143,0.48148148148148145,0,0.0,1.0,0.3333333333333333,0.13863518481463946,0.5352019391198306,0.8228954972169298,Random candidate from RC-SPE pooling family.,random_pool,1.3780349737609172
random_0956,risk_candidate,216,0.7638888888888888,0.46913580246913583,0.9551995281944828,0.9990379990379991,1.0,0.0,0.4074074074074074,16,1.0,0.0,0.3333333333333333,0.14615054011000678,0.30912564791075664,0.5233131035248173,Random candidate from RC-SPE pooling family.,random_pool,1.227459955318168
random_0957,risk_candidate,216,0.8148148148148148,0.7798460798460799,0.9058928732148884,0.9942279942279942,0.8506493506493507,0.6,0.8888888888888888,0,0.0051635111876075735,0.9948364888123924,0.23553477498538866,0.35285198205240687,0.5212583656481365,0.8850600760274117,Random candidate from RC-SPE pooling family.,random_pool,1.712625685803143
random_0958,risk_candidate,216,0.23148148148148148,0.3658008658008658,0.9408961899984823,0.9913419913419913,0.09740259740259741,1.0,0.0,0,0.0,1.0,0.3333333333333333,0.3048211041624083,0.595778921167117,0.9139285859854906,Random candidate from RC-SPE pooling family.,random_pool,2.149548506678158
random_0959,risk_candidate,216,0.8009259259259259,0.6188071188071188,0.9087147665687175,0.9841269841269841,0.9675324675324676,0.0,0.8888888888888888,2,1.0,0.0,0.3050847457627119,0.13362076848144588,0.30435878684058304,0.5987508983041839,Random candidate from RC-SPE pooling family.,random_pool,1.182254531038689
random_0960,risk_candidate,216,0.9027777777777778,0.8085778419111752,0.9571758940636433,0.9985569985569985,0.9675324675324676,0.8285714285714286,0.6296296296296297,0,1.0,0.0,0.3393726865380869,0.06807738073956832,0.15697649854241724,0.31728605598081666,Random candidate from RC-SPE pooling family.,random_pool,0.6077505612634662
random_0961,risk_candidate,216,0.8148148148148148,0.6371973705307038,0.9361484118495808,0.9908609908609909,0.974025974025974,0.08571428571428572,0.8518518518518519,3,1.0,0.0,0.3050847457627119,0.09927243339827198,0.23047766849477067,0.42948218707724106,Random candidate from RC-SPE pooling family.,random_pool,0.8865134485472945
random_0962,risk_candidate,216,0.7962962962962963,0.5375180375180375,0.9466872103764804,0.9918229918229918,0.9935064935064936,0.2857142857142857,0.3333333333333333,15,1.0,0.0,0.3333333333333333,0.11650721738413736,0.25016963990115815,0.4455633893556194,Random candidate from RC-SPE pooling family.,random_pool,1.086136667590512
random_0963,risk_candidate,216,0.8888888888888888,0.789081289081289,0.9505823167456731,0.9966329966329966,0.9545454545454546,0.8571428571428571,0.5555555555555556,1,1.0,0.0,0.35554256769920123,0.18295649485888174,0.23886776842022664,0.46119700148081155,Random candidate from RC-SPE pooling family.,random_pool,1.0327226901507482
random_0964,risk_candidate,216,0.8425925925925926,0.6666185666185666,0.9568376678827711,0.9990379990379991,0.9935064935064936,0.22857142857142856,0.7777777777777778,5,1.0,0.0,0.3333333333333333,0.13837840914555077,0.23103411882888972,0.4520088266277564,Random candidate from RC-SPE pooling family.,random_pool,1.537094174237716
random_0965,risk_candidate,216,0.7962962962962963,0.5629148629148629,0.9530071119451327,0.9973544973544973,0.9935064935064936,0.02857142857142857,0.6666666666666666,8,1.0,0.0,0.3333333333333333,0.10149276281803614,0.23895527094617683,0.41989847826768567,Random candidate from RC-SPE pooling family.,random_pool,1.08408269251956
random_0966,risk_candidate,216,0.23148148148148148,0.5354497354497355,0.9056310875143372,0.9985569985569985,0.0,0.8285714285714286,0.7777777777777778,0,0.0,1.0,0.3333333333333333,0.35663570128916533,0.706720168500469,1.1290478770492607,Random candidate from RC-SPE pooling family.,random_pool,1.7019381923276882
random_0967,risk_candidate,216,0.8796296296296297,0.7484527817861152,0.9532962911919811,0.9992784992784993,0.9935064935064936,0.4,0.8518518518518519,1,1.0,0.0,0.3333333333333333,0.08062293536027039,0.17826561981103264,0.3385640007198642,Random candidate from RC-SPE pooling family.,random_pool,0.861718423488641
random_0968,risk_candidate,216,0.8287037037037037,0.6521564854898189,0.946046538438797,0.9990379990379991,0.9935064935064936,0.0,0.9629629629629629,1,1.0,0.0,0.3333333333333333,0.2556247685175146,0.32062173089407897,0.6334514204323386,Random candidate from RC-SPE pooling family.,random_pool,1.970087566894449
random_0969,risk_candidate,216,0.8935185185185185,0.7832772166105499,0.9497417963687923,0.9995189995189995,0.9805194805194806,0.6285714285714286,0.7407407407407407,0,1.0,0.0,0.3333333333333333,0.09556988102691724,0.1703935534464599,0.337579021058086,Random candidate from RC-SPE pooling family.,random_pool,0.7806480141579986
random_0970,risk_candidate,216,0.8379629629629629,0.6700978034311368,0.9426384242737041,0.9971139971139971,0.987012987012987,0.17142857142857143,0.8518518518518519,2,1.0,0.0,0.3050847457627119,0.18173774769543072,0.2504998673160671,0.5022588015442754,Random candidate from RC-SPE pooling family.,random_pool,1.2919040444265104
random_0971,risk_candidate,216,0.8055555555555556,0.5622093955427289,0.95562857329779,0.9975949975949976,0.9935064935064936,0.2857142857142857,0.4074074074074074,15,1.0,0.0,0.3333333333333333,0.06061165441456139,0.22556966958745142,0.39281555827174225,Random candidate from RC-SPE pooling family.,random_pool,0.6104780492505997
random_0972,risk_candidate,216,0.8796296296296297,0.8220458553791886,0.9207395563448818,0.9978354978354979,0.9285714285714286,0.6857142857142857,0.8518518518518519,0,0.48881239242685026,0.5111876075731497,0.29281122150789013,0.27783040127166997,0.3485360108174134,0.6311247147863547,Random candidate from RC-SPE pooling family.,random_pool,0.9772608905429764
random_0973,risk_candidate,216,0.8888888888888888,0.7771845438512105,0.9552511547497146,0.9980759980759981,0.9675324675324676,0.7714285714285715,0.5925925925925926,1,1.0,0.0,0.35086693941165015,0.07702361593559322,0.18201994726701845,0.3541710574606544,Random candidate from RC-SPE pooling family.,random_pool,0.6969646242523821
random_0974,risk_candidate,216,0.8194444444444444,0.6393618726952061,0.9415135734319172,0.9937469937469937,0.9805194805194806,0.08571428571428572,0.8518518518518519,3,1.0,0.0,0.3107344632768361,0.10091166921166475,0.21561748332505518,0.40122062079639315,Random candidate from RC-SPE pooling family.,random_pool,0.8010814240472341
random_0975,risk_candidate,216,0.7175925925925926,0.3762225428892096,0.8962538568734292,0.9682539682539683,0.9805194805194806,0.0,0.14814814814814814,20,1.0,0.0,0.3163841807909605,0.1783630774119733,0.3913099383132728,0.6676895865200605,Random candidate from RC-SPE pooling family.,random_pool,1.7420341748483952
random_0976,risk_candidate,216,0.8148148148148148,0.6122975789642456,0.9540515457984671,0.9990379990379991,0.9935064935064936,0.02857142857142857,0.8148148148148148,5,1.0,0.0,0.3333333333333333,0.08067066946759076,0.2306823112986118,0.3955548489941583,Random candidate from RC-SPE pooling family.,random_pool,0.7139573613704332
random_0977,risk_candidate,216,0.8981481481481481,0.8295975629308963,0.9404879933187424,0.9990379990379991,0.948051948051948,0.8,0.7407407407407407,0,0.9965576592082617,0.0034423407917383297,0.3393726865380869,0.2880399897229394,0.2964589156015332,0.5550432704082974,Random candidate from RC-SPE pooling family.,random_pool,1.2568324235157164
random_0978,risk_candidate,216,0.7962962962962963,0.5431617764951099,0.9488085055658452,0.9954304954304954,0.9935064935064936,0.22857142857142856,0.4074074074074074,14,1.0,0.0,0.3333333333333333,0.09379673172815166,0.25170534241247666,0.4316827388636822,Random candidate from RC-SPE pooling family.,random_pool,0.8682189290463525
random_0979,risk_candidate,216,0.8240740740740741,0.6228795895462562,0.9520003777934077,0.9966329966329966,0.9935064935064936,0.17142857142857143,0.7037037037037037,6,1.0,0.0,0.3333333333333333,0.10285142614102201,0.22593809904672268,0.4270377751295661,Random candidate from RC-SPE pooling family.,random_pool,1.278032737311533
random_0980,risk_candidate,216,0.8194444444444444,0.6246432579765914,0.9536400101472897,0.9995189995189995,0.9935064935064936,0.02857142857142857,0.8518518518518519,4,1.0,0.0,0.3333333333333333,0.08866432230523938,0.227330243676054,0.40597671848095424,Random candidate from RC-SPE pooling family.,random_pool,0.5535339274125735
random_0981,risk_candidate,216,0.7546296296296297,0.4444444444444444,0.9497052965992944,0.9978354978354979,1.0,0.0,0.3333333333333333,18,1.0,0.0,0.3333333333333333,0.168579232576334,0.3569104764630844,0.6146268638445532,Random candidate from RC-SPE pooling family.,random_pool,0.6441815998875908
random_0982,risk_candidate,216,0.8564814814814815,0.715055315055315,0.950722151751875,0.9961519961519961,0.961038961038961,0.6285714285714286,0.5555555555555556,1,1.0,0.0,0.3391778686927723,0.16862775178772754,0.2287209489250733,0.44962800725324925,Random candidate from RC-SPE pooling family.,random_pool,1.2056491771255229
random_0983,risk_candidate,216,0.7638888888888888,0.46913580246913583,0.9486082640636857,0.9918229918229918,1.0,0.0,0.4074074074074074,16,1.0,0.0,0.3333333333333333,0.13848998148251646,0.29705766408219947,0.5132016637153011,Random candidate from RC-SPE pooling family.,random_pool,1.304943752292949
random_0984,risk_candidate,216,0.7453703703703703,0.43336540003206675,0.9237338342657259,0.9781144781144782,0.9805194805194806,0.17142857142857143,0.14814814814814814,20,1.0,0.0,0.3278784336645237,0.17516511867265583,0.3397382748508392,0.5867917960384884,Random candidate from RC-SPE pooling family.,random_pool,1.015105665251493
random_0985,risk_candidate,216,0.9120370370370371,0.8462722462722462,0.9402844093526638,1.0,0.961038961038961,0.8,0.7777777777777778,0,1.0,0.0,0.3333333333333333,0.32100135820631787,0.3247553054274777,0.5941574126431439,Random candidate from RC-SPE pooling family.,random_pool,1.331356947235514
random_0986,risk_candidate,216,0.9027777777777778,0.802934102934103,0.9502387756952754,0.9995189995189995,0.9675324675324676,0.8857142857142857,0.5555555555555556,0,1.0,0.0,0.3682057276446522,0.30453159274783903,0.3159832226553332,0.5798159401672133,Random candidate from RC-SPE pooling family.,random_pool,1.592284690568243
random_0987,risk_candidate,216,0.8055555555555556,0.5678531345198011,0.95589857522074,0.9985569985569985,0.9935064935064936,0.22857142857142856,0.48148148148148145,12,1.0,0.0,0.3333333333333333,0.09370449721405628,0.22539612260699457,0.40348564279651655,Random candidate from RC-SPE pooling family.,random_pool,0.9489072470207861
random_0988,risk_candidate,216,0.8564814814814815,0.7116241782908449,0.9478854251395402,0.9918229918229918,0.974025974025974,0.45714285714285713,0.7037037037037037,3,1.0,0.0,0.35671147477108905,0.08405376931795655,0.21151540649593076,0.3803411703180412,Random candidate from RC-SPE pooling family.,random_pool,0.7026121022329731
random_0989,risk_candidate,216,0.8888888888888888,0.7782908449575117,0.9566111965186974,0.9990379990379991,0.974025974025974,0.6571428571428571,0.7037037037037037,0,1.0,0.0,0.3333333333333333,0.09962132792719476,0.17542119494675726,0.34764108408059213,Random candidate from RC-SPE pooling family.,random_pool,0.8854660190680173
random_0990,risk_candidate,216,0.8425925925925926,0.7108866442199776,0.9407744721891756,0.9942279942279942,0.922077922077922,0.9142857142857143,0.2962962962962963,0,0.3459552495697074,0.6540447504302926,0.3446327683615819,0.19988432635017092,0.34221907831196013,0.5874519093554311,Random candidate from RC-SPE pooling family.,random_pool,0.8680073297820169
random_0991,risk_candidate,216,0.75,0.43209876543209874,0.9539344157345394,0.9978354978354979,1.0,0.0,0.2962962962962963,19,1.0,0.0,0.3333333333333333,0.16277003253568184,0.29973223920000425,0.5210060703241781,Random candidate from RC-SPE pooling family.,random_pool,1.5020395713959396
random_0992,risk_candidate,216,0.7777777777777778,0.5061728395061729,0.9544782994632386,0.9971139971139971,1.0,0.0,0.5185185185185185,13,1.0,0.0,0.3333333333333333,0.1460624157565736,0.2664719100042494,0.475866646619944,Random candidate from RC-SPE pooling family.,random_pool,1.4158289474913701
random_0993,risk_candidate,216,0.7407407407407407,0.40740740740740744,0.9550360791953034,0.9971139971139971,1.0,0.0,0.2222222222222222,20,1.0,0.0,0.3333333333333333,0.18791865842598893,0.27755087481394913,0.4925478038336544,Random candidate from RC-SPE pooling family.,random_pool,1.4384253382831684
random_0994,risk_candidate,216,0.7129629629629629,0.3740580407247074,0.9123526019581168,0.9711399711399712,0.974025974025974,0.0,0.14814814814814814,20,1.0,0.0,0.3107344632768361,0.20418123688445755,0.37354783849465034,0.611403306980735,Random candidate from RC-SPE pooling family.,random_pool,1.0218366809657526
random_0995,risk_candidate,216,0.7962962962962963,0.5499118165784832,0.9556121771007214,0.9990379990379991,1.0,0.05714285714285714,0.5925925925925926,10,1.0,0.0,0.3333333333333333,0.17768182690172632,0.25669325722507397,0.48791458172624624,Random candidate from RC-SPE pooling family.,random_pool,1.6797564532028881
random_0996,risk_candidate,216,0.8796296296296297,0.7705307038640372,0.9522104266609658,0.9990379990379991,0.974025974025974,0.4857142857142857,0.8518518518518519,0,1.0,0.0,0.3333333333333333,0.04275889975653685,0.16625307925602298,0.3010189426013653,Random candidate from RC-SPE pooling family.,random_pool,0.5765012645650726
random_0997,risk_candidate,216,0.7870370370370371,0.5427609427609428,0.9497014185685688,0.993987493987494,0.987012987012987,0.08571428571428572,0.5555555555555556,11,1.0,0.0,0.3333333333333333,0.12501693729267077,0.24662710383238146,0.4492497894188028,Random candidate from RC-SPE pooling family.,random_pool,1.3050383458588504
random_0998,risk_candidate,216,0.8379629629629629,0.6876382876382876,0.9396516359273598,0.9959114959114959,0.974025974025974,0.2,0.8888888888888888,1,1.0,0.0,0.3050847457627119,0.08679800838982468,0.20608387525370506,0.3988481044427406,Random candidate from RC-SPE pooling family.,random_pool,0.7237454994566669
random_0999,risk_candidate,216,0.7592592592592593,0.4567901234567901,0.9497150172876424,0.9961519961519961,1.0,0.0,0.37037037037037035,17,1.0,0.0,0.3333333333333333,0.17279491283070247,0.37545908279723056,0.7460119041869149,Random candidate from RC-SPE pooling family.,random_pool,0.6811194217057306
random_1000,risk_candidate,216,0.8194444444444444,0.6172839506172839,0.9521211004041247,0.9992784992784993,1.0,0.0,0.8518518518518519,4,1.0,0.0,0.3333333333333333,0.09953192109718516,0.267894876367834,0.5416465630093333,Random candidate from RC-SPE pooling family.,random_pool,1.1392903417393212
random_1001,risk_candidate,216,0.8379629629629629,0.6346320346320345,0.9532780950967451,0.9978354978354979,0.961038961038961,0.9428571428571428,0.0,0,0.8227194492254734,0.17728055077452665,0.3611922852133255,0.23879573981672791,0.37234540240092207,0.6567778415852933,Random candidate from RC-SPE pooling family.,random_pool,1.6640016532993516
random_1002,risk_candidate,216,0.7129629629629629,0.3333333333333333,0.9480202262093432,0.9956709956709957,1.0,0.0,0.0,27,1.0,0.0,0.3333333333333333,0.21074916216966105,0.40035346115737375,0.6450680412110225,Random candidate from RC-SPE pooling family.,random_pool,0.9684035885249653
random_1003,risk_candidate,216,0.7453703703703703,0.41693121693121693,0.941515017520263,0.9903799903799904,1.0,0.02857142857142857,0.2222222222222222,19,1.0,0.0,0.3333333333333333,0.1569313252477543,0.3106403260959403,0.5084576299213603,Random candidate from RC-SPE pooling family.,random_pool,1.0722580801787405
random_1004,risk_candidate,216,0.8240740740740741,0.6296296296296297,0.9473266719575227,0.9990379990379991,1.0,0.0,0.8888888888888888,3,1.0,0.0,0.3333333333333333,0.20009050636028824,0.2726101192152938,0.551246651761439,Random candidate from RC-SPE pooling family.,random_pool,1.5997521739551714
random_1005,risk_candidate,216,0.875,0.7389289722623055,0.9556039681278685,0.9983164983164983,0.9935064935064936,0.37142857142857144,0.8518518518518519,2,1.0,0.0,0.3333333333333333,0.055057157282040775,0.1808449803747534,0.33242407712645494,Random candidate from RC-SPE pooling family.,random_pool,0.7167765069022864
random_1006,risk_candidate,216,0.8333333333333334,0.6532146865480198,0.9554672241798059,0.9983164983164983,0.9935064935064936,0.11428571428571428,0.8518518518518519,3,1.0,0.0,0.3333333333333333,0.14603345062665693,0.2196419252080313,0.43686164033021746,Random candidate from RC-SPE pooling family.,random_pool,1.229068411094183
random_1007,risk_candidate,216,0.8055555555555556,0.586002886002886,0.9390667304059428,0.9855699855699855,0.9675324675324676,0.45714285714285713,0.3333333333333333,9,1.0,0.0,0.39119423339177867,0.10725353488397063,0.2459674443753218,0.4486548857835806,Random candidate from RC-SPE pooling family.,random_pool,0.878964649147631
random_1008,risk_candidate,216,0.8657407407407407,0.7198813532146865,0.9543077429459118,0.9983164983164983,0.9935064935064936,0.3142857142857143,0.8518518518518519,2,1.0,0.0,0.3333333333333333,0.07217595845660882,0.1887589150932839,0.3614720355579344,Random candidate from RC-SPE pooling family.,random_pool,0.825996278291381
random_1009,risk_candidate,216,0.8240740740740741,0.6415263748597082,0.9498898784476496,0.9944684944684945,0.987012987012987,0.08571428571428572,0.8518518518518519,3,1.0,0.0,0.3163841807909605,0.0755176088988207,0.22390958238256234,0.3961390124768073,Random candidate from RC-SPE pooling family.,random_pool,0.7941509088252472
random_1010,risk_candidate,216,0.8148148148148148,0.6298380631713966,0.9392812500207365,0.9894179894179894,0.9805194805194806,0.05714285714285714,0.8518518518518519,3,1.0,0.0,0.3050847457627119,0.09687097853864972,0.23865796282489626,0.4307953497166775,Random candidate from RC-SPE pooling family.,random_pool,0.746721027043571
random_1011,risk_candidate,216,0.8842592592592593,0.8094917428250762,0.9426742636995424,0.9961519961519961,0.948051948051948,0.6285714285714286,0.8518518518518519,0,1.0,0.0,0.3452172218975258,0.037228496261824846,0.17709677460646672,0.3373384212321803,Random candidate from RC-SPE pooling family.,random_pool,0.5549751037554311
random_1012,risk_candidate,216,0.7361111111111112,0.3939554272887606,0.9360777418489232,0.9824434824434825,0.9935064935064936,0.11428571428571428,0.07407407407407407,21,1.0,0.0,0.3220338983050847,0.2500191547673901,0.329831786586215,0.5947445271688708,Random candidate from RC-SPE pooling family.,random_pool,1.8571928685052879
random_1013,risk_candidate,216,0.8703703703703703,0.7238736572069905,0.9545450192552115,0.9990379990379991,0.961038961038961,0.9142857142857143,0.2962962962962963,0,1.0,0.0,0.35554256769920123,0.1722769942586139,0.24845902048294508,0.4763909981131323,Random candidate from RC-SPE pooling family.,random_pool,1.0307231685896419
random_1014,risk_candidate,216,0.8564814814814815,0.6867243867243867,0.9558319367083458,0.9990379990379991,0.9935064935064936,0.4,0.6666666666666666,7,1.0,0.0,0.3333333333333333,0.030117702401166232,0.18967737886013172,0.34032529962593167,Random candidate from RC-SPE pooling family.,random_pool,0.6706245301955032
random_1015,risk_candidate,216,0.8564814814814815,0.7365239698573033,0.9451673094563713,0.9927849927849928,0.9545454545454546,0.5142857142857142,0.7407407407407407,1,1.0,0.0,0.3689849990259108,0.23827285438255397,0.29641932300370794,0.5601035401570252,Random candidate from RC-SPE pooling family.,random_pool,1.6221239665515998
random_1016,risk_candidate,216,0.875,0.7610068943402277,0.9533180961851716,0.9995189995189995,0.974025974025974,0.45714285714285713,0.8518518518518519,0,1.0,0.0,0.3333333333333333,0.0420617563042333,0.1607919574256499,0.30658187306539664,Random candidate from RC-SPE pooling family.,random_pool,0.6502296889889613
random_1017,risk_candidate,216,0.75,0.42817059483726155,0.9461091255663646,0.9942279942279942,0.9935064935064936,0.14285714285714285,0.14814814814814814,19,1.0,0.0,0.3333333333333333,0.1930933431228005,0.27790857129143604,0.5042523021215937,Random candidate from RC-SPE pooling family.,random_pool,1.4542916503029923
random_1018,risk_candidate,216,0.8148148148148148,0.6049382716049383,0.9552727509877377,0.9990379990379991,1.0,0.0,0.8148148148148148,5,1.0,0.0,0.3333333333333333,0.08252638722393406,0.23877869784926783,0.41129109156382515,Random candidate from RC-SPE pooling family.,random_pool,0.8422888925080945
random_1019,risk_candidate,216,0.8472222222222222,0.6937950937950937,0.9414382094297649,0.9882154882154882,0.948051948051948,0.8,0.3333333333333333,0,0.9363166953528399,0.0636833046471601,0.3613871030586402,0.17042815189284738,0.2677789294247261,0.50212019603956,Random candidate from RC-SPE pooling family.,random_pool,0.9624038991071856
random_1020,risk_candidate,216,0.16203703703703703,0.3333333333333333,0.9453091694670737,0.9997594997594997,0.0,1.0,0.0,0,0.0,1.0,0.3333333333333333,0.43338303646833704,0.6849141141742103,1.0006813122786535,Random candidate from RC-SPE pooling family.,random_pool,2.136593747732963
random_1021,risk_candidate,216,0.8333333333333334,0.6458553791887125,0.9478978698050143,1.0,1.0,0.08571428571428572,0.8518518518518519,3,1.0,0.0,0.3333333333333333,0.0684430091734085,0.19209987363241374,0.3546635223611433,Random candidate from RC-SPE pooling family.,random_pool,0.687836802880875
random_1022,risk_candidate,216,0.7638888888888888,0.47931697931697936,0.9540262376342739,0.9978354978354979,0.9935064935064936,0.0,0.4444444444444444,15,1.0,0.0,0.3333333333333333,0.14587701484898505,0.30964503920900555,0.5274408073015815,Random candidate from RC-SPE pooling family.,random_pool,0.6166541901045791
random_1023,risk_candidate,216,0.8055555555555556,0.545887445887446,0.95307903177806,0.9990379990379991,0.9805194805194806,0.6571428571428571,0.0,11,1.0,0.0,0.3333333333333333,0.20245951005856577,0.2877395559596098,0.5445407305943266,Random candidate from RC-SPE pooling family.,random_pool,1.6178478167416834
random_1024,risk_candidate,216,0.7592592592592593,0.47715247715247716,0.939814493532939,0.9860509860509861,0.987012987012987,0.0,0.4444444444444444,15,1.0,0.0,0.3276836158192091,0.1560954585945996,0.32826033184855036,0.625744975385512,Random candidate from RC-SPE pooling family.,random_pool,1.2158619687163676
random_1025,risk_candidate,216,0.875,0.78994708994709,0.949167541012154,0.9956709956709957,0.9285714285714286,0.8857142857142857,0.5555555555555556,0,0.24440619621342513,0.7555938037865748,0.3446327683615819,0.22766224415310612,0.31522542281708976,0.552749939478157,Random candidate from RC-SPE pooling family.,random_pool,0.8583212692038187
random_1026,risk_candidate,216,0.2175925925925926,0.5097001763668431,0.8924399912950842,0.9942279942279942,0.0,0.7142857142857143,0.8148148148148148,0,0.0,1.0,0.2413793103448276,0.2927326030760169,0.6408003043213367,1.0560154912910622,Random candidate from RC-SPE pooling family.,random_pool,2.2094077482039705
random_1027,risk_candidate,216,0.7361111111111112,0.3950617283950617,0.9505560777821395,0.9990379990379991,1.0,0.0,0.18518518518518517,22,1.0,0.0,0.3333333333333333,0.16915570424921414,0.29582023578524774,0.4819200775698269,Random candidate from RC-SPE pooling family.,random_pool,1.1247680381340617
random_1028,risk_candidate,216,0.8287037037037037,0.6098284431617765,0.9554434105332804,0.9990379990379991,0.9935064935064936,0.42857142857142855,0.4074074074074074,11,1.0,0.0,0.3333333333333333,0.19999157429997527,0.24665262574064498,0.47815532233314495,Random candidate from RC-SPE pooling family.,random_pool,1.486844506157699
random_1029,risk_candidate,216,0.8657407407407407,0.7300625300625301,0.9421045249686522,0.9990379990379991,0.987012987012987,0.3142857142857143,0.8888888888888888,0,1.0,0.0,0.3333333333333333,0.10035263294756049,0.18690024572102995,0.3676266524519839,Random candidate from RC-SPE pooling family.,random_pool,0.8857630990098682
random_1030,risk_candidate,216,0.8101851851851852,0.5925925925925926,0.954559613702039,0.9983164983164983,1.0,0.0,0.7777777777777778,6,1.0,0.0,0.3333333333333333,0.19724791843610623,0.2855300097647693,0.5562568278767495,Random candidate from RC-SPE pooling family.,random_pool,2.0509073234074915
random_1031,risk_candidate,216,0.8935185185185185,0.8228956228956229,0.9454070650573992,0.9973544973544973,0.948051948051948,0.7428571428571429,0.7777777777777778,0,0.9862306368330465,0.013769363166953541,0.3613871030586402,0.16670911973597882,0.2164473656961334,0.43178392936815563,Random candidate from RC-SPE pooling family.,random_pool,0.8326548769174368
random_1032,risk_candidate,216,0.7962962962962963,0.5906365239698573,0.9397466196873666,0.9920634920634921,0.974025974025974,0.05714285714285714,0.7407407407407407,5,1.0,0.0,0.3163841807909605,0.16201168791110573,0.2654342449910737,0.5111571740461927,Random candidate from RC-SPE pooling family.,random_pool,1.3811315910199207
random_1033,risk_candidate,216,0.8796296296296297,0.7875741542408209,0.9429008453413777,0.9949494949494949,0.9415584415584416,0.8285714285714286,0.5925925925925926,0,0.2495697074010327,0.7504302925989673,0.3389830508474576,0.22025356476823055,0.2865227906085204,0.5229510089197843,Random candidate from RC-SPE pooling family.,random_pool,0.8769440818652026
random_1034,risk_candidate,216,0.7916666666666666,0.54320987654321,0.9549761524393584,0.9978354978354979,1.0,0.0,0.6296296296296297,10,1.0,0.0,0.3333333333333333,0.1345223929685565,0.30951899267399735,0.540027853908464,Random candidate from RC-SPE pooling family.,random_pool,0.645752947106382
random_1035,risk_candidate,216,0.8888888888888888,0.7964405964405964,0.9536268171381957,0.9990379990379991,0.948051948051948,0.8857142857142857,0.5555555555555556,0,0.8244406196213425,0.17555938037865748,0.35008766803039154,0.11742697582415629,0.20748462169154613,0.4082940673684515,Random candidate from RC-SPE pooling family.,random_pool,0.6250598734030454
random_1036,risk_candidate,216,0.8611111111111112,0.7432259098925765,0.949325497236897,0.9951899951899952,0.9545454545454546,0.5714285714285714,0.7037037037037037,0,1.0,0.0,0.3680109097993376,0.08043934003894718,0.17606253622204465,0.3416359639466292,Random candidate from RC-SPE pooling family.,random_pool,0.6239182592569134
random_1037,risk_candidate,216,0.8240740740740741,0.6281385281385282,0.9527732330798838,0.9990379990379991,0.9415584415584416,0.9428571428571428,0.0,0,0.27538726333907054,0.7246127366609294,0.35028248587570626,0.2340411554681744,0.4220886496929627,0.6936009498625343,Random candidate from RC-SPE pooling family.,random_pool,1.5517326448138933
random_1038,risk_candidate,216,0.7824074074074074,0.5174122174122174,0.9513334537160091,0.9956709956709957,0.9935064935064936,0.11428571428571428,0.4444444444444444,14,1.0,0.0,0.3333333333333333,0.09900906102292732,0.24384325913981666,0.41703635945326284,Random candidate from RC-SPE pooling family.,random_pool,0.9273165051392339
random_1039,risk_candidate,216,0.18518518518518517,0.3614718614718615,0.8887581828599362,0.9947089947089947,0.08441558441558442,0.0,1.0,0,0.0,1.0,0.3333333333333333,0.3892305174806686,0.6735715849965054,1.0465749898474808,Random candidate from RC-SPE pooling family.,random_pool,2.1271263380858807
random_1040,risk_candidate,216,0.8888888888888888,0.7822190155523489,0.954475587815632,0.9983164983164983,0.9805194805194806,0.5142857142857142,0.8518518518518519,0,1.0,0.0,0.3333333333333333,0.06104837205344104,0.16200134294953103,0.3049828546215731,Random candidate from RC-SPE pooling family.,random_pool,0.6623250275143613
random_1041,risk_candidate,216,0.7916666666666666,0.6450216450216449,0.9234842287016036,0.9975949975949976,0.935064935064935,0.0,1.0,0,0.7831325301204819,0.2168674698795181,0.35387776065742166,0.2980227607297033,0.41985019535131846,0.747267222523987,Random candidate from RC-SPE pooling family.,random_pool,1.6536988548871574
random_1042,risk_candidate,216,0.7962962962962963,0.5555555555555555,0.9531378452789437,0.9990379990379991,1.0,0.0,0.6666666666666666,9,1.0,0.0,0.3333333333333333,0.09861003023222722,0.24363251174600908,0.4139034651749495,Random candidate from RC-SPE pooling family.,random_pool,0.922386793607734
random_1043,risk_candidate,216,0.7129629629629629,0.3333333333333333,0.9417699648354381,0.9915824915824916,1.0,0.0,0.0,27,1.0,0.0,0.3333333333333333,0.21299726733084606,0.37602375375652536,0.6362941279811117,Random candidate from RC-SPE pooling family.,random_pool,1.7783519811124209
random_1044,risk_candidate,216,0.875,0.77008177008177,0.9526789037369005,0.9975949975949976,0.961038961038961,0.5714285714285714,0.7777777777777778,0,1.0,0.0,0.3506721215663355,0.09223824496721716,0.17102418486572,0.33444479613632505,Random candidate from RC-SPE pooling family.,random_pool,0.7158792590744816
random_1045,risk_candidate,216,0.8101851851851852,0.5988455988455988,0.9480470696897424,0.9956709956709957,0.987012987012987,0.14285714285714285,0.6666666666666666,8,1.0,0.0,0.3333333333333333,0.07744765734455439,0.22803022426907812,0.38846076923854145,Random candidate from RC-SPE pooling family.,random_pool,0.6900005761429424
random_1046,risk_candidate,216,0.7361111111111112,0.3950617283950617,0.9503858212478405,0.9983164983164983,1.0,0.0,0.18518518518518517,22,1.0,0.0,0.3333333333333333,0.159842473918078,0.3406156950909729,0.5466299363406274,Random candidate from RC-SPE pooling family.,random_pool,1.0449629509779894
random_1047,risk_candidate,216,0.5740740740740741,0.6566137566137565,0.9440810950421702,0.9985569985569985,0.5,0.9142857142857143,0.5555555555555556,0,0.0,1.0,0.3333333333333333,0.09015379268107235,0.5178903328259393,0.8404574501433394,Random candidate from RC-SPE pooling family.,random_pool,1.907777652973525
random_1048,risk_candidate,216,0.7916666666666666,0.5737534070867404,0.9209069286712187,0.9812409812409812,0.9805194805194806,0.0,0.7407407407407407,7,1.0,0.0,0.34668721109399075,0.11624090398193626,0.31920033584522955,0.608047062002248,Random candidate from RC-SPE pooling family.,random_pool,1.063565257078474
random_1049,risk_candidate,216,0.35185185185185186,0.6019079685746352,0.9174706844694809,0.9980759980759981,0.16233766233766234,0.8285714285714286,0.8148148148148148,0,0.0,1.0,0.3333333333333333,0.18649127476146993,0.5687465998201084,0.9341409285554784,Random candidate from RC-SPE pooling family.,random_pool,1.718119677125397
random_1050,risk_candidate,216,0.7546296296296297,0.44333814333814336,0.9449182992545787,0.9959114959114959,0.9935064935064936,0.11428571428571428,0.2222222222222222,18,1.0,0.0,0.3333333333333333,0.15400577241122548,0.3057794052609906,0.520434236370413,Random candidate from RC-SPE pooling family.,random_pool,0.5540798269191601
random_1051,risk_candidate,216,0.8101851851851852,0.6027737694404361,0.9544328659779792,0.9985569985569985,0.9935064935064936,0.0,0.8148148148148148,5,1.0,0.0,0.3333333333333333,0.09685305306040295,0.2240067987697079,0.39806405706507014,Random candidate from RC-SPE pooling family.,random_pool,1.0136737078886415
random_1052,risk_candidate,216,0.8333333333333334,0.6532146865480198,0.9536950322944985,0.9985569985569985,0.9935064935064936,0.11428571428571428,0.8518518518518519,3,1.0,0.0,0.3333333333333333,0.07694020534450761,0.19452371447849867,0.3552138623113063,Random candidate from RC-SPE pooling family.,random_pool,0.7624744112922003
random_1053,risk_candidate,216,0.7361111111111112,0.4256052589385923,0.9262767211787105,0.9781144781144782,0.9805194805194806,0.0,0.2962962962962963,18,1.0,0.0,0.3163841807909605,0.17757725352341608,0.3813783639369223,0.6975386194255074,Random candidate from RC-SPE pooling family.,random_pool,0.8072982195489438
random_1054,risk_candidate,216,0.8240740740740741,0.5974827641494308,0.9548574167333395,0.9980759980759981,0.9935064935064936,0.42857142857142855,0.37037037037037035,14,1.0,0.0,0.3333333333333333,0.08705508828540956,0.2239004751243968,0.4058520153664092,Random candidate from RC-SPE pooling family.,random_pool,0.9442687182691418
random_1055,risk_candidate,216,0.8287037037037037,0.6267596600929934,0.9534715508124223,0.9992784992784993,0.9935064935064936,0.2571428571428571,0.6296296296296297,8,1.0,0.0,0.3333333333333333,0.05940574967920769,0.21000595734939861,0.3646685782744362,Random candidate from RC-SPE pooling family.,random_pool,0.6481348256995948
random_1056,risk_candidate,216,0.7175925925925926,0.3965848965848966,0.9018661375315302,0.9689754689754689,0.9675324675324676,0.0,0.2222222222222222,18,1.0,0.0,0.3050847457627119,0.19780605363150477,0.4130461020803295,0.7390411017548407,Random candidate from RC-SPE pooling family.,random_pool,0.7810367191930588
random_1057,risk_candidate,216,0.8148148148148148,0.6049382716049383,0.9550047622689326,0.9990379990379991,1.0,0.0,0.8148148148148148,5,1.0,0.0,0.3333333333333333,0.08908763324601199,0.23141508228102264,0.409210375617695,Random candidate from RC-SPE pooling family.,random_pool,1.0370714250271844
random_1058,risk_candidate,216,0.7916666666666666,0.5670033670033671,0.9458330671506509,0.9911014911014911,0.974025974025974,0.17142857142857143,0.5555555555555556,10,1.0,0.0,0.3623611922852133,0.13079280398804066,0.23821454410533355,0.4437217277090564,Random candidate from RC-SPE pooling family.,random_pool,0.9876539677296075
random_1059,risk_candidate,216,0.7129629629629629,0.3333333333333333,0.9272733874576375,0.9817219817219818,1.0,0.0,0.0,25,1.0,0.0,0.3333333333333333,0.21104878873134736,0.3823076935437835,0.6434433008600704,Random candidate from RC-SPE pooling family.,random_pool,1.6215022333375535
random_1060,risk_candidate,216,0.8935185185185185,0.7860990860990861,0.9544683963191701,0.9990379990379991,0.9805194805194806,0.6,0.7777777777777778,0,1.0,0.0,0.3333333333333333,0.19269166189861858,0.21934617102990103,0.44190157043869227,Random candidate from RC-SPE pooling family.,random_pool,1.2552881590407048
random_1061,risk_candidate,216,0.8703703703703703,0.767917267917268,0.948213223086983,0.9949494949494949,0.9545454545454546,0.5714285714285714,0.7777777777777778,0,0.9965576592082617,0.0034423407917383297,0.3393726865380869,0.07031194872058727,0.17509526887871288,0.3394726389989875,Random candidate from RC-SPE pooling family.,random_pool,0.6465946928992918
random_1062,risk_candidate,216,0.7361111111111112,0.40524290524290524,0.9391179421495753,0.9865319865319865,0.9935064935064936,0.0,0.2222222222222222,21,1.0,0.0,0.3333333333333333,0.17584586115136147,0.3435684569039767,0.6149077032491106,Random candidate from RC-SPE pooling family.,random_pool,1.482105629032867
random_1063,risk_candidate,216,0.75,0.43209876543209874,0.9485411385617329,0.9918229918229918,1.0,0.0,0.2962962962962963,19,1.0,0.0,0.3333333333333333,0.17868207430703434,0.299471896183169,0.5262730502657841,Random candidate from RC-SPE pooling family.,random_pool,1.6339770236243372
random_1064,risk_candidate,216,0.8240740740740741,0.626422959756293,0.9505961287707242,0.9918229918229918,0.948051948051948,0.8571428571428571,0.07407407407407407,0,0.9965576592082617,0.0034423407917383297,0.3970387687512176,0.11333346075849325,0.24615969532626905,0.4793133272994926,Random candidate from RC-SPE pooling family.,random_pool,0.7959431318394611
random_1065,risk_candidate,216,0.8287037037037037,0.6303030303030303,0.9527358261117566,0.9985569985569985,0.948051948051948,0.9428571428571428,0.0,0,0.7762478485370051,0.22375215146299487,0.3613871030586402,0.18424673697947266,0.3575169081296671,0.6248145281108844,Random candidate from RC-SPE pooling family.,random_pool,1.0626777930986475
random_1066,risk_candidate,216,0.9074074074074074,0.8356421356421356,0.9475121510562258,0.9997594997594997,0.9545454545454546,0.8857142857142857,0.6666666666666666,0,0.9982788296041308,0.0017211703958691649,0.3496980323397623,0.1820327407972066,0.22819744683166984,0.4376252403867652,Random candidate from RC-SPE pooling family.,random_pool,0.8324516038543139
random_1067,risk_candidate,216,0.8009259259259259,0.6188071188071188,0.909454906189825,0.9834054834054834,0.9675324675324676,0.0,0.8888888888888888,2,1.0,0.0,0.3050847457627119,0.24125779380805396,0.34895086191660146,0.6555642003398298,Random candidate from RC-SPE pooling family.,random_pool,1.8111231545252136
random_1068,risk_candidate,216,0.8240740740740741,0.6134199134199134,0.9477628554292338,0.9947089947089947,0.9545454545454546,0.8857142857142857,0.0,0,0.9913941480206541,0.008605851979345935,0.3855445158776544,0.24160957676229425,0.4027515519376284,0.7303617186735757,Random candidate from RC-SPE pooling family.,random_pool,2.141761714695814
random_1069,risk_candidate,216,0.7129629629629629,0.3842392175725509,0.9042327191961618,0.9689754689754689,0.9675324675324676,0.0,0.18518518518518517,19,1.0,0.0,0.3050847457627119,0.21091590127437285,0.4198403616667203,0.7076669212083168,Random candidate from RC-SPE pooling family.,random_pool,0.6908255694308186
random_1070,risk_candidate,216,0.8009259259259259,0.5770883437550104,0.9270518851015495,0.9778739778739779,0.9545454545454546,0.6285714285714286,0.14814814814814814,2,0.919104991394148,0.08089500860585197,0.3613871030586402,0.24039334099274393,0.3723752859231458,0.6620112073802876,Random candidate from RC-SPE pooling family.,random_pool,1.7926111055967493
random_1071,risk_candidate,216,0.8009259259259259,0.5442199775533109,0.9494170146027939,0.9937469937469937,0.9935064935064936,0.34285714285714286,0.2962962962962963,16,1.0,0.0,0.3333333333333333,0.08722169075939992,0.24171955688946192,0.4262322573750936,Random candidate from RC-SPE pooling family.,random_pool,0.8787750464250855
random_1072,risk_candidate,216,0.8796296296296297,0.7484527817861152,0.9515888112919737,0.9997594997594997,0.9935064935064936,0.4,0.8518518518518519,0,1.0,0.0,0.3333333333333333,0.1601997292290222,0.20294604175929346,0.4193556009557456,Random candidate from RC-SPE pooling family.,random_pool,1.1980239312502219
random_1073,risk_candidate,216,0.8240740740740741,0.6281385281385282,0.9533835583661653,0.9978354978354979,0.9415584415584416,0.9428571428571428,0.0,0,0.10327022375215146,0.8967297762478486,0.338788233002143,0.252785370089476,0.3886540306472267,0.6493264356268513,Random candidate from RC-SPE pooling family.,random_pool,1.255260433500475
random_1074,risk_candidate,216,0.875,0.7616161616161615,0.9539252228342882,0.9966329966329966,0.961038961038961,0.6571428571428571,0.6666666666666666,0,1.0,0.0,0.35671147477108905,0.1153853674976379,0.1931227510476942,0.3804498305482802,Random candidate from RC-SPE pooling family.,random_pool,0.8639610443004686
random_1075,risk_candidate,216,0.18055555555555555,0.341991341991342,0.9507145735953347,0.9990379990379991,0.025974025974025976,1.0,0.0,0,0.0,1.0,0.3333333333333333,0.45090025853914,0.6744616355270368,0.9772559978433714,Random candidate from RC-SPE pooling family.,random_pool,1.8596616224368463
random_1076,risk_candidate,216,0.7685185185185185,0.48148148148148145,0.9538651858005815,0.9983164983164983,1.0,0.0,0.4444444444444444,15,1.0,0.0,0.3333333333333333,0.12332579154789262,0.3159843106700408,0.5296604037598917,Random candidate from RC-SPE pooling family.,random_pool,0.9806574408233648
random_1077,risk_candidate,216,0.8564814814814815,0.6895462562129229,0.9544999002520713,0.9980759980759981,0.9935064935064936,0.37142857142857144,0.7037037037037037,6,1.0,0.0,0.3333333333333333,0.04807259228258448,0.19799985970231881,0.3552860614103925,Random candidate from RC-SPE pooling family.,random_pool,0.7154893229752313
random_1078,risk_candidate,216,0.7731481481481481,0.5011864678531345,0.9498255748710654,0.9942279942279942,0.9935064935064936,0.02857142857142857,0.48148148148148145,13,1.0,0.0,0.3333333333333333,0.13812860369946334,0.2715654354115292,0.48166597504716196,Random candidate from RC-SPE pooling family.,random_pool,1.1363138187807669
random_1079,risk_candidate,216,0.8379629629629629,0.6549943883277217,0.9489498713374434,0.993987493987494,0.948051948051948,0.9428571428571428,0.07407407407407407,0,0.5060240963855421,0.49397590361445787,0.338788233002143,0.2962610116076571,0.4098868795320018,0.6996434064817169,Random candidate from RC-SPE pooling family.,random_pool,2.0609784747645103
random_1080,risk_candidate,216,0.8379629629629629,0.6627384960718294,0.9558166347164369,0.9987974987974988,0.9935064935064936,0.14285714285714285,0.8518518518518519,3,1.0,0.0,0.3333333333333333,0.061431305124264236,0.20593104029272097,0.3560363051668922,Random candidate from RC-SPE pooling family.,random_pool,0.710302755079134
random_1081,risk_candidate,216,0.7546296296296297,0.474987974987975,0.9293013267539716,0.9797979797979798,0.9805194805194806,0.0,0.4444444444444444,14,1.0,0.0,0.3163841807909605,0.17234236054974456,0.3814807356500935,0.7939925626857087,Random candidate from RC-SPE pooling family.,random_pool,0.6440345931797852
random_1082,risk_candidate,216,0.8055555555555556,0.5933621933621933,0.9334480642738671,0.9824434824434825,0.961038961038961,0.4857142857142857,0.3333333333333333,8,1.0,0.0,0.39119423339177867,0.0673824584828572,0.25524089214266515,0.45785613453216994,Random candidate from RC-SPE pooling family.,random_pool,0.5543555686150761
random_1083,risk_candidate,216,0.8796296296296297,0.7451338784672118,0.9539783348055679,0.9992784992784993,0.974025974025974,0.7428571428571429,0.5185185185185185,1,1.0,0.0,0.3333333333333333,0.2146739522855346,0.2518786326966024,0.48887208675979776,Random candidate from RC-SPE pooling family.,random_pool,1.338747411505455
random_1084,risk_candidate,216,0.7777777777777778,0.5061728395061729,0.9503312093614212,0.9980759980759981,1.0,0.0,0.5185185185185185,13,1.0,0.0,0.3333333333333333,0.11398721704095686,0.3048412492159352,0.5074527218782956,Random candidate from RC-SPE pooling family.,random_pool,0.8884633547182621
random_1085,risk_candidate,216,0.875,0.7553631553631553,0.9561045300528591,0.9978354978354979,0.974025974025974,0.5142857142857142,0.7777777777777778,1,1.0,0.0,0.3333333333333333,0.14518727692865568,0.19982266574130275,0.40255433048743716,Random candidate from RC-SPE pooling family.,random_pool,1.1159051542806486
random_1086,risk_candidate,216,0.8148148148148148,0.6094757094757095,0.954105473740516,0.9973544973544973,0.9935064935064936,0.05714285714285714,0.7777777777777778,5,1.0,0.0,0.3333333333333333,0.09416978863696157,0.23922748728452056,0.40273095032879563,Random candidate from RC-SPE pooling family.,random_pool,0.692970378024868
random_1087,risk_candidate,216,0.8842592592592593,0.7739137405804072,0.9530214227600974,0.9990379990379991,0.9545454545454546,0.8857142857142857,0.48148148148148145,0,0.9965576592082617,0.0034423407917383297,0.37969998051821546,0.08599081542059905,0.2018469360808142,0.4019525668270922,Random candidate from RC-SPE pooling family.,random_pool,0.5736826509073433
random_1088,risk_candidate,216,0.8379629629629629,0.6700978034311368,0.9355359040796155,0.9980759980759981,0.987012987012987,0.17142857142857143,0.8518518518518519,1,1.0,0.0,0.3220338983050847,0.218483685673672,0.2667708196904438,0.5340719195239273,Random candidate from RC-SPE pooling family.,random_pool,1.4282627806132502
random_1089,risk_candidate,216,0.8425925925925926,0.7164181497514832,0.9326856962755143,0.9947089947089947,0.9545454545454546,0.34285714285714286,0.8518518518518519,0,1.0,0.0,0.3050847457627119,0.21447180469479432,0.2708196764850494,0.5319193846209918,Random candidate from RC-SPE pooling family.,random_pool,1.2864397133602985
random_1090,risk_candidate,216,0.8657407407407407,0.7538560205226871,0.949535450325785,0.9954304954304954,0.961038961038961,0.4857142857142857,0.8148148148148148,1,1.0,0.0,0.32222871615039933,0.300485593650478,0.3311957917629487,0.6252531581347509,Random candidate from RC-SPE pooling family.,random_pool,1.8701564675515514
random_1091,risk_candidate,216,0.7407407407407407,0.40740740740740744,0.9536227094503276,0.9975949975949976,1.0,0.0,0.2222222222222222,21,1.0,0.0,0.3333333333333333,0.16972986684569577,0.3164655164550845,0.5507383783108099,Random candidate from RC-SPE pooling family.,random_pool,1.6061384037055895
random_1092,risk_candidate,216,0.19444444444444445,0.34848484848484845,0.9374749523035187,0.9925444925444925,0.045454545454545456,1.0,0.0,0,0.0,1.0,0.3333333333333333,0.4621947200937378,0.7076768490147587,1.001819645952396,Random candidate from RC-SPE pooling family.,random_pool,1.193109933714641
random_1093,risk_candidate,216,0.8055555555555556,0.5802469135802469,0.9508751988170722,0.9978354978354979,1.0,0.0,0.7407407407407407,6,1.0,0.0,0.3333333333333333,0.11327311418445454,0.3053322784609965,0.565114276231976,Random candidate from RC-SPE pooling family.,random_pool,0.6233817443171606
random_1094,risk_candidate,216,0.8842592592592593,0.7739137405804072,0.9538944073965671,0.9990379990379991,0.9545454545454546,0.8857142857142857,0.48148148148148145,0,0.37865748709122204,0.621342512908778,0.338788233002143,0.15405814276325747,0.2150071261979835,0.4256241237566875,Random candidate from RC-SPE pooling family.,random_pool,0.6005340335807667
random_1095,risk_candidate,216,0.7453703703703703,0.4344717011383678,0.9379714524191533,0.9853294853294853,0.987012987012987,0.05714285714285714,0.25925925925925924,18,1.0,0.0,0.3333333333333333,0.15115683846011507,0.30405795719897194,0.4925674002323298,Random candidate from RC-SPE pooling family.,random_pool,0.82117678463159
random_1096,risk_candidate,216,0.8703703703703703,0.729405162738496,0.9525878642589425,0.9983164983164983,0.9935064935064936,0.34285714285714286,0.8518518518518519,1,1.0,0.0,0.3448275862068966,0.053073980055085165,0.17820530223320355,0.3283404505691515,Random candidate from RC-SPE pooling family.,random_pool,0.6964223701069702
random_1097,risk_candidate,216,0.8611111111111112,0.710966810966811,0.9485032301049561,0.9920634920634921,0.9805194805194806,0.4857142857142857,0.6666666666666666,3,1.0,0.0,0.3450224040522112,0.19597222565514943,0.26080965179763627,0.5036506446241733,Random candidate from RC-SPE pooling family.,random_pool,1.400825066489005
random_1098,risk_candidate,216,0.125,0.3333333333333333,0.8948616001868981,1.0,0.0,0.0,1.0,0,0.0,1.0,0.3333333333333333,0.444776451535795,0.7698983283568047,1.1965984435619594,Random candidate from RC-SPE pooling family.,random_pool,2.088724278383027
random_1099,risk_candidate,216,0.8101851851851852,0.5717332050665385,0.9533298083290273,0.9990379990379991,0.9935064935064936,0.3142857142857143,0.4074074074074074,13,1.0,0.0,0.3333333333333333,0.10994873794031179,0.22646187705489357,0.42205942455857226,Random candidate from RC-SPE pooling family.,random_pool,1.183721036154489
random_1100,risk_candidate,216,0.8379629629629629,0.7051787718454384,0.9161142488997166,0.9906204906204906,0.961038961038961,0.22857142857142856,0.9259259259259259,1,1.0,0.0,0.3050847457627119,0.31534764490662676,0.41400704805054744,0.7453857205267745,Random candidate from RC-SPE pooling family.,random_pool,2.1233243687687278
random_1101,risk_candidate,216,0.7453703703703703,0.4197530864197531,0.9433221062317129,0.9949494949494949,1.0,0.0,0.25925925925925924,20,1.0,0.0,0.3333333333333333,0.15585560621860836,0.3558226217413957,0.6252581281136046,Random candidate from RC-SPE pooling family.,random_pool,0.9708895548569781
random_1102,risk_candidate,216,0.7129629629629629,0.3740580407247074,0.8873507981705945,0.9663299663299664,0.974025974025974,0.0,0.14814814814814814,20,1.0,0.0,0.3050847457627119,0.25527432360081803,0.5062714811392401,1.0852015447961116,Random candidate from RC-SPE pooling family.,random_pool,0.647784647042659
random_1103,risk_candidate,216,0.8657407407407407,0.7594997594997595,0.9408891197863917,0.9980759980759981,0.961038961038961,0.42857142857142855,0.8888888888888888,0,1.0,0.0,0.3276836158192091,0.23130730472100358,0.268871976366427,0.5340238804360669,Random candidate from RC-SPE pooling family.,random_pool,1.3866150740005716
random_1104,risk_candidate,216,0.8703703703703703,0.7441237774571109,0.9499656086841531,0.993987493987494,0.9805194805194806,0.4,0.8518518518518519,1,1.0,0.0,0.3220338983050847,0.0667292309914464,0.1918140069127491,0.3449269289255562,Random candidate from RC-SPE pooling family.,random_pool,0.6219828834866351
random_1105,risk_candidate,216,0.7361111111111112,0.3950617283950617,0.9453307466551953,0.9973544973544973,1.0,0.0,0.18518518518518517,22,1.0,0.0,0.3333333333333333,0.1841067034384425,0.3800157144522849,0.6453342292882803,Random candidate from RC-SPE pooling family.,random_pool,1.0497220076546212
random_1106,risk_candidate,216,0.8101851851851852,0.5925925925925926,0.9569715158754327,0.9987974987974988,1.0,0.0,0.7777777777777778,6,1.0,0.0,0.3333333333333333,0.16643576785345188,0.26749784985083785,0.5226707147714295,Random candidate from RC-SPE pooling family.,random_pool,1.7501441691342263
random_1107,risk_candidate,216,0.7916666666666666,0.5279942279942279,0.9484978095084785,0.993025493025493,0.9935064935064936,0.2571428571428571,0.3333333333333333,15,1.0,0.0,0.3333333333333333,0.08679496587080762,0.2514416636709508,0.43241514169774115,Random candidate from RC-SPE pooling family.,random_pool,0.7517673868457558
random_1108,risk_candidate,216,0.9074074074074074,0.8350328683662017,0.9490802738379699,0.9983164983164983,0.9675324675324676,0.6857142857142857,0.8518518518518519,0,1.0,0.0,0.3333333333333333,0.2433167914039212,0.2390920878708503,0.481808449567934,Random candidate from RC-SPE pooling family.,random_pool,1.3031803705441494
random_1109,risk_candidate,216,0.8194444444444444,0.6133557800224467,0.954393969042994,0.9975949975949976,0.9935064935064936,0.14285714285714285,0.7037037037037037,7,1.0,0.0,0.3333333333333333,0.06898532396369249,0.2152238903592891,0.37745551614102185,Random candidate from RC-SPE pooling family.,random_pool,0.7832982921836996
random_1110,risk_candidate,216,0.8194444444444444,0.6948051948051948,0.9242618973689556,0.9990379990379991,0.9415584415584416,0.14285714285714285,1.0,0,1.0,0.0,0.35233692860811505,0.28219025564017824,0.4040550591651324,0.7210962172671675,Random candidate from RC-SPE pooling family.,random_pool,1.6271871573614096
random_1111,risk_candidate,216,0.8564814814814815,0.7195927529260863,0.9489009582818921,0.993987493987494,0.9545454545454546,0.6857142857142857,0.5185185185185185,3,1.0,0.0,0.35651665692577444,0.05491730583365204,0.18577940632762044,0.3700761678631321,Random candidate from RC-SPE pooling family.,random_pool,0.5611838393191632
random_1112,risk_candidate,216,0.8055555555555556,0.6107904441237775,0.9253769048621971,0.9831649831649831,0.9805194805194806,0.0,0.8518518518518519,4,1.0,0.0,0.34668721109399075,0.1279117357326569,0.3144810534804297,0.6148222629396645,Random candidate from RC-SPE pooling family.,random_pool,1.404441355216819
random_1113,risk_candidate,216,0.8055555555555556,0.5532467532467532,0.954910243220683,0.9985569985569985,0.974025974025974,0.6857142857142857,0.0,9,1.0,0.0,0.3333333333333333,0.26441290964313885,0.3468482812532492,0.6297510214873617,Random candidate from RC-SPE pooling family.,random_pool,2.2447255912994515
random_1114,risk_candidate,216,0.8194444444444444,0.6144620811287478,0.95691440379531,0.9985569985569985,1.0,0.02857142857142857,0.8148148148148148,4,1.0,0.0,0.3333333333333333,0.08066445275312858,0.24956958282541716,0.4373238231560408,Random candidate from RC-SPE pooling family.,random_pool,0.751020919262357
random_1115,risk_candidate,216,0.8472222222222222,0.6637485970819305,0.9517836008182353,0.9944684944684945,0.987012987012987,0.4857142857142857,0.5185185185185185,8,1.0,0.0,0.3333333333333333,0.076618021652926,0.2152877456923912,0.3896610089780654,Random candidate from RC-SPE pooling family.,random_pool,0.8478063144110926
random_1116,risk_candidate,216,0.8240740740740741,0.6387045053711721,0.9520417848703776,0.9971139971139971,0.987012987012987,0.11428571428571428,0.8148148148148148,5,1.0,0.0,0.3333333333333333,0.07208795399615679,0.22183706747829657,0.38907000765859956,Random candidate from RC-SPE pooling family.,random_pool,0.8722193742099904
random_1117,risk_candidate,216,0.8009259259259259,0.5679012345679012,0.9537281391707552,0.9990379990379991,1.0,0.0,0.7037037037037037,8,1.0,0.0,0.3333333333333333,0.10219101363999232,0.2791417921436902,0.4820235621470178,Random candidate from RC-SPE pooling family.,random_pool,0.6700522046266721
random_1118,risk_candidate,216,0.7407407407407407,0.4175885842552509,0.93169109310089,0.9846079846079846,0.9935064935064936,0.0,0.25925925925925924,20,1.0,0.0,0.3333333333333333,0.14890345166709806,0.3725525525902074,0.663787980076824,Random candidate from RC-SPE pooling family.,random_pool,1.189954432138978
random_1119,risk_candidate,216,0.7824074074074074,0.5360590027256694,0.9446900615413304,0.9918229918229918,0.987012987012987,0.02857142857142857,0.5925925925925926,10,1.0,0.0,0.3276836158192091,0.10447889846997327,0.26230410373506596,0.43919002350838376,Random candidate from RC-SPE pooling family.,random_pool,0.7661581483019996
random_1120,risk_candidate,216,0.8842592592592593,0.7591951258617926,0.9567652511120038,0.9985569985569985,0.9675324675324676,0.8285714285714286,0.48148148148148145,0,1.0,0.0,0.3333333333333333,0.08310776281877158,0.18372248319236953,0.36792579257815605,Random candidate from RC-SPE pooling family.,random_pool,0.7656353811845209
random_1121,risk_candidate,216,0.8564814814814815,0.7081930415263749,0.950825866399112,0.9980759980759981,0.987012987012987,0.2857142857142857,0.8518518518518519,2,1.0,0.0,0.3220338983050847,0.1915372572314316,0.24734891804412432,0.4993081203980868,Random candidate from RC-SPE pooling family.,random_pool,1.2967821326893834
random_1122,risk_candidate,216,0.7175925925925926,0.3835818502485169,0.8760438638114983,0.9653679653679653,0.974025974025974,0.02857142857142857,0.14814814814814814,20,1.0,0.0,0.3165789986362751,0.209404417496656,0.4546702442953524,0.8383367840913348,Random candidate from RC-SPE pooling family.,random_pool,0.9383360212834478
random_1123,risk_candidate,216,0.8981481481481481,0.805804072470739,0.9537380423148237,0.9983164983164983,0.974025974025974,0.6285714285714286,0.8148148148148148,0,1.0,0.0,0.3393726865380869,0.3078281930622245,0.30682795716105465,0.5844098594671521,Random candidate from RC-SPE pooling family.,random_pool,1.8425294960113174
random_1124,risk_candidate,216,0.8935185185185185,0.8285393618726952,0.9322127779796908,0.9987974987974988,0.948051948051948,0.6857142857142857,0.8518518518518519,0,0.4475043029259897,0.5524956970740103,0.31579972725501654,0.26358321409973523,0.29440356569831344,0.557303649687391,Random candidate from RC-SPE pooling family.,random_pool,1.1038662625551412
random_1125,risk_candidate,216,0.8287037037037037,0.6698092031425364,0.9067599306333407,0.9745069745069745,0.948051948051948,0.5428571428571428,0.5185185185185185,1,0.7555938037865749,0.24440619621342508,0.26378336255601015,0.18767511341387383,0.32781445910429663,0.6011767671800045,Random candidate from RC-SPE pooling family.,random_pool,1.1481850735590786
random_1126,risk_candidate,216,0.8287037037037037,0.6352252685586018,0.9520153870518344,0.9954304954304954,0.9935064935064936,0.17142857142857143,0.7407407407407407,4,1.0,0.0,0.3333333333333333,0.10306770977709086,0.22036531542941198,0.3920070429211209,Random candidate from RC-SPE pooling family.,random_pool,0.9524173419115882
random_1127,risk_candidate,216,0.8981481481481481,0.7905884239217573,0.9550778938343268,0.9990379990379991,0.9675324675324676,0.8857142857142857,0.5185185185185185,0,1.0,0.0,0.3450224040522112,0.06464350062356386,0.16889546659822166,0.3426597032368232,Random candidate from RC-SPE pooling family.,random_pool,0.618042517024011
random_1128,risk_candidate,216,0.8703703703703703,0.729405162738496,0.9556693876582498,0.9990379990379991,0.9935064935064936,0.34285714285714286,0.8518518518518519,2,1.0,0.0,0.3333333333333333,0.03932108627793428,0.1745781848059826,0.3167697264100092,Random candidate from RC-SPE pooling family.,random_pool,0.5781266496102871
random_1129,risk_candidate,216,0.9166666666666666,0.8512586179252847,0.9499133558634187,0.9990379990379991,0.9675324675324676,0.7714285714285715,0.8148148148148148,0,1.0,0.0,0.3450224040522112,0.08148026035156779,0.15061044051300598,0.3044662214802905,Random candidate from RC-SPE pooling family.,random_pool,0.6189936560960408
random_1130,risk_candidate,216,0.7314814814814815,0.3798941798941799,0.8981430730957124,0.9675324675324676,1.0,0.02857142857142857,0.1111111111111111,21,1.0,0.0,0.3333333333333333,0.1582872013732707,0.38524331241363624,0.6581456140567179,Random candidate from RC-SPE pooling family.,random_pool,1.788887792597436
random_1131,risk_candidate,216,0.8194444444444444,0.5931056597723264,0.9535030737952249,0.9992784992784993,0.974025974025974,0.6571428571428571,0.14814814814814814,10,1.0,0.0,0.3333333333333333,0.22875200105582713,0.2974415329096842,0.5576913061817671,Random candidate from RC-SPE pooling family.,random_pool,1.9278766441920598
random_1132,risk_candidate,216,0.7453703703703703,0.40735930735930737,0.946196760350726,0.9935064935064936,0.9935064935064936,0.22857142857142856,0.0,19,1.0,0.0,0.3278784336645237,0.24552582982234378,0.3323138341485288,0.6175749429885333,Random candidate from RC-SPE pooling family.,random_pool,1.858947803550107
random_1133,risk_candidate,216,0.8657407407407407,0.7345999679333013,0.9531779638946777,0.9968734968734969,0.9805194805194806,0.37142857142857144,0.8518518518518519,1,1.0,0.0,0.3276836158192091,0.20114090612626456,0.24917375957318064,0.5002495951613004,Random candidate from RC-SPE pooling family.,random_pool,1.3417385551273606
random_1134,risk_candidate,216,0.7222222222222222,0.3987493987493987,0.9117007901673605,0.9716209716209716,0.974025974025974,0.0,0.2222222222222222,18,1.0,0.0,0.3050847457627119,0.16177366819291314,0.3395532855044081,0.5892484090693466,Random candidate from RC-SPE pooling family.,random_pool,1.2530142221120915
random_1135,risk_candidate,216,0.8379629629629629,0.639057239057239,0.9512025070762208,0.9959114959114959,0.987012987012987,0.4857142857142857,0.4444444444444444,9,1.0,0.0,0.3333333333333333,0.25291710452024474,0.31073568877850477,0.5826212514357901,Random candidate from RC-SPE pooling family.,random_pool,2.2304948897017827
random_1136,risk_candidate,216,0.8148148148148148,0.5881192881192882,0.951891526181556,0.9949494949494949,0.9675324675324676,0.6857142857142857,0.1111111111111111,4,1.0,0.0,0.3448275862068966,0.09960253220970992,0.22182427007294692,0.43702317026333226,Random candidate from RC-SPE pooling family.,random_pool,0.7814559018345095
random_1137,risk_candidate,216,0.7314814814814815,0.38271604938271603,0.9274243418911851,0.9822029822029822,1.0,0.0,0.14814814814814814,23,1.0,0.0,0.3333333333333333,0.21036822752801457,0.44566843289459834,0.8152300372114707,Random candidate from RC-SPE pooling family.,random_pool,0.9755377126831716
random_1138,risk_candidate,216,0.7129629629629629,0.3333333333333333,0.9322715396754266,0.9862914862914863,1.0,0.0,0.0,27,1.0,0.0,0.3333333333333333,0.21002379088791284,0.43685071641453427,0.7345083046476734,Random candidate from RC-SPE pooling family.,random_pool,1.305536023976698
random_1139,risk_candidate,216,0.8101851851851852,0.6378547378547378,0.9226839326144923,0.9843674843674843,0.9675324675324676,0.05714285714285714,0.8888888888888888,2,1.0,0.0,0.3050847457627119,0.17661608051246086,0.2787542007463838,0.5400172266839597,Random candidate from RC-SPE pooling family.,random_pool,1.1975613368579858
random_1140,risk_candidate,216,0.9212962962962963,0.8607824274490942,0.9510555455019701,0.9995189995189995,0.9675324675324676,0.8,0.8148148148148148,0,1.0,0.0,0.3333333333333333,0.11182226742019405,0.15441281993916395,0.3208283689018885,Random candidate from RC-SPE pooling family.,random_pool,0.7701694188955456
random_1141,risk_candidate,216,0.8009259259259259,0.6086259419592753,0.9325994361002755,0.9894179894179894,0.974025974025974,0.0,0.8518518518518519,3,1.0,0.0,0.3050847457627119,0.12560922651358178,0.2639515833913672,0.4967083525999603,Random candidate from RC-SPE pooling family.,random_pool,1.12762531097751
random_1142,risk_candidate,216,0.8657407407407407,0.7289562289562289,0.9526486955147808,0.9963924963924964,0.9805194805194806,0.42857142857142855,0.7777777777777778,3,1.0,0.0,0.3333333333333333,0.07601938442122617,0.19695502650746827,0.3643763917774851,Random candidate from RC-SPE pooling family.,random_pool,0.8895519312896126
random_1143,risk_candidate,216,0.7962962962962963,0.5572711239377907,0.9504296517897447,0.9963924963924964,0.9935064935064936,0.08571428571428572,0.5925925925925926,10,1.0,0.0,0.3333333333333333,0.10811295247189749,0.2603206165849874,0.43420282259810394,Random candidate from RC-SPE pooling family.,random_pool,0.7776674214695803
random_1144,risk_candidate,216,0.8611111111111112,0.6990700657367324,0.9546360469328142,0.9980759980759981,0.9935064935064936,0.4,0.7037037037037037,5,1.0,0.0,0.3333333333333333,0.06431991509265353,0.20280194214524488,0.36587087256609974,Random candidate from RC-SPE pooling family.,random_pool,0.8256269351603566
random_1145,risk_candidate,216,0.8611111111111112,0.7115760782427448,0.954232413021916,0.9987974987974988,0.9675324675324676,0.6857142857142857,0.48148148148148145,3,1.0,0.0,0.3333333333333333,0.10196264426522739,0.2043965562865726,0.4024131811999761,Random candidate from RC-SPE pooling family.,random_pool,0.9611844467934871
random_1146,risk_candidate,216,0.2037037037037037,0.35281385281385286,0.9376627813662871,0.9963924963924964,0.05844155844155844,1.0,0.0,0,0.0,1.0,0.3333333333333333,0.4093455425653436,0.644315674174413,0.9262678078604017,Random candidate from RC-SPE pooling family.,random_pool,1.3503982003727182
random_1147,risk_candidate,216,0.8935185185185185,0.8257174923841591,0.9511061835789939,0.9973544973544973,0.948051948051948,0.7142857142857143,0.8148148148148148,0,0.9363166953528399,0.0636833046471601,0.34989285018507693,0.07173477690948792,0.17018280280291923,0.33299819673576825,Random candidate from RC-SPE pooling family.,random_pool,0.5791773809221197
random_1148,risk_candidate,216,0.7129629629629629,0.3333333333333333,0.9526643769172224,0.9975949975949976,1.0,0.0,0.0,27,1.0,0.0,0.3333333333333333,0.200813700653983,0.3116775732745808,0.5040422188287502,Random candidate from RC-SPE pooling family.,random_pool,1.3111368023832133
random_1149,risk_candidate,216,0.8379629629629629,0.6700978034311368,0.9492481713065839,0.993987493987494,0.987012987012987,0.17142857142857143,0.8518518518518519,3,1.0,0.0,0.3276836158192091,0.05499585551346248,0.2144576880061772,0.3711696414855363,Random candidate from RC-SPE pooling family.,random_pool,0.5873262853389041
random_1150,risk_candidate,216,0.7268518518518519,0.3703703703703704,0.9514951994423534,0.9951899951899952,1.0,0.0,0.1111111111111111,24,1.0,0.0,0.3333333333333333,0.19009564168473764,0.35645836558871236,0.5814791409573402,Random candidate from RC-SPE pooling family.,random_pool,1.3160791538123133
random_1151,risk_candidate,216,0.7870370370370371,0.5410453743787077,0.9481442019081928,0.9949494949494949,0.9935064935064936,0.0,0.6296296296296297,10,1.0,0.0,0.3333333333333333,0.11872955572026239,0.28832437679579276,0.5272951759131667,Random candidate from RC-SPE pooling family.,random_pool,1.3910843033828204
random_1152,risk_candidate,216,0.7453703703703703,0.4197530864197531,0.9314641996756715,0.9865319865319865,1.0,0.0,0.25925925925925924,20,1.0,0.0,0.3333333333333333,0.18487520831164878,0.40071788969711736,0.8167831473828276,Random candidate from RC-SPE pooling family.,random_pool,0.8439344157862985
random_1153,risk_candidate,216,0.8611111111111112,0.7454385121051788,0.9390185630481916,0.9985569985569985,0.9675324675324676,0.34285714285714286,0.9259259259259259,0,1.0,0.0,0.3276836158192091,0.30426016970552844,0.3490858552422359,0.6573614280217667,Random candidate from RC-SPE pooling family.,random_pool,2.0358279667214743
random_1154,risk_candidate,216,0.9166666666666666,0.838255571588905,0.9541586887400116,0.9992784992784993,0.974025974025974,0.8,0.7407407407407407,0,1.0,0.0,0.3333333333333333,0.05585206037793833,0.14133496716154995,0.2843488838677936,Random candidate from RC-SPE pooling family.,random_pool,0.6134680996642432
random_1155,risk_candidate,216,0.7962962962962963,0.5657367324033991,0.948452997737912,0.9951899951899952,0.9935064935064936,0.0,0.7037037037037037,8,1.0,0.0,0.3276836158192091,0.17403901858495868,0.30356725190233297,0.6006835741858346,Random candidate from RC-SPE pooling family.,random_pool,1.902874415215148
random_1156,risk_candidate,216,0.8148148148148148,0.64001924001924,0.9356858804594843,0.987974987974988,0.974025974025974,0.05714285714285714,0.8888888888888888,2,1.0,0.0,0.3220338983050847,0.09225484649857706,0.26683493480945364,0.4885335519988811,Random candidate from RC-SPE pooling family.,random_pool,0.5933286446354438
random_1157,risk_candidate,216,0.7962962962962963,0.5730960397627064,0.9467975664542814,0.9915824915824916,0.987012987012987,0.02857142857142857,0.7037037037037037,7,1.0,0.0,0.3276836158192091,0.09309028740261174,0.27584424001859215,0.4766877315949529,Random candidate from RC-SPE pooling family.,random_pool,0.739052953253843
random_1158,risk_candidate,216,0.8287037037037037,0.6295815295815296,0.9539641270188189,0.9980759980759981,0.9935064935064936,0.22857142857142856,0.6666666666666666,8,1.0,0.0,0.3333333333333333,0.12152481765669872,0.2254177615153556,0.43036382966542647,Random candidate from RC-SPE pooling family.,random_pool,1.2624588527525598
random_1159,risk_candidate,216,0.8425925925925926,0.7107744107744107,0.9386358427538561,0.98989898989899,0.9545454545454546,0.4,0.7777777777777778,1,0.9965576592082617,0.0034423407917383297,0.3050847457627119,0.13714336905579635,0.22123748717533054,0.4321147621682801,Random candidate from RC-SPE pooling family.,random_pool,0.8765979901873467
random_1160,risk_candidate,216,0.7175925925925926,0.3558601891935225,0.9498314416585624,0.993987493987494,0.9935064935064936,0.0,0.07407407407407407,25,1.0,0.0,0.3333333333333333,0.1841248714054447,0.3047551567015887,0.49575486823246856,Random candidate from RC-SPE pooling family.,random_pool,0.9844687536150729
random_1161,risk_candidate,216,0.7361111111111112,0.3950617283950617,0.9371627668084583,0.9874939874939875,1.0,0.0,0.18518518518518517,21,1.0,0.0,0.3333333333333333,0.17081008720938567,0.3417750819459184,0.5552271441105344,Random candidate from RC-SPE pooling family.,random_pool,1.1539560670773943
random_1162,risk_candidate,216,0.7129629629629629,0.3333333333333333,0.9547427632624039,0.9990379990379991,1.0,0.0,0.0,27,1.0,0.0,0.3333333333333333,0.24243191670912553,0.3879422631599514,0.6253951765282009,Random candidate from RC-SPE pooling family.,random_pool,2.04687077556755
random_1163,risk_candidate,216,0.75,0.43945807279140614,0.9480381531718082,0.993987493987494,0.9935064935064936,0.02857142857142857,0.2962962962962963,18,1.0,0.0,0.3333333333333333,0.1389885083591882,0.3157128653043548,0.5108827519163184,Random candidate from RC-SPE pooling family.,random_pool,0.8325139515636801
random_1164,risk_candidate,216,0.8287037037037037,0.6510501843835177,0.9538148812555787,0.9973544973544973,0.987012987012987,0.11428571428571428,0.8518518518518519,3,1.0,0.0,0.3163841807909605,0.0947547704746719,0.2158527225045264,0.4000987661785771,Random candidate from RC-SPE pooling family.,random_pool,0.9649128709930623
random_1165,risk_candidate,216,0.7916666666666666,0.5505691839025172,0.9524021087779225,0.9971139971139971,0.9935064935064936,0.02857142857142857,0.6296296296296297,10,1.0,0.0,0.3333333333333333,0.10529109668198586,0.2525198767910059,0.43293226753514075,Random candidate from RC-SPE pooling family.,random_pool,1.0609167234886319
random_1166,risk_candidate,216,0.8796296296296297,0.7631713965047299,0.9523636634314293,0.9992784992784993,0.9805194805194806,0.45714285714285713,0.8518518518518519,0,1.0,0.0,0.3333333333333333,0.25836822596706643,0.2729622538509832,0.5456599875074232,Random candidate from RC-SPE pooling family.,random_pool,1.626201575912579
random_1167,risk_candidate,216,0.7638888888888888,0.48667628667628665,0.9430460333169077,0.9886964886964887,0.987012987012987,0.02857142857142857,0.4444444444444444,14,1.0,0.0,0.3276836158192091,0.1453338470747386,0.2925457973851241,0.5006955467834595,Random candidate from RC-SPE pooling family.,random_pool,1.2261937525336641
random_1168,risk_candidate,216,0.8425925925925926,0.6796216129549464,0.9549242449510001,0.9980759980759981,0.987012987012987,0.2,0.8518518518518519,2,1.0,0.0,0.3276836158192091,0.0895421267548139,0.19170696979151328,0.36987248404422907,Random candidate from RC-SPE pooling family.,random_pool,0.8504287958140055
random_1169,risk_candidate,216,0.7824074074074074,0.5185185185185185,0.953841276375386,0.9983164983164983,1.0,0.0,0.5555555555555556,12,1.0,0.0,0.3333333333333333,0.15720671921969398,0.2702582189992304,0.4964059689444992,Random candidate from RC-SPE pooling family.,random_pool,1.708783929615328
random_1170,risk_candidate,216,0.22685185185185186,0.525925925925926,0.8991531312435356,0.9935064935064936,0.0,0.8,0.7777777777777778,0,0.0,1.0,0.28735632183908044,0.30388687096722267,0.6445522878685657,1.0478458540792444,Random candidate from RC-SPE pooling family.,random_pool,2.165447359180027
random_1171,risk_candidate,216,0.20833333333333334,0.35497835497835495,0.9385501294166153,0.9911014911014911,0.06493506493506493,1.0,0.0,0,0.0,1.0,0.3333333333333333,0.3626249741643149,0.6151216287745901,0.9176785458831015,Random candidate from RC-SPE pooling family.,random_pool,1.6023119207399317
random_1172,risk_candidate,216,0.6342592592592593,0.56993746993747,0.9518067133225628,0.9992784992784993,0.6558441558441559,0.9428571428571428,0.1111111111111111,0,0.0,1.0,0.3333333333333333,0.08768691831533981,0.48406843541707256,0.7381315766312905,Random candidate from RC-SPE pooling family.,random_pool,1.2218507164333061
random_1173,risk_candidate,216,0.8009259259259259,0.5882635882635883,0.9478743129617405,0.9932659932659933,0.987012987012987,0.0,0.7777777777777778,5,1.0,0.0,0.3333333333333333,0.22846170383012,0.3162301336290898,0.6064054400397557,Random candidate from RC-SPE pooling family.,random_pool,2.209270253674645
random_1174,risk_candidate,216,0.7361111111111112,0.3950617283950617,0.9457552252325966,0.9913419913419913,1.0,0.0,0.18518518518518517,22,1.0,0.0,0.3333333333333333,0.21503350158710519,0.3285419168957295,0.5886725639084857,Random candidate from RC-SPE pooling family.,random_pool,2.2352941889794704
random_1175,risk_candidate,216,0.8333333333333334,0.7030142696809364,0.9087353748576964,0.9903799903799904,0.9545454545454546,0.22857142857142856,0.9259259259259259,1,1.0,0.0,0.3050847457627119,0.23447722137963042,0.35330336919967353,0.6595037037495421,Random candidate from RC-SPE pooling family.,random_pool,1.4007920569575574
random_1176,risk_candidate,216,0.8796296296296297,0.7830367163700497,0.9353211080825049,0.9951899951899952,0.948051948051948,0.7714285714285715,0.6296296296296297,0,0.9500860585197934,0.04991394148020656,0.3613871030586402,0.26209115913808123,0.30048601494804583,0.5510967451615776,Random candidate from RC-SPE pooling family.,random_pool,1.0636524542202923
random_1177,risk_candidate,216,0.8009259259259259,0.6188071188071188,0.9186858894690294,0.9855699855699855,0.9675324675324676,0.0,0.8888888888888888,2,1.0,0.0,0.3050847457627119,0.1147293074470219,0.27576727864218625,0.5329444715475156,Random candidate from RC-SPE pooling family.,random_pool,0.9400765454842664
random_1178,risk_candidate,216,0.7685185185185185,0.48148148148148145,0.9542762199631092,0.9990379990379991,1.0,0.0,0.4444444444444444,15,1.0,0.0,0.3333333333333333,0.12678740581519318,0.3166706961589796,0.5380294267971756,Random candidate from RC-SPE pooling family.,random_pool,0.8717678135417007
random_1179,risk_candidate,216,0.8425925925925926,0.6796216129549464,0.9553125623708979,0.9980759980759981,0.987012987012987,0.2,0.8518518518518519,3,1.0,0.0,0.3276836158192091,0.05232437489726333,0.2009798288355178,0.35537046707871384,Random candidate from RC-SPE pooling family.,random_pool,0.5728526097675983
random_1180,risk_candidate,216,0.7361111111111112,0.38831168831168833,0.9315049877366843,0.982924482924483,0.9935064935064936,0.17142857142857143,0.0,22,1.0,0.0,0.3391778686927723,0.25737476618054084,0.34454983407761186,0.6320773523278013,Random candidate from RC-SPE pooling family.,random_pool,1.9927209785049738
random_1181,risk_candidate,216,0.8703703703703703,0.754417187750521,0.9502655088979131,0.9990379990379991,0.9415584415584416,0.9142857142857143,0.4074074074074074,0,0.9879518072289156,0.012048192771084376,0.3553477498538866,0.17102691284371163,0.27415317744231527,0.5023317703530734,Random candidate from RC-SPE pooling family.,random_pool,0.633587867571985
random_1182,risk_candidate,216,0.7129629629629629,0.3333333333333333,0.9566947281660004,0.9980759980759981,1.0,0.0,0.0,27,1.0,0.0,0.3333333333333333,0.23528036172704375,0.32064075159200234,0.5479942682261572,Random candidate from RC-SPE pooling family.,random_pool,1.8058747289053096
random_1183,risk_candidate,216,0.8101851851851852,0.5925925925925926,0.9552330453315291,0.9985569985569985,1.0,0.0,0.7777777777777778,6,1.0,0.0,0.3333333333333333,0.14670717108565084,0.27514488663974696,0.5348888439263575,Random candidate from RC-SPE pooling family.,random_pool,1.5696322129985922
random_1184,risk_candidate,216,0.7407407407407407,0.458313291646625,0.9149772619479392,0.9745069745069745,0.9675324675324676,0.0,0.4074074074074074,14,1.0,0.0,0.3050847457627119,0.252822576149591,0.34625030352623287,0.6440506238410211,Random candidate from RC-SPE pooling family.,random_pool,2.047776537495928
random_1185,risk_candidate,216,0.8194444444444444,0.6172839506172839,0.9561517416876489,0.9990379990379991,1.0,0.0,0.8518518518518519,4,1.0,0.0,0.3333333333333333,0.12146760984326062,0.24347643156453105,0.46997591985691284,Random candidate from RC-SPE pooling family.,random_pool,1.3244745984577229
random_1186,risk_candidate,216,0.8009259259259259,0.5780824114157448,0.9564466415140025,0.9978354978354979,0.9935064935064936,0.0,0.7407407407407407,7,1.0,0.0,0.3333333333333333,0.10499546059775608,0.24542198181206537,0.44043276103953855,Random candidate from RC-SPE pooling family.,random_pool,1.1107098507199413
random_1187,risk_candidate,216,0.8657407407407407,0.734102934102934,0.9541776981072809,0.9975949975949976,0.961038961038961,0.6857142857142857,0.5555555555555556,0,0.9982788296041308,0.0017211703958691649,0.3393726865380869,0.17070633782512315,0.22796156975642715,0.4474889128401251,Random candidate from RC-SPE pooling family.,random_pool,1.1906073186522064
random_1188,risk_candidate,216,0.7129629629629629,0.3333333333333333,0.9472267921612353,0.9944684944684945,1.0,0.0,0.0,27,1.0,0.0,0.3333333333333333,0.22751401514591033,0.4053338841961156,0.6627796304656038,Random candidate from RC-SPE pooling family.,random_pool,1.6025438440557829
random_1189,risk_candidate,216,0.8981481481481481,0.8380631713965047,0.9313817064596508,0.9987974987974988,0.948051948051948,0.7142857142857143,0.8518518518518519,0,0.7039586919104991,0.2960413080895009,0.35093778226449174,0.3665776505742689,0.39359137902206837,0.7009697938656125,Random candidate from RC-SPE pooling family.,random_pool,1.6751318831574808
random_1190,risk_candidate,216,0.8240740740740741,0.640420073753407,0.9509446420570073,0.9935064935064936,0.9805194805194806,0.2,0.7407407407407407,5,1.0,0.0,0.3333333333333333,0.08377201731926409,0.2147928497198626,0.38710738921105553,Random candidate from RC-SPE pooling family.,random_pool,0.8768451679046333
random_1191,risk_candidate,216,0.8935185185185185,0.8155363155363156,0.9474690879078426,0.9954304954304954,0.9545454545454546,0.7142857142857143,0.7777777777777778,0,0.9845094664371773,0.015490533562822706,0.34385349698032336,0.08718583692657006,0.1759979780564081,0.3594240180640324,Random candidate from RC-SPE pooling family.,random_pool,0.6204629199620968
random_1192,risk_candidate,216,0.7962962962962963,0.5657367324033991,0.949074416152092,0.9961519961519961,0.9935064935064936,0.0,0.7037037037037037,8,1.0,0.0,0.3333333333333333,0.09960146870593833,0.297175516195601,0.5822367939279323,Random candidate from RC-SPE pooling family.,random_pool,1.394886188542386
random_1193,risk_candidate,216,0.8287037037037037,0.663668430335097,0.937612750504865,0.987974987974988,0.9285714285714286,0.9142857142857143,0.14814814814814814,0,0.25989672977624784,0.7401032702237522,0.3389830508474576,0.35253144876930936,0.47612949873771554,0.7940520413191036,Random candidate from RC-SPE pooling family.,random_pool,2.138926611460185
random_1194,risk_candidate,216,0.9074074074074074,0.8497514830848164,0.9337269051922368,0.9985569985569985,0.9545454545454546,0.7428571428571429,0.8518518518518519,0,0.9690189328743546,0.030981067125645412,0.3382037794661991,0.20387377929856815,0.23733447705378932,0.46613743089495885,Random candidate from RC-SPE pooling family.,random_pool,0.8795446741528795
random_1195,risk_candidate,216,0.8101851851851852,0.5925925925925926,0.9540750567632288,1.0,1.0,0.0,0.7777777777777778,6,1.0,0.0,0.3333333333333333,0.12580102738226745,0.26027097501325486,0.48791309441055475,Random candidate from RC-SPE pooling family.,random_pool,1.400901483362755
random_1196,risk_candidate,216,0.9027777777777778,0.8345839345839345,0.9372526844588998,0.9997594997594997,0.9545454545454546,0.7714285714285715,0.7777777777777778,0,0.22203098106712565,0.7779690189328743,0.3557373855445159,0.2424563796629125,0.2611900664866561,0.4987442453862893,Random candidate from RC-SPE pooling family.,random_pool,0.9626786034050532
random_1197,risk_candidate,216,0.16666666666666666,0.3354978354978355,0.9360720212694179,0.98989898989899,0.006493506493506494,1.0,0.0,0,0.0,1.0,0.3333333333333333,0.39061317229393305,0.6317121634528918,0.9479470316165395,Random candidate from RC-SPE pooling family.,random_pool,2.1388637152644487
random_1198,risk_candidate,216,0.8148148148148148,0.6253006253006252,0.9502744839413771,0.9978354978354979,0.987012987012987,0.0,0.8888888888888888,3,1.0,0.0,0.3276836158192091,0.22118768229316965,0.2955010633598738,0.5862892499132264,Random candidate from RC-SPE pooling family.,random_pool,1.6912713458845647
random_1199,risk_candidate,216,0.8194444444444444,0.6393618726952061,0.938706455075646,0.9911014911014911,0.9805194805194806,0.08571428571428572,0.8518518518518519,3,1.0,0.0,0.3050847457627119,0.14940720043189318,0.2551962868689796,0.4957710624879826,Random candidate from RC-SPE pooling family.,random_pool,1.291826638247293
random_1200,risk_candidate,216,0.8055555555555556,0.5904280904280904,0.9491749294634281,0.9968734968734969,0.9935064935064936,0.0,0.7777777777777778,6,1.0,0.0,0.3333333333333333,0.13460921974244597,0.29422776961847047,0.5855861509224474,Random candidate from RC-SPE pooling family.,random_pool,1.8009999235334484
random_1201,risk_candidate,216,0.7777777777777778,0.5061728395061729,0.9503813459497951,0.9942279942279942,1.0,0.0,0.5185185185185185,13,1.0,0.0,0.3333333333333333,0.1233207593160174,0.30725132400697935,0.5242172851407688,Random candidate from RC-SPE pooling family.,random_pool,0.7968083396253358
random_1202,risk_candidate,216,0.8611111111111112,0.7166105499438832,0.9517782137707504,0.9947089947089947,0.9805194805194806,0.42857142857142855,0.7407407407407407,4,1.0,0.0,0.3335281511786479,0.10046620580185946,0.20494629495491476,0.37360957338382367,Random candidate from RC-SPE pooling family.,random_pool,0.8144875378455871
random_1203,risk_candidate,216,0.8611111111111112,0.7195446528779862,0.9534685681799706,0.9983164983164983,0.948051948051948,0.9142857142857143,0.2962962962962963,0,0.657487091222031,0.342512908777969,0.338788233002143,0.1410178020089087,0.24326189087032798,0.463971487238204,Random candidate from RC-SPE pooling family.,random_pool,0.8080692531479284
random_1204,risk_candidate,216,0.7731481481481481,0.49382716049382713,0.9578345133895189,0.9985569985569985,1.0,0.0,0.48148148148148145,14,1.0,0.0,0.3333333333333333,0.21007637512707328,0.29541900487226314,0.5630350579478917,Random candidate from RC-SPE pooling family.,random_pool,2.2394377688107703
random_1205,risk_candidate,216,0.9074074074074074,0.8209235209235209,0.9534502545574273,0.9992784992784993,0.9675324675324676,0.8285714285714286,0.6666666666666666,0,1.0,0.0,0.3333333333333333,0.10868557114793105,0.15803711002385204,0.3289146058157496,Random candidate from RC-SPE pooling family.,random_pool,0.7405783043692727
random_1206,risk_candidate,216,0.9120370370370371,0.8519159852493186,0.943318531411915,0.9995189995189995,0.961038961038961,0.7428571428571429,0.8518518518518519,0,1.0,0.0,0.3333333333333333,0.2461683981847037,0.23620008432713607,0.4770728059166074,Random candidate from RC-SPE pooling family.,random_pool,1.1180175672550239
random_1207,risk_candidate,216,0.8333333333333334,0.6177489177489178,0.9535739979003982,0.9985569985569985,0.9675324675324676,0.8857142857142857,0.0,2,1.0,0.0,0.3333333333333333,0.25328247540304955,0.3145965317088831,0.5832298951966133,Random candidate from RC-SPE pooling family.,random_pool,1.6788196209801276
random_1208,risk_candidate,216,0.8101851851851852,0.6536796536796537,0.9148769211969583,0.9932659932659933,0.961038961038961,0.0,1.0,0,1.0,0.0,0.3656908063687725,0.1951868975586154,0.33944252420504195,0.6433317573102175,Random candidate from RC-SPE pooling family.,random_pool,1.3189042494627974
random_1209,risk_candidate,216,0.8101851851851852,0.640676607343274,0.9187806586001489,0.98989898989899,0.9675324675324676,0.02857142857142857,0.9259259259259259,1,1.0,0.0,0.3050847457627119,0.27878931511000704,0.36658346269347664,0.6806847662234099,Random candidate from RC-SPE pooling family.,random_pool,1.8378977011752509
random_1210,risk_candidate,216,0.8055555555555556,0.5893217893217892,0.9472923310709978,0.9915824915824916,0.987012987012987,0.11428571428571428,0.6666666666666666,8,1.0,0.0,0.3276836158192091,0.14567725925630243,0.2410090931210237,0.4477931147295366,Random candidate from RC-SPE pooling family.,random_pool,1.1981885963513146
random_1211,risk_candidate,216,0.7916666666666666,0.5505691839025172,0.9531401584661165,0.9961519961519961,0.9935064935064936,0.02857142857142857,0.6296296296296297,10,1.0,0.0,0.3333333333333333,0.10044039152574193,0.2624219253149246,0.4395028652151638,Random candidate from RC-SPE pooling family.,random_pool,0.9031044048550979
random_1212,risk_candidate,216,0.8796296296296297,0.7428090428090428,0.9536854291334578,0.9990379990379991,0.9935064935064936,0.45714285714285713,0.7777777777777778,1,1.0,0.0,0.3333333333333333,0.017712267132214538,0.16783637289532669,0.31328336444355237,Random candidate from RC-SPE pooling family.,random_pool,0.5666306249214863
random_1213,risk_candidate,216,0.8796296296296297,0.7558120891454224,0.9536432087844547,0.9990379990379991,0.987012987012987,0.42857142857142855,0.8518518518518519,0,1.0,0.0,0.3333333333333333,0.13932213626795004,0.19674757492868095,0.39977045788704607,Random candidate from RC-SPE pooling family.,random_pool,1.1187240578554412
random_1214,risk_candidate,216,0.8935185185185185,0.8127144460477794,0.9404105807113786,0.9980759980759981,0.9545454545454546,0.7428571428571429,0.7407407407407407,0,1.0,0.0,0.33372296902396253,0.3298055897205433,0.3383128848328741,0.6255546686283598,Random candidate from RC-SPE pooling family.,random_pool,1.8283094374952362
random_1215,risk_candidate,216,0.7870370370370371,0.5512265512265512,0.9459921970080587,0.9935064935064936,0.987012987012987,0.0,0.6666666666666666,9,1.0,0.0,0.3276836158192091,0.15091387721914606,0.29882068572283704,0.5786223907372219,Random candidate from RC-SPE pooling family.,random_pool,1.632776763378337
random_1216,risk_candidate,216,0.9120370370370371,0.8445566778900112,0.9480162188509548,0.9997594997594997,0.9675324675324676,0.7142857142857143,0.8518518518518519,0,1.0,0.0,0.3333333333333333,0.08150346686690797,0.14953899237651566,0.3048515442355129,Random candidate from RC-SPE pooling family.,random_pool,0.6833619441717113
random_1217,risk_candidate,216,0.8703703703703703,0.7611672278338945,0.9417963140767333,0.9884559884559885,0.948051948051948,0.7428571428571429,0.5925925925925926,0,0.9776247848537005,0.022375215146299476,0.3383985973115137,0.24639387899376325,0.29375957224551974,0.554506231838493,Random candidate from RC-SPE pooling family.,random_pool,1.2771693495079723
random_1218,risk_candidate,216,0.7314814814814815,0.3900753567420234,0.9297213260116816,0.9834054834054834,0.9935064935064936,0.02857142857142857,0.14814814814814814,20,1.0,0.0,0.3333333333333333,0.15312062955482858,0.3632595011480613,0.5911720079087,Random candidate from RC-SPE pooling family.,random_pool,1.078321509474055
random_1219,risk_candidate,216,0.8240740740740741,0.6195606862273529,0.9490088023656346,0.9920634920634921,0.974025974025974,0.5142857142857142,0.37037037037037035,8,1.0,0.0,0.3682057276446522,0.0773804389859932,0.2191965548271092,0.3994744698802519,Random candidate from RC-SPE pooling family.,random_pool,0.6885684345002084
random_1220,risk_candidate,216,0.9074074074074074,0.8276735610068945,0.9523055647251727,0.9990379990379991,0.974025974025974,0.6571428571428571,0.8518518518518519,0,1.0,0.0,0.3333333333333333,0.07094815511163399,0.15206510479602042,0.3069663756077638,Random candidate from RC-SPE pooling family.,random_pool,0.6554939470963196
random_1221,risk_candidate,216,0.7824074074074074,0.5355619688953023,0.9231317678524554,0.9764309764309764,0.9675324675324676,0.34285714285714286,0.2962962962962963,14,1.0,0.0,0.3452172218975258,0.153170700051054,0.2925205702831157,0.5333751148546844,Random candidate from RC-SPE pooling family.,random_pool,1.215836953529373
random_1222,risk_candidate,216,0.8935185185185185,0.8138207471540806,0.9444712051106897,0.9987974987974988,0.961038961038961,0.6285714285714286,0.8518518518518519,0,1.0,0.0,0.3276836158192091,0.0418589988483668,0.16252601760471883,0.31478876696075775,Random candidate from RC-SPE pooling family.,random_pool,0.5666590885334372
random_1223,risk_candidate,216,0.875,0.7542568542568543,0.9511010747658998,0.9968734968734969,0.9675324675324676,0.6285714285714286,0.6666666666666666,1,1.0,0.0,0.3333333333333333,0.0981607049474145,0.19266914110302316,0.376507137141749,Random candidate from RC-SPE pooling family.,random_pool,0.9374782177273049
random_1224,risk_candidate,216,0.7129629629629629,0.3333333333333333,0.9409806916032561,0.9920634920634921,1.0,0.0,0.0,26,1.0,0.0,0.3333333333333333,0.20777787528951797,0.35506831393816113,0.5827190389227165,Random candidate from RC-SPE pooling family.,random_pool,1.2038528795623833
random_1225,risk_candidate,216,0.7407407407407407,0.4277697611030944,0.9311252028733783,0.9846079846079846,0.987012987012987,0.0,0.2962962962962963,19,1.0,0.0,0.3333333333333333,0.18490285893396827,0.39144319344057976,0.8070438021456015,Random candidate from RC-SPE pooling family.,random_pool,0.8656843664763438
random_1226,risk_candidate,216,0.7592592592592593,0.47715247715247716,0.9329509333419203,0.9848484848484849,0.987012987012987,0.0,0.4444444444444444,15,1.0,0.0,0.3276836158192091,0.14253081994825428,0.34624296974824165,0.724166867518794,Random candidate from RC-SPE pooling family.,random_pool,1.6258803270066247
random_1227,risk_candidate,216,0.8425925925925926,0.6469777136443803,0.9533155138652277,0.9987974987974988,0.961038961038961,0.9428571428571428,0.037037037037037035,0,0.9741824440619621,0.025817555938037917,0.3670368205727645,0.14433483133890762,0.25588048483807635,0.4973461259929949,Random candidate from RC-SPE pooling family.,random_pool,0.7992353683112736
random_1228,risk_candidate,216,0.7407407407407407,0.40065736732403395,0.9381581727776703,0.9877344877344877,0.9935064935064936,0.17142857142857143,0.037037037037037035,21,1.0,0.0,0.3333333333333333,0.16660837614351404,0.3186466041087232,0.5612601909966627,Random candidate from RC-SPE pooling family.,random_pool,1.0431874097741596
random_1229,risk_candidate,216,0.8194444444444444,0.6172839506172839,0.9561333395359811,0.9990379990379991,1.0,0.0,0.8518518518518519,4,1.0,0.0,0.3333333333333333,0.10902963278068457,0.23564277472571926,0.45450341118289067,Random candidate from RC-SPE pooling family.,random_pool,1.0404652080203212
random_1230,risk_candidate,216,0.8842592592592593,0.7800545133878467,0.9558819557694123,0.9990379990379991,0.974025974025974,0.5142857142857142,0.8518518518518519,0,1.0,0.0,0.3333333333333333,0.061735320699970654,0.16501703310081037,0.32470177429157904,Random candidate from RC-SPE pooling family.,random_pool,0.7743311421610656
random_1231,risk_candidate,216,0.7129629629629629,0.3333333333333333,0.9482324943374776,0.9987974987974988,1.0,0.0,0.0,27,1.0,0.0,0.3333333333333333,0.21782416244188213,0.3461672934885187,0.5568226084041814,Random candidate from RC-SPE pooling family.,random_pool,1.332793358033056
random_1232,risk_candidate,216,0.7592592592592593,0.6298701298701298,0.8943590454305738,0.9937469937469937,0.8896103896103896,0.0,1.0,0,0.49569707401032703,0.504302925989673,0.3600410888546482,0.23634180889169545,0.44767914824762156,0.7925418704092398,Random candidate from RC-SPE pooling family.,random_pool,1.4708220344771084
random_1233,risk_candidate,216,0.7129629629629629,0.3406926406926407,0.9391837002919511,0.9884559884559885,0.9935064935064936,0.02857142857142857,0.0,25,1.0,0.0,0.3333333333333333,0.2361780140648803,0.33368276576786327,0.611494895487045,Random candidate from RC-SPE pooling family.,random_pool,1.6794468525860642
random_1234,risk_candidate,216,0.7314814814814815,0.4093314093314093,0.919530452605365,0.9783549783549783,0.974025974025974,0.14285714285714285,0.1111111111111111,19,1.0,0.0,0.3682057276446522,0.18397346867292247,0.33954854800839085,0.6123781409949928,Random candidate from RC-SPE pooling family.,random_pool,1.405642387806254
random_1235,risk_candidate,216,0.8194444444444444,0.5818181818181819,0.9531377540510834,0.9975949975949976,0.974025974025974,0.7714285714285715,0.0,6,1.0,0.0,0.3333333333333333,0.2589322996769858,0.3354203229193665,0.6239433572978551,Random candidate from RC-SPE pooling family.,random_pool,1.9548057675735935
random_1236,risk_candidate,216,0.7592592592592593,0.47433060766394103,0.9403630232150487,0.9896584896584897,0.987012987012987,0.02857142857142857,0.4074074074074074,15,1.0,0.0,0.3333333333333333,0.1706563563928417,0.35231223524996735,0.622109424071872,Random candidate from RC-SPE pooling family.,random_pool,0.565824554397881
random_1237,risk_candidate,216,0.8194444444444444,0.637646304312971,0.9443597135000266,0.9956709956709957,0.987012987012987,0.0,0.9259259259259259,2,1.0,0.0,0.3276836158192091,0.16996972299400162,0.26235462201437637,0.5206791961671959,Random candidate from RC-SPE pooling family.,random_pool,1.3724675077423802
random_1238,risk_candidate,216,0.8194444444444444,0.6246432579765914,0.9553328746984947,0.9983164983164983,0.9935064935064936,0.02857142857142857,0.8518518518518519,3,1.0,0.0,0.3276836158192091,0.1068228153934209,0.21653768297721868,0.4062133415245446,Random candidate from RC-SPE pooling family.,random_pool,0.9521123177478285
random_1239,risk_candidate,216,0.7222222222222222,0.37445887445887444,0.925004693604622,0.976911976911977,0.9805194805194806,0.14285714285714285,0.0,20,1.0,0.0,0.37969998051821546,0.26138571246940584,0.3533964808608436,0.6448789473002511,Random candidate from RC-SPE pooling family.,random_pool,1.9297948953422588
random_1240,risk_candidate,216,0.8564814814814815,0.6799743466410133,0.9539365129169988,0.9983164983164983,0.987012987012987,0.5714285714285714,0.48148148148148145,3,1.0,0.0,0.3220338983050847,0.04386215911678966,0.19198840679411788,0.35897138889806995,Random candidate from RC-SPE pooling family.,random_pool,0.5937748085130977
random_1241,risk_candidate,216,0.8935185185185185,0.8116081449414784,0.9486175409422515,0.9975949975949976,0.948051948051948,0.8571428571428571,0.6296296296296297,0,0.9294320137693631,0.07056798623063687,0.3613871030586402,0.1549404886670436,0.216309714706937,0.419260607774802,Random candidate from RC-SPE pooling family.,random_pool,0.6930597986285217
random_1242,risk_candidate,216,0.8194444444444444,0.603783870450537,0.9473614362281024,0.9923039923039924,0.987012987012987,0.34285714285714286,0.48148148148148145,10,1.0,0.0,0.3333333333333333,0.06102303424630216,0.23674711469406415,0.4177680302867112,Random candidate from RC-SPE pooling family.,random_pool,0.5543012462576599
random_1243,risk_candidate,216,0.7361111111111112,0.3950617283950617,0.9479024961793597,0.9959114959114959,1.0,0.0,0.18518518518518517,21,1.0,0.0,0.3333333333333333,0.18168479394202208,0.37147459694328966,0.607676696985767,Random candidate from RC-SPE pooling family.,random_pool,0.8063154479554818
random_1244,risk_candidate,216,0.6064814814814815,0.6971620971620971,0.9182042711891487,0.9990379990379991,0.5454545454545454,0.6571428571428571,0.8888888888888888,0,0.0,1.0,0.3103448275862069,0.17387029357331094,0.5683013232860114,0.9480486532815936,Random candidate from RC-SPE pooling family.,random_pool,2.045258935170811
random_1245,risk_candidate,216,0.7453703703703703,0.40735930735930737,0.9381397751768122,0.9862914862914863,0.9935064935064936,0.22857142857142856,0.0,21,1.0,0.0,0.3391778686927723,0.23825967965174336,0.3410073635158273,0.637678696581002,Random candidate from RC-SPE pooling family.,random_pool,1.9684220536962596
random_1246,risk_candidate,216,0.7453703703703703,0.4130030463363797,0.9569928239307831,0.9990379990379991,0.9935064935064936,0.17142857142857143,0.07407407407407407,24,1.0,0.0,0.3333333333333333,0.2167042165758358,0.27558560965964635,0.5182474856212037,Random candidate from RC-SPE pooling family.,random_pool,1.7835766629777516
random_1247,risk_candidate,216,0.8055555555555556,0.6194805194805194,0.9509627514751928,0.9971139971139971,0.9155844155844156,0.9428571428571428,0.0,0,0.17900172117039587,0.8209982788296042,0.3446327683615819,0.23418623250233866,0.4378055290558429,0.7108293580149121,Random candidate from RC-SPE pooling family.,random_pool,1.4933047197283131
random_1248,risk_candidate,216,0.7916666666666666,0.5737534070867404,0.9307703599399145,0.9850889850889851,0.9805194805194806,0.0,0.7407407407407407,6,1.0,0.0,0.3163841807909605,0.1834790778080244,0.3279511841900218,0.6269353369840952,Random candidate from RC-SPE pooling family.,random_pool,2.0414978156864896
random_1249,risk_candidate,216,0.8194444444444444,0.6320025653358986,0.9462259320465535,0.9973544973544973,0.987012987012987,0.05714285714285714,0.8518518518518519,3,1.0,0.0,0.3333333333333333,0.1950279306614302,0.25868895920884827,0.5117577993325528,Random candidate from RC-SPE pooling family.,random_pool,1.571000993397945
random_1250,risk_candidate,216,0.8796296296296297,0.7456309122975789,0.9556974959991741,0.9990379990379991,0.9935064935064936,0.42857142857142855,0.8148148148148148,0,1.0,0.0,0.3333333333333333,0.06715408339623855,0.17710081443104123,0.3342074782514262,Random candidate from RC-SPE pooling family.,random_pool,0.819968938816959
random_1251,risk_candidate,216,0.875,0.7536475869809204,0.9548567282381594,0.9980759980759981,0.9805194805194806,0.42857142857142855,0.8518518518518519,1,1.0,0.0,0.33372296902396253,0.053375140014833324,0.17545216100676145,0.3213676393220297,Random candidate from RC-SPE pooling family.,random_pool,0.5915274758673216
random_1252,risk_candidate,216,0.8194444444444444,0.6320025653358986,0.9413851079359308,0.9978354978354979,0.987012987012987,0.05714285714285714,0.8518518518518519,3,1.0,0.0,0.3276836158192091,0.16285457710641407,0.22955521341722593,0.457675584340459,Random candidate from RC-SPE pooling family.,random_pool,1.1064159892454912
random_1253,risk_candidate,216,0.7546296296296297,0.4648067981401314,0.9383617108652368,0.9850889850889851,0.987012987012987,0.0,0.4074074074074074,15,1.0,0.0,0.3276836158192091,0.182657841191813,0.3005068895148125,0.5500338668923616,Random candidate from RC-SPE pooling family.,random_pool,1.5878497395413362
random_1254,risk_candidate,216,0.8842592592592593,0.7670514670514671,0.954561422701826,0.9992784992784993,0.9805194805194806,0.5428571428571428,0.7777777777777778,0,1.0,0.0,0.3333333333333333,0.0790946708436658,0.17033849451995492,0.3346944334300154,Random candidate from RC-SPE pooling family.,random_pool,0.8187682736276884
random_1255,risk_candidate,216,0.8472222222222222,0.6817861151194485,0.9524034984153006,0.9987974987974988,0.9935064935064936,0.2,0.8518518518518519,3,1.0,0.0,0.3333333333333333,0.05462447817972327,0.19363570970549265,0.3509172407029154,Random candidate from RC-SPE pooling family.,random_pool,0.6859517158315582
random_1256,risk_candidate,216,0.7546296296296297,0.46198492865159535,0.9364030559538281,0.9838864838864839,0.987012987012987,0.02857142857142857,0.37037037037037035,15,1.0,0.0,0.3276836158192091,0.1533643627765966,0.29749365376509146,0.4952229701794362,Random candidate from RC-SPE pooling family.,random_pool,1.0232064584153169
random_1257,risk_candidate,216,0.7361111111111112,0.3950617283950617,0.9529150694898751,0.9983164983164983,1.0,0.0,0.18518518518518517,22,1.0,0.0,0.3333333333333333,0.17305618320089258,0.34723329443373957,0.5730513143059518,Random candidate from RC-SPE pooling family.,random_pool,1.1739323090351526
random_1258,risk_candidate,216,0.9259259259259259,0.8703062369729037,0.9520668842794033,0.9990379990379991,0.9675324675324676,0.8285714285714286,0.8148148148148148,0,1.0,0.0,0.3448275862068966,0.06577787919733967,0.14483286252882413,0.2925294980631615,Random candidate from RC-SPE pooling family.,random_pool,0.565230980810995
random_1259,risk_candidate,216,0.8148148148148148,0.6224787558120891,0.9477172539873452,0.9954304954304954,0.987012987012987,0.02857142857142857,0.8518518518518519,3,1.0,0.0,0.3276836158192091,0.09912193150463072,0.23387641960297822,0.42110792587831036,Random candidate from RC-SPE pooling family.,random_pool,0.9234363682541807
random_1260,risk_candidate,216,0.8379629629629629,0.675741542408209,0.9489549348011893,0.9985569985569985,0.987012987012987,0.11428571428571428,0.9259259259259259,2,1.0,0.0,0.3333333333333333,0.0786250726439369,0.21340202190843294,0.384123725683306,Random candidate from RC-SPE pooling family.,random_pool,0.6500693394804616
random_1261,risk_candidate,216,0.22685185185185186,0.5343915343915344,0.8991539740429157,0.9990379990379991,0.0,0.7142857142857143,0.8888888888888888,0,0.0,1.0,0.26436781609195403,0.29603595158451257,0.7583327880306202,1.2599025933672594,Random candidate from RC-SPE pooling family.,random_pool,2.083150220301215
random_1262,risk_candidate,216,0.8703703703703703,0.7384800384800384,0.9504386595355393,0.9949494949494949,0.9805194805194806,0.45714285714285713,0.7777777777777778,3,1.0,0.0,0.3333333333333333,0.053386693699601806,0.19811714116378612,0.3532406305679815,Random candidate from RC-SPE pooling family.,random_pool,0.6881520459389515
random_1263,risk_candidate,216,0.8935185185185185,0.8138207471540806,0.943168678433073,0.9985569985569985,0.961038961038961,0.6285714285714286,0.8518518518518519,0,1.0,0.0,0.3220338983050847,0.07731954247907359,0.16291175365457228,0.32325002537107955,Random candidate from RC-SPE pooling family.,random_pool,0.6312097430177951
random_1264,risk_candidate,216,0.875,0.8062690396023728,0.9112018875945994,0.9980759980759981,0.9415584415584416,0.5142857142857142,0.9629629629629629,0,0.0017211703958691911,0.9982788296041308,0.3561270212351451,0.399064291942833,0.46622395866728367,0.8112094606258248,Random candidate from RC-SPE pooling family.,random_pool,2.2138801983728302
random_1265,risk_candidate,216,0.7962962962962963,0.5730960397627064,0.942820929841575,0.9949494949494949,0.987012987012987,0.02857142857142857,0.7037037037037037,7,1.0,0.0,0.3333333333333333,0.08518519800851461,0.2477455776147402,0.4198923042477264,Random candidate from RC-SPE pooling family.,random_pool,0.7030900836164311
random_1266,risk_candidate,216,0.9074074074074074,0.8441077441077441,0.9482887327679634,0.9973544973544973,0.9545454545454546,0.8,0.7777777777777778,0,0.9672977624784854,0.03270223752151458,0.3611922852133255,0.21147234220861344,0.23720526528210556,0.46428095262282365,Random candidate from RC-SPE pooling family.,random_pool,1.003074278596408
random_1267,risk_candidate,216,0.9074074074074074,0.8181016514349847,0.9494799003904796,1.0,0.9675324675324676,0.8571428571428571,0.6296296296296297,0,1.0,0.0,0.3333333333333333,0.316039569740873,0.31410657326886054,0.5798253482038811,Random candidate from RC-SPE pooling family.,random_pool,1.7392933914049868
random_1268,risk_candidate,216,0.7685185185185185,0.48148148148148145,0.9447886936749201,0.9913419913419913,1.0,0.0,0.4444444444444444,15,1.0,0.0,0.3333333333333333,0.1681273324065291,0.3672596630809978,0.7031872025051414,Random candidate from RC-SPE pooling family.,random_pool,0.7225613987739696
random_1269,risk_candidate,216,0.8842592592592593,0.7579765913099247,0.9535129578893922,1.0,0.9935064935064936,0.42857142857142855,0.8518518518518519,2,1.0,0.0,0.3333333333333333,0.11088726255609219,0.18764035057875808,0.36393521922136396,Random candidate from RC-SPE pooling family.,random_pool,0.9734280959916415
random_1270,risk_candidate,216,0.8842592592592593,0.7535513868847202,0.9574261836250523,0.9987974987974988,0.9675324675324676,0.8857142857142857,0.4074074074074074,0,1.0,0.0,0.3970387687512176,0.1534609935293131,0.2241864585207212,0.4419789706819,Random candidate from RC-SPE pooling family.,random_pool,0.9292325670395519
random_1271,risk_candidate,216,0.7546296296296297,0.46198492865159535,0.9389632612907661,0.9884559884559885,0.987012987012987,0.02857142857142857,0.37037037037037035,15,1.0,0.0,0.3333333333333333,0.12801851947807966,0.30020640592374614,0.4904186370320477,Random candidate from RC-SPE pooling family.,random_pool,0.8536607675845695
random_1272,risk_candidate,216,0.8287037037037037,0.6408690075356742,0.9553244832699211,0.9980759980759981,0.9935064935064936,0.11428571428571428,0.8148148148148148,4,1.0,0.0,0.3333333333333333,0.19128782529636157,0.2819518139949262,0.548303822710631,Random candidate from RC-SPE pooling family.,random_pool,1.9411524390576897
random_1273,risk_candidate,216,0.8333333333333334,0.6267115600448934,0.9529120651087863,0.9971139971139971,0.987012987012987,0.4857142857142857,0.4074074074074074,7,1.0,0.0,0.3333333333333333,0.03367545583723615,0.21007247284109679,0.385936811952088,Random candidate from RC-SPE pooling family.,random_pool,0.582039967875244
random_1274,risk_candidate,216,0.8148148148148148,0.7748116081449415,0.9376214378948206,0.9987974987974988,0.8376623376623377,0.8571428571428571,0.6296296296296297,0,0.07917383820998279,0.9208261617900172,0.3333333333333333,0.2539402583635642,0.41638657682821884,0.6896413955957518,Random candidate from RC-SPE pooling family.,random_pool,1.1777500988488598
random_1275,risk_candidate,216,0.8148148148148148,0.6197691197691197,0.9462651933638159,0.9918229918229918,0.9545454545454546,0.5714285714285714,0.3333333333333333,4,1.0,0.0,0.40268848626534187,0.11719299184190707,0.23993964226268363,0.4517314829918812,Random candidate from RC-SPE pooling family.,random_pool,0.9115278212216459
random_1276,risk_candidate,216,0.8888888888888888,0.7919031585698253,0.9362533578083502,0.9997594997594997,0.9545454545454546,0.8285714285714286,0.5925925925925926,0,0.0,1.0,0.3333333333333333,0.37528815259229176,0.42442941727205674,0.7224577879349641,Random candidate from RC-SPE pooling family.,random_pool,2.1200513793449143
random_1277,risk_candidate,216,0.8333333333333334,0.6447490780824114,0.9541923955823242,0.9980759980759981,0.9935064935064936,0.2,0.7407407407407407,6,1.0,0.0,0.3333333333333333,0.057630429186727956,0.21244124716647736,0.3671986981830728,Random candidate from RC-SPE pooling family.,random_pool,0.7516690870901852
random_1278,risk_candidate,216,0.7268518518518519,0.3703703703703704,0.9504660412814809,0.9995189995189995,1.0,0.0,0.1111111111111111,24,1.0,0.0,0.3333333333333333,0.17999132352782896,0.3408806171954193,0.5454644104304082,Random candidate from RC-SPE pooling family.,random_pool,0.7663756793589901
random_1279,risk_candidate,216,0.7777777777777778,0.4994227994227994,0.9556108741403939,0.9971139971139971,0.9935064935064936,0.17142857142857143,0.3333333333333333,17,1.0,0.0,0.3333333333333333,0.20310712415984586,0.2687754478726279,0.507449362702055,Random candidate from RC-SPE pooling family.,random_pool,1.6315633841598867
random_1280,risk_candidate,216,0.8842592592592593,0.8202821869488536,0.9352563338675274,0.9959114959114959,0.9285714285714286,0.8285714285714286,0.7037037037037037,0,0.2306368330464716,0.7693631669535284,0.32833891220799466,0.22685247261769603,0.2971636846588819,0.5391345282461386,Random candidate from RC-SPE pooling family.,random_pool,0.7606904482983659
random_1281,risk_candidate,216,0.8888888888888888,0.7641814975148309,0.9523374716693177,0.9992784992784993,0.974025974025974,0.8,0.5185185185185185,1,1.0,0.0,0.3333333333333333,0.0720860503876489,0.17499957911680955,0.3514640785968424,Random candidate from RC-SPE pooling family.,random_pool,0.6748875466495564
random_1282,risk_candidate,216,0.7361111111111112,0.4024210357543691,0.9383041431749767,0.987974987974988,0.9935064935064936,0.02857142857142857,0.18518518518518517,20,1.0,0.0,0.3333333333333333,0.1812457698045483,0.36638709887644216,0.608778435323064,Random candidate from RC-SPE pooling family.,random_pool,0.6466754890740765
random_1283,risk_candidate,216,0.8564814814814815,0.7111271444604778,0.9536634371337369,0.9956709956709957,0.9545454545454546,0.7714285714285715,0.4074074074074074,0,0.9896729776247849,0.0103270223752151,0.3970387687512176,0.223873790154694,0.2871007264375775,0.5384817596730005,Random candidate from RC-SPE pooling family.,random_pool,1.4844274420089176
random_1284,risk_candidate,216,0.8425925925925926,0.694340227673561,0.9459722876917057,0.9927849927849928,0.974025974025974,0.2571428571428571,0.8518518518518519,2,1.0,0.0,0.3276836158192091,0.06308174562899665,0.21033814441775986,0.3744047324045229,Random candidate from RC-SPE pooling family.,random_pool,0.7012848594411946
random_1285,risk_candidate,216,0.7685185185185185,0.48319704986371653,0.9443055236747521,0.9944684944684945,0.9935064935064936,0.08571428571428572,0.37037037037037035,15,1.0,0.0,0.3333333333333333,0.12571814732007705,0.2835605307214562,0.46007789028360097,Random candidate from RC-SPE pooling family.,random_pool,0.752656795106576
random_1286,risk_candidate,216,0.44907407407407407,0.48484848484848486,0.8725158436414544,0.9918229918229918,0.45454545454545453,0.0,1.0,0,0.0,1.0,0.3517701857853816,0.08004744828584268,0.5991729135494118,0.971717274023978,Random candidate from RC-SPE pooling family.,random_pool,1.9786675088454195
random_1287,risk_candidate,216,0.8796296296296297,0.7587461920795254,0.9539414293260903,0.9959114959114959,0.9545454545454546,0.9142857142857143,0.4074074074074074,0,0.9449225473321858,0.055077452667814164,0.3670368205727645,0.0980623354711605,0.2123920232774088,0.419960830496029,Random candidate from RC-SPE pooling family.,random_pool,0.6976504423054971
random_1288,risk_candidate,216,0.8564814814814815,0.7183742183742184,0.9473842015479804,0.9975949975949976,0.9805194805194806,0.2857142857142857,0.8888888888888888,1,1.0,0.0,0.3276836158192091,0.17563580556875172,0.22090322408521207,0.4475018738543453,Random candidate from RC-SPE pooling family.,random_pool,1.2101027964488107
random_1289,risk_candidate,216,0.7361111111111112,0.3922398589065255,0.9434786492183669,0.9923039923039924,1.0,0.02857142857142857,0.14814814814814814,21,1.0,0.0,0.3333333333333333,0.19600444043128165,0.3134497400656129,0.5375649494870158,Random candidate from RC-SPE pooling family.,random_pool,1.4390175440547819
random_1290,risk_candidate,216,0.8842592592592593,0.782876382876383,0.9419066851827896,0.9980759980759981,0.974025974025974,0.4857142857142857,0.8888888888888888,0,1.0,0.0,0.3333333333333333,0.070454864859111,0.17639155392723918,0.3402370583003507,Random candidate from RC-SPE pooling family.,random_pool,0.6598403064774905
random_1291,risk_candidate,216,0.8009259259259259,0.5363636363636364,0.9465071301256177,0.993987493987494,0.9805194805194806,0.6285714285714286,0.0,8,1.0,0.0,0.3333333333333333,0.1937784880580407,0.3238266860648626,0.6242222737008704,Random candidate from RC-SPE pooling family.,random_pool,1.6620936291090231
random_1292,risk_candidate,216,0.7638888888888888,0.47085137085137085,0.945027755383296,0.9935064935064936,0.9935064935064936,0.08571428571428572,0.3333333333333333,16,1.0,0.0,0.3333333333333333,0.14907567878458838,0.30550523747482256,0.5079045703519113,Random candidate from RC-SPE pooling family.,random_pool,0.574131816015494
random_1293,risk_candidate,216,0.7129629629629629,0.3333333333333333,0.9423934495818207,0.9956709956709957,1.0,0.0,0.0,27,1.0,0.0,0.3333333333333333,0.21594544880142633,0.3507482553668477,0.6042598954590565,Random candidate from RC-SPE pooling family.,random_pool,1.4855095369030236
random_1294,risk_candidate,216,0.8518518518518519,0.7128908128908128,0.9452381586848496,0.9918229918229918,0.9545454545454546,0.6285714285714286,0.5555555555555556,3,1.0,0.0,0.35554256769920123,0.14377761602135505,0.23008170405328218,0.44371221437972586,Random candidate from RC-SPE pooling family.,random_pool,0.9370151521734933
random_1295,risk_candidate,216,0.8703703703703703,0.729405162738496,0.9516373376874464,0.9997594997594997,0.9935064935064936,0.34285714285714286,0.8518518518518519,0,1.0,0.0,0.3333333333333333,0.09620675505901917,0.17652772559581392,0.35598946429387623,Random candidate from RC-SPE pooling family.,random_pool,0.9312098309149436
random_1296,risk_candidate,216,0.7222222222222222,0.3653839987173321,0.9548363101836109,0.9990379990379991,0.9935064935064936,0.02857142857142857,0.07407407407407407,25,1.0,0.0,0.3333333333333333,0.23062013422719596,0.27958527663213445,0.5068618618354804,Random candidate from RC-SPE pooling family.,random_pool,1.7362682221988692
random_1297,risk_candidate,216,0.7407407407407407,0.40740740740740744,0.9532015633885638,0.9992784992784993,1.0,0.0,0.2222222222222222,21,1.0,0.0,0.3333333333333333,0.1408723290663732,0.2651793691381213,0.435233390216192,Random candidate from RC-SPE pooling family.,random_pool,0.9105323151177698
random_1298,risk_candidate,216,0.33796296296296297,0.4082251082251082,0.9538642976518533,0.9990379990379991,0.2532467532467532,0.9714285714285714,0.0,0,0.0,1.0,0.3333333333333333,0.2073764458716878,0.5483321974637072,0.8432652615715293,Random candidate from RC-SPE pooling family.,random_pool,2.0916647647176037
random_1299,risk_candidate,216,0.75,0.6476190476190476,0.9093051535933793,0.9983164983164983,0.8571428571428571,0.08571428571428572,1.0,0,0.022375215146299483,0.9776247848537005,0.3446327683615819,0.2607508616404904,0.4868607271984739,0.8111924634927232,Random candidate from RC-SPE pooling family.,random_pool,1.2326236985696561
random_1300,risk_candidate,216,0.8333333333333334,0.6532146865480198,0.9463601640005573,0.9990379990379991,0.9935064935064936,0.11428571428571428,0.8518518518518519,3,1.0,0.0,0.3333333333333333,0.1788980020473593,0.2481582247620638,0.49414506912463996,Random candidate from RC-SPE pooling family.,random_pool,1.5296976526507229
random_1301,risk_candidate,216,0.8148148148148148,0.6354818021484688,0.9242847493129677,0.9908609908609909,0.9805194805194806,0.0,0.9259259259259259,2,1.0,0.0,0.34668721109399075,0.19286615997300516,0.3416742488897282,0.6649675076604803,Random candidate from RC-SPE pooling family.,random_pool,2.025356601233467
random_1302,risk_candidate,216,0.7361111111111112,0.4357864357864358,0.88812172555415,0.962000962000962,0.974025974025974,0.0,0.3333333333333333,18,1.0,0.0,0.34668721109399075,0.19459862466206004,0.41425789537911384,0.8336788484943368,Random candidate from RC-SPE pooling family.,random_pool,1.0775848647007662
random_1303,risk_candidate,216,0.25,0.5118486451819785,0.8561449811952021,0.9759499759499759,0.05194805194805195,0.7428571428571429,0.7407407407407407,0,0.0,1.0,0.2413793103448276,0.25192939186418334,0.6325384342314775,1.034935902538947,Random candidate from RC-SPE pooling family.,random_pool,2.120426093388684
random_1304,risk_candidate,216,0.8194444444444444,0.637646304312971,0.9425924289221913,0.9937469937469937,0.987012987012987,0.0,0.9259259259259259,2,1.0,0.0,0.35798664612223935,0.12649165380501737,0.24885987731189516,0.4849391295056606,Random candidate from RC-SPE pooling family.,random_pool,1.198070799614982
random_1305,risk_candidate,216,0.8842592592592593,0.8027417027417028,0.9471419385037035,0.9975949975949976,0.9415584415584416,0.8,0.6666666666666666,0,0.7211703958691911,0.27882960413080893,0.3444379505162673,0.24494888423758737,0.2757685430025744,0.5150738513871057,Random candidate from RC-SPE pooling family.,random_pool,1.0570889375290198
random_1306,risk_candidate,216,0.7962962962962963,0.5403399070065736,0.9528729521690879,0.9983164983164983,0.9935064935064936,0.2571428571428571,0.37037037037037035,14,1.0,0.0,0.3333333333333333,0.08109133508578123,0.2262166909553427,0.39359944440692507,Random candidate from RC-SPE pooling family.,random_pool,0.7809979025625037
random_1307,risk_candidate,216,0.875,0.7260381593714927,0.9555401515408425,0.9990379990379991,0.9675324675324676,0.9142857142857143,0.2962962962962963,0,0.963855421686747,0.03614457831325302,0.3613871030586402,0.3186183461244557,0.3719285955640401,0.6596553706097823,Random candidate from RC-SPE pooling family.,random_pool,1.8174305283333176
random_1308,risk_candidate,216,0.7314814814814815,0.41779701779701783,0.9225250777635754,0.974987974987975,0.974025974025974,0.05714285714285714,0.2222222222222222,18,1.0,0.0,0.3107344632768361,0.14637236590037095,0.32760008923289113,0.5355699206507589,Random candidate from RC-SPE pooling family.,random_pool,0.7327379971610787
random_1309,risk_candidate,216,0.7407407407407407,0.4119448452781786,0.9404017331435037,0.9906204906204906,0.9935064935064936,0.05714285714285714,0.18518518518518517,20,1.0,0.0,0.3333333333333333,0.17841362726442558,0.36497370406237095,0.6000961457615138,Random candidate from RC-SPE pooling family.,random_pool,0.6333035546110733
random_1310,risk_candidate,216,0.7962962962962963,0.5618085618085619,0.9500874563502867,0.9927849927849928,0.987012987012987,0.14285714285714285,0.5555555555555556,10,1.0,0.0,0.3333333333333333,0.1996833506633464,0.29224846035309526,0.5582632864042586,Random candidate from RC-SPE pooling family.,random_pool,1.8680495629770433
random_1311,risk_candidate,216,0.8981481481481481,0.7905884239217573,0.9549847617247192,0.9990379990379991,0.9675324675324676,0.8857142857142857,0.5185185185185185,0,1.0,0.0,0.3450224040522112,0.20227781907274536,0.2306322044723836,0.45678922730564625,Random candidate from RC-SPE pooling family.,random_pool,1.028423257909205
random_1312,risk_candidate,216,0.9120370370370371,0.8536315536315536,0.9457783600147255,0.9980759980759981,0.9545454545454546,0.8285714285714286,0.7777777777777778,0,0.9311531841652324,0.0688468158347676,0.3670368205727645,0.34750680290807934,0.34306219312729075,0.6251134965264408,Random candidate from RC-SPE pooling family.,random_pool,1.6483029591023137
random_1313,risk_candidate,216,0.8287037037037037,0.6380471380471381,0.954553117950303,0.9980759980759981,0.9935064935064936,0.14285714285714285,0.7777777777777778,5,1.0,0.0,0.3333333333333333,0.05981751782134023,0.2265503019638652,0.3878656155961945,Random candidate from RC-SPE pooling family.,random_pool,0.5598895909946997
random_1314,risk_candidate,216,0.8888888888888888,0.8060125060125061,0.9491694484893469,0.9954304954304954,0.9545454545454546,0.6857142857142857,0.7777777777777778,0,1.0,0.0,0.3380089616208845,0.11710746877753098,0.18670566627129995,0.3715483660347379,Random candidate from RC-SPE pooling family.,random_pool,0.7687863533552493
random_1315,risk_candidate,216,0.7824074074074074,0.5412057078723745,0.9373269641512577,0.9841269841269841,0.9675324675324676,0.2857142857142857,0.37037037037037035,13,1.0,0.0,0.3452172218975258,0.13711981293445133,0.25765359970225177,0.4702821158719048,Random candidate from RC-SPE pooling family.,random_pool,1.049505065012008
random_1316,risk_candidate,216,0.8194444444444444,0.6186147186147186,0.9357023147563553,0.9824434824434825,0.9415584415584416,0.9142857142857143,0.0,0,0.5611015490533563,0.4388984509466437,0.338788233002143,0.2437078749656771,0.4401028706902363,0.7519291018115424,Random candidate from RC-SPE pooling family.,random_pool,1.7478870340811008
random_1317,risk_candidate,216,0.8564814814814815,0.7128427128427129,0.9501376696674293,0.9942279942279942,0.948051948051948,0.8571428571428571,0.3333333333333333,0,0.9965576592082617,0.0034423407917383297,0.3970387687512176,0.27984891396808015,0.3343669395885871,0.6087831734070828,Random candidate from RC-SPE pooling family.,random_pool,1.727864885970179
random_1318,risk_candidate,216,0.8842592592592593,0.8140291806958474,0.9339750108941357,0.9978354978354979,0.9415584415584416,0.6857142857142857,0.8148148148148148,0,0.8330464716006885,0.16695352839931155,0.3335989940314897,0.20442731939494374,0.2612587247174298,0.505451149023801,Random candidate from RC-SPE pooling family.,random_pool,0.9347728534698391
random_1319,risk_candidate,216,0.36574074074074076,0.5953984287317621,0.9204385401773248,0.9985569985569985,0.18831168831168832,0.8571428571428571,0.7407407407407407,0,0.0,1.0,0.3333333333333333,0.19126358891495052,0.5327484525032691,0.8386478361415075,Random candidate from RC-SPE pooling family.,random_pool,1.3352804854069895
random_1320,risk_candidate,216,0.7731481481481481,0.4645021645021645,0.944023999313213,0.9956709956709957,0.9935064935064936,0.4,0.0,19,1.0,0.0,0.3333333333333333,0.13267066241461023,0.2782588610456794,0.5270397482931849,Random candidate from RC-SPE pooling family.,random_pool,0.9561485290542678
random_1321,risk_candidate,216,0.8703703703703703,0.7605579605579605,0.951554715937509,0.9966329966329966,0.961038961038961,0.5428571428571428,0.7777777777777778,0,1.0,0.0,0.3393726865380869,0.27387745237200906,0.2991097528622757,0.5737939584117133,Random candidate from RC-SPE pooling family.,random_pool,1.737361962567318
random_1322,risk_candidate,216,0.8009259259259259,0.5854417187750521,0.949253474375754,0.9937469937469937,0.987012987012987,0.02857142857142857,0.7407407407407407,7,1.0,0.0,0.3276836158192091,0.105812578590214,0.28470655910419096,0.5088404954902038,Random candidate from RC-SPE pooling family.,random_pool,0.689101274957775
random_1323,risk_candidate,216,0.16203703703703703,0.3333333333333333,0.936313581319423,0.9985569985569985,0.0,1.0,0.0,0,0.0,1.0,0.3333333333333333,0.5577151314094573,0.9219801930640104,1.2792757242179136,Random candidate from RC-SPE pooling family.,random_pool,1.9324436509672587
random_1324,risk_candidate,216,0.8842592592592593,0.787413820747154,0.9530758140909937,0.9985569985569985,0.9675324675324676,0.5428571428571428,0.8518518518518519,0,1.0,0.0,0.3333333333333333,0.061819499275006545,0.15446187027370892,0.2993015453242162,Random candidate from RC-SPE pooling family.,random_pool,0.6709101471747951
random_1325,risk_candidate,216,0.8981481481481481,0.8233445566778901,0.9476219983958311,0.9980759980759981,0.961038961038961,0.6571428571428571,0.8518518518518519,0,1.0,0.0,0.3335281511786479,0.05616415979016238,0.15816574260826577,0.306576692823135,Random candidate from RC-SPE pooling family.,random_pool,0.5640125990526721
random_1326,risk_candidate,216,0.875,0.7735129068462402,0.9307191173460252,0.9872534872534873,0.948051948051948,0.7428571428571429,0.6296296296296297,0,0.8433734939759037,0.15662650602409633,0.3154100915643873,0.31688095530220617,0.3586351471377871,0.649107283654552,Random candidate from RC-SPE pooling family.,random_pool,1.6122617094923912
random_1327,risk_candidate,216,0.7824074074074074,0.5185185185185185,0.9534276435417492,0.9990379990379991,1.0,0.0,0.5555555555555556,12,1.0,0.0,0.3333333333333333,0.10773429063112645,0.3114276683343948,0.593452360956941,Random candidate from RC-SPE pooling family.,random_pool,1.6302239895838835
random_1328,risk_candidate,216,0.8935185185185185,0.7810646143979477,0.9532032766096806,0.9992784992784993,0.9675324675324676,0.8571428571428571,0.5185185185185185,0,1.0,0.0,0.3220338983050847,0.12158001776746388,0.17718259049241497,0.36135782706209696,Random candidate from RC-SPE pooling family.,random_pool,0.8239266458510984
random_1329,risk_candidate,216,0.7222222222222222,0.37838704505371173,0.91783942605213,0.9733044733044733,0.987012987012987,0.0,0.14814814814814814,20,1.0,0.0,0.3163841807909605,0.21629135574658986,0.34693671365943934,0.6092574057097503,Random candidate from RC-SPE pooling family.,random_pool,1.8562285582069427
random_1330,risk_candidate,216,0.8518518518518519,0.6800224466891134,0.9560773189622825,0.9978354978354979,0.9935064935064936,0.34285714285714286,0.7037037037037037,5,1.0,0.0,0.3333333333333333,0.03916587826933364,0.19416479061956005,0.34616996087915736,Random candidate from RC-SPE pooling family.,random_pool,0.5951898852492615
random_1331,risk_candidate,216,0.9074074074074074,0.8441077441077441,0.9441851187740546,0.9983164983164983,0.9545454545454546,0.8,0.7777777777777778,0,0.5800344234079173,0.41996557659208267,0.3444379505162673,0.34427595544691036,0.344339835451191,0.6258748570676955,Random candidate from RC-SPE pooling family.,random_pool,1.695054665478386
random_1332,risk_candidate,216,0.75,0.43209876543209874,0.9521538088199474,0.9990379990379991,1.0,0.0,0.2962962962962963,19,1.0,0.0,0.3333333333333333,0.1719846772436449,0.33786145843215687,0.5512238678088454,Random candidate from RC-SPE pooling family.,random_pool,0.6432370385868789
random_1333,risk_candidate,216,0.7268518518518519,0.4026294692961359,0.9260745386503652,0.9766714766714767,0.974025974025974,0.08571428571428572,0.14814814814814814,20,1.0,0.0,0.3682057276446522,0.16644404059557938,0.34212735221619917,0.573117202123736,Random candidate from RC-SPE pooling family.,random_pool,0.7431002002738077
random_1334,risk_candidate,216,0.875,0.7757255090588423,0.9474872413524663,0.9975949975949976,0.961038961038961,0.5142857142857142,0.8518518518518519,0,0.9982788296041308,0.0017211703958691649,0.3163841807909605,0.06770320582001443,0.1710907596473786,0.3332502438585351,Random candidate from RC-SPE pooling family.,random_pool,0.6862689265452447
random_1335,risk_candidate,216,0.7546296296296297,0.4518037518037518,0.9537063414271104,0.9971139971139971,0.9935064935064936,0.02857142857142857,0.3333333333333333,18,1.0,0.0,0.3333333333333333,0.20661687486702868,0.27879723983219445,0.5132867683270611,Random candidate from RC-SPE pooling family.,random_pool,1.880661315936933
random_1336,risk_candidate,216,0.875,0.770691037357704,0.951002464380947,0.9949494949494949,0.948051948051948,0.7714285714285715,0.5925925925925926,0,0.9965576592082617,0.0034423407917383297,0.3970387687512176,0.08599740932489772,0.1853767956788392,0.3616576271900855,Random candidate from RC-SPE pooling family.,random_pool,0.6170972331486037
random_1337,risk_candidate,216,0.7129629629629629,0.3333333333333333,0.9544209713784029,0.9980759980759981,1.0,0.0,0.0,27,1.0,0.0,0.3333333333333333,0.24523531855143388,0.30993059738848566,0.5439915415226585,Random candidate from RC-SPE pooling family.,random_pool,2.129352088437766
random_1338,risk_candidate,216,0.9212962962962963,0.8607824274490942,0.9416121575174229,0.9995189995189995,0.9675324675324676,0.8,0.8148148148148148,0,1.0,0.0,0.3450224040522112,0.1580323513369228,0.1855745647095736,0.3793509446053451,Random candidate from RC-SPE pooling family.,random_pool,0.7985492467028164
random_1339,risk_candidate,216,0.8055555555555556,0.6107904441237775,0.9406582348247859,0.9889369889369889,0.9805194805194806,0.0,0.8518518518518519,3,1.0,0.0,0.3276836158192091,0.11930758169514179,0.2551883864209635,0.4803843545285585,Random candidate from RC-SPE pooling family.,random_pool,1.205630261586273
random_1340,risk_candidate,216,0.9074074074074074,0.8469296135962803,0.9385487271851357,0.9985569985569985,0.9545454545454546,0.7714285714285715,0.8148148148148148,0,0.9845094664371773,0.015490533562822706,0.3553477498538866,0.21684577027706825,0.23722238774716725,0.4688447745311513,Random candidate from RC-SPE pooling family.,random_pool,0.9589319355879954
random_1341,risk_candidate,216,0.8472222222222222,0.6993265993265995,0.9436827524000867,0.9973544973544973,0.9805194805194806,0.22857142857142856,0.8888888888888888,1,1.0,0.0,0.35798664612223935,0.10781436270617427,0.20856488279014196,0.41713357634822534,Random candidate from RC-SPE pooling family.,random_pool,1.0168049907190986
random_1342,risk_candidate,216,0.7777777777777778,0.5050665383998717,0.9494217322049997,0.9920634920634921,0.9935064935064936,0.11428571428571428,0.4074074074074074,14,1.0,0.0,0.3333333333333333,0.14152440701534721,0.25340030106350553,0.45057127661586677,Random candidate from RC-SPE pooling family.,random_pool,1.1305176053789856
random_1343,risk_candidate,216,0.7638888888888888,0.47085137085137085,0.9458824599462149,0.9903799903799904,0.9935064935064936,0.08571428571428572,0.3333333333333333,16,1.0,0.0,0.3333333333333333,0.15506594752845598,0.2688974643225705,0.4619366395564982,Random candidate from RC-SPE pooling family.,random_pool,1.0776190613308498
random_1344,risk_candidate,216,0.7685185185185185,0.48037518037518034,0.9481656806189086,0.993987493987494,0.9935064935064936,0.11428571428571428,0.3333333333333333,18,1.0,0.0,0.3333333333333333,0.10606107137989153,0.2805502888742521,0.4704919643112745,Random candidate from RC-SPE pooling family.,random_pool,0.7090231550098551
random_1345,risk_candidate,216,0.8148148148148148,0.6066538399871734,0.9528987618219308,0.9990379990379991,0.9935064935064936,0.08571428571428572,0.7407407407407407,7,1.0,0.0,0.3333333333333333,0.07042754226988976,0.21772231214640622,0.3765982155003932,Random candidate from RC-SPE pooling family.,random_pool,0.8611907015876051
random_1346,risk_candidate,216,0.8981481481481481,0.8046977713644381,0.9556792881035826,0.9990379990379991,0.9675324675324676,0.7428571428571429,0.7037037037037037,0,1.0,0.0,0.3333333333333333,0.1429690866539144,0.18794894024592126,0.38041494091386635,Random candidate from RC-SPE pooling family.,random_pool,1.0246610859098644
random_1347,risk_candidate,216,0.8842592592592593,0.7670514670514671,0.9562604875725488,0.9980759980759981,0.9805194805194806,0.5428571428571428,0.7777777777777778,2,1.0,0.0,0.3333333333333333,0.04007368817618316,0.17709122823375334,0.3264483226953843,Random candidate from RC-SPE pooling family.,random_pool,0.6473971183192337
random_1348,risk_candidate,216,0.75,0.44227994227994233,0.9455089239796748,0.9911014911014911,0.9935064935064936,0.0,0.3333333333333333,18,1.0,0.0,0.3333333333333333,0.14255294043720448,0.3082701341920166,0.5036777848622604,Random candidate from RC-SPE pooling family.,random_pool,0.9872303200518275
random_1349,risk_candidate,216,0.16203703703703703,0.3333333333333333,0.9273961777234669,0.9865319865319865,0.0,1.0,0.0,0,0.0,1.0,0.3333333333333333,0.4562549753939896,0.7213182360326089,1.0422307630662286,Random candidate from RC-SPE pooling family.,random_pool,2.0810700677103062
random_1350,risk_candidate,216,0.8842592592592593,0.7585858585858586,0.9496343842944764,0.9985569985569985,0.9805194805194806,0.6285714285714286,0.6666666666666666,0,1.0,0.0,0.3276836158192091,0.056202379553368965,0.1738818404389802,0.33027168137606844,Random candidate from RC-SPE pooling family.,random_pool,0.6020161953057562
random_1351,risk_candidate,216,0.8796296296296297,0.7394901394901394,0.9532461881525999,0.9990379990379991,0.974025974025974,0.8,0.4444444444444444,2,1.0,0.0,0.3333333333333333,0.07675727849859328,0.19140568654624726,0.3766403369707015,Random candidate from RC-SPE pooling family.,random_pool,0.7274719428678952
random_1352,risk_candidate,216,0.9074074074074074,0.8469296135962803,0.9457363602212455,0.9973544973544973,0.9545454545454546,0.7714285714285715,0.8148148148148148,0,0.9896729776247849,0.0103270223752151,0.3382037794661991,0.07985794798448961,0.1672269164428528,0.3330264732434496,Random candidate from RC-SPE pooling family.,random_pool,0.5855033671352731
random_1353,risk_candidate,216,0.8842592592592593,0.8066698733365399,0.9399523376127973,0.9963924963924964,0.948051948051948,0.6571428571428571,0.8148148148148148,0,1.0,0.0,0.37405026300409117,0.20046296188438872,0.23902831851654688,0.4762047746117742,Random candidate from RC-SPE pooling family.,random_pool,1.0256403824114064
random_1354,risk_candidate,216,0.7592592592592593,0.47150873817540484,0.9367094210690675,0.9853294853294853,0.987012987012987,0.05714285714285714,0.37037037037037035,15,1.0,0.0,0.3276836158192091,0.1511085702203138,0.30677293644246373,0.5050072231269994,Random candidate from RC-SPE pooling family.,random_pool,0.6543870152404192
random_1355,risk_candidate,216,0.8935185185185185,0.7986050986050985,0.9530179123395491,0.9978354978354979,0.9545454545454546,0.8857142857142857,0.5555555555555556,0,0.9604130808950087,0.03958691910499135,0.3553477498538866,0.18220522749253953,0.22176728827521075,0.43265896746945337,Random candidate from RC-SPE pooling family.,random_pool,0.8804491064049159
random_1356,risk_candidate,216,0.16203703703703703,0.3333333333333333,0.9469807468649031,0.9985569985569985,0.0,1.0,0.0,0,0.0,1.0,0.3333333333333333,0.4893608545259591,0.7494015972294183,1.053558545060199,Random candidate from RC-SPE pooling family.,random_pool,1.9674351385438522
random_1357,risk_candidate,216,0.8240740740740741,0.6281385281385282,0.9517217974353539,0.9966329966329966,0.9415584415584416,0.9428571428571428,0.0,0,0.5834767641996558,0.4165232358003442,0.338788233002143,0.27569828948973135,0.4259902673393733,0.7132782036103568,Random candidate from RC-SPE pooling family.,random_pool,1.766378354622101
random_1358,risk_candidate,216,0.8564814814814815,0.7348084014750681,0.9433614016271319,0.9927849927849928,0.961038961038961,0.42857142857142855,0.8148148148148148,1,1.0,0.0,0.3278784336645237,0.1803486559668865,0.25019401463347635,0.49367899842864404,Random candidate from RC-SPE pooling family.,random_pool,1.2936867603528333
random_1359,risk_candidate,216,0.8981481481481481,0.8018759018759019,0.9565610862297705,0.9985569985569985,0.9675324675324676,0.7714285714285715,0.6666666666666666,0,1.0,0.0,0.3391778686927723,0.04017557296525323,0.15322710489099892,0.30692602870593316,Random candidate from RC-SPE pooling family.,random_pool,0.5659103850115109
random_1360,risk_candidate,216,0.8518518518518519,0.6671316337983004,0.9536105049194418,0.9990379990379991,0.9675324675324676,0.8857142857142857,0.14814814814814814,1,1.0,0.0,0.3448275862068966,0.2864773754216687,0.34494461557087497,0.6213110446054593,Random candidate from RC-SPE pooling family.,random_pool,2.127223532409666
random_1361,risk_candidate,216,0.8194444444444444,0.622430655763989,0.9492836753483279,0.9942279942279942,0.9805194805194806,0.2571428571428571,0.6296296296296297,7,1.0,0.0,0.3391778686927723,0.17112536008536136,0.2706687306265934,0.5179748696958564,Random candidate from RC-SPE pooling family.,random_pool,1.727035712857918
random_1362,risk_candidate,216,0.7268518518518519,0.3703703703703704,0.9437654575991749,0.9903799903799904,1.0,0.0,0.1111111111111111,24,1.0,0.0,0.3333333333333333,0.20310830496581167,0.35411432741723686,0.5817610105437129,Random candidate from RC-SPE pooling family.,random_pool,1.5774340847727224
random_1363,risk_candidate,216,0.8148148148148148,0.7770242103575438,0.9138657340249892,0.9980759980759981,0.8506493506493507,0.6285714285714286,0.8518518518518519,0,0.060240963855421686,0.9397590361445783,0.2528735632183908,0.3617683958044075,0.5170682670409867,0.874129189476404,Random candidate from RC-SPE pooling family.,random_pool,1.9355872444344373
random_1364,risk_candidate,216,0.8981481481481481,0.8165945165945167,0.9498925610970733,0.9983164983164983,0.9545454545454546,0.8285714285714286,0.6666666666666666,0,0.9965576592082617,0.0034423407917383297,0.3853496980323398,0.13205872343894876,0.18282731491313278,0.36724639872498027,Random candidate from RC-SPE pooling family.,random_pool,0.6808664962002506
random_1365,risk_candidate,216,0.7407407407407407,0.4249478916145583,0.929625914263894,0.9790764790764791,0.987012987012987,0.02857142857142857,0.25925925925925924,18,1.0,0.0,0.3163841807909605,0.1988715712982238,0.37984449425869304,0.6339767893013653,Random candidate from RC-SPE pooling family.,random_pool,0.646424015253956
random_1366,risk_candidate,216,0.8564814814814815,0.7478114478114478,0.9370789438034993,0.9961519961519961,0.9545454545454546,0.4,0.8888888888888888,1,1.0,0.0,0.3220338983050847,0.13426096061443343,0.22291720340184368,0.45027033266343913,Random candidate from RC-SPE pooling family.,random_pool,0.9339028522382907
random_1367,risk_candidate,216,0.7129629629629629,0.3333333333333333,0.9553331719827867,0.9990379990379991,1.0,0.0,0.0,27,1.0,0.0,0.3333333333333333,0.2632438502278227,0.30414351143633217,0.5430750575446346,Random candidate from RC-SPE pooling family.,random_pool,2.1145537909443672
random_1368,risk_candidate,216,0.8981481481481481,0.8075196408529742,0.9562221688549823,0.9990379990379991,0.9675324675324676,0.7142857142857143,0.7407407407407407,0,1.0,0.0,0.3333333333333333,0.14598198415780217,0.18531780299127115,0.37882552986248946,Random candidate from RC-SPE pooling family.,random_pool,1.0371263189651874
random_1369,risk_candidate,216,0.7314814814814815,0.3900753567420234,0.9374663888966702,0.9846079846079846,0.9935064935064936,0.02857142857142857,0.14814814814814814,20,1.0,0.0,0.3333333333333333,0.24377664342309313,0.3203723587973071,0.5784850644090803,Random candidate from RC-SPE pooling family.,random_pool,2.0732934092039796
random_1370,risk_candidate,216,0.8148148148148148,0.6049382716049383,0.9516908481191603,1.0,1.0,0.0,0.8148148148148148,5,1.0,0.0,0.3333333333333333,0.0929087897974338,0.24415209186164233,0.43489274455417326,Random candidate from RC-SPE pooling family.,random_pool,0.629615197939499
random_1371,risk_candidate,216,0.7916666666666666,0.5505691839025172,0.9542940293982669,0.9975949975949976,0.9935064935064936,0.02857142857142857,0.6296296296296297,10,1.0,0.0,0.3333333333333333,0.15135747275049077,0.2539520826436187,0.4786035130699548,Random candidate from RC-SPE pooling family.,random_pool,1.6400606462162532
random_1372,risk_candidate,216,0.8611111111111112,0.7217572550905884,0.9522803713895507,0.9973544973544973,0.961038961038961,0.6857142857142857,0.5185185185185185,2,1.0,0.0,0.3450224040522112,0.23363773341833266,0.29542562652270454,0.5531638938841434,Random candidate from RC-SPE pooling family.,random_pool,1.6455783019653358
random_1373,risk_candidate,216,0.8518518518518519,0.6986692320025654,0.9546617535574412,0.9973544973544973,0.987012987012987,0.2571428571428571,0.8518518518518519,2,1.0,0.0,0.3333333333333333,0.07208742799789256,0.19589160139722797,0.36309252590039304,Random candidate from RC-SPE pooling family.,random_pool,0.8967208904264932
random_1374,risk_candidate,216,0.8148148148148148,0.6253006253006252,0.9502100864381965,0.9951899951899952,0.987012987012987,0.0,0.8888888888888888,3,1.0,0.0,0.3276836158192091,0.10352070851268466,0.2581250700993159,0.47324273554075974,Random candidate from RC-SPE pooling family.,random_pool,0.891974086007576
random_1375,risk_candidate,216,0.8101851851851852,0.6129549462882796,0.9513905875447688,0.9959114959114959,0.987012987012987,0.0,0.8518518518518519,4,1.0,0.0,0.3333333333333333,0.10843534165588689,0.26828979927829194,0.5005180753304338,Random candidate from RC-SPE pooling family.,random_pool,0.939893940722313
random_1376,risk_candidate,216,0.9027777777777778,0.8475869809203141,0.9250634872618586,0.9987974987974988,0.948051948051948,0.7428571428571429,0.8518518518518519,0,0.7555938037865749,0.24440619621342508,0.33274887979738943,0.3075294414620398,0.3456044427392527,0.6270937681080985,Random candidate from RC-SPE pooling family.,random_pool,1.0382419056773509
random_1377,risk_candidate,216,0.9212962962962963,0.8607824274490942,0.9527241139679011,0.9992784992784993,0.9675324675324676,0.8,0.8148148148148148,0,1.0,0.0,0.3333333333333333,0.09966043142343625,0.14381579067928704,0.2948197421558497,Random candidate from RC-SPE pooling family.,random_pool,0.6238668807317944
random_1378,risk_candidate,216,0.7175925925925926,0.3428571428571428,0.9317826898942917,0.9807599807599807,1.0,0.02857142857142857,0.0,24,1.0,0.0,0.3333333333333333,0.24621091039029608,0.3573112376222515,0.6532418309481742,Random candidate from RC-SPE pooling family.,random_pool,1.8923708801476098
random_1379,risk_candidate,216,0.7083333333333334,0.6060606060606061,0.9187652967598005,1.0,0.8181818181818182,0.0,1.0,0,1.0,0.0,0.34668721109399075,0.15170496357378324,0.49786566414841255,0.8557645712459439,Random candidate from RC-SPE pooling family.,random_pool,2.2417555522125165
random_1380,risk_candidate,216,0.6574074074074074,0.7107904441237775,0.9055486600204757,0.9937469937469937,0.6233766233766234,0.6571428571428571,0.8518518518518519,0,0.0,1.0,0.2413793103448276,0.2161166412388293,0.5570197013755924,0.9320155943416419,Random candidate from RC-SPE pooling family.,random_pool,1.9263044660883213
random_1381,risk_candidate,216,0.7407407407407407,0.44531024531024527,0.9248307342457721,0.9785954785954786,0.974025974025974,0.02857142857142857,0.3333333333333333,15,1.0,0.0,0.3107344632768361,0.21490788108510486,0.3020007906336205,0.54930662195455,Random candidate from RC-SPE pooling family.,random_pool,1.5137492936931334
random_1382,risk_candidate,216,0.7268518518518519,0.4026294692961359,0.8460320676575783,0.9521404521404522,0.974025974025974,0.08571428571428572,0.14814814814814814,20,1.0,0.0,0.37405026300409117,0.1564655595855955,0.3942006381514659,0.7016675706052924,Random candidate from RC-SPE pooling family.,random_pool,2.086931909018907
random_1383,risk_candidate,216,0.7175925925925926,0.3835818502485169,0.9229744043442224,0.9754689754689755,0.974025974025974,0.02857142857142857,0.14814814814814814,20,1.0,0.0,0.3163841807909605,0.21951227043768048,0.4226209472723032,0.7257653119228115,Random candidate from RC-SPE pooling family.,random_pool,0.5943186821802678
random_1384,risk_candidate,216,0.8888888888888888,0.8094436427769761,0.9399517185968403,0.9983164983164983,0.9415584415584416,0.8571428571428571,0.6296296296296297,0,0.8846815834767642,0.11531841652323582,0.35008766803039154,0.3926039972855594,0.4347665648453573,0.7492150731268873,Random candidate from RC-SPE pooling family.,random_pool,2.2426742903233654
random_1385,risk_candidate,216,0.7175925925925926,0.345679012345679,0.9446766361763578,0.9968734968734969,1.0,0.0,0.037037037037037035,26,1.0,0.0,0.3333333333333333,0.18110713695682207,0.348284584131878,0.5833324800392743,Random candidate from RC-SPE pooling family.,random_pool,1.885586064351988
random_1386,risk_candidate,216,0.8194444444444444,0.6438993105659772,0.9364026075932362,0.9896584896584897,0.974025974025974,0.14285714285714285,0.8148148148148148,3,1.0,0.0,0.3107344632768361,0.0650867200495556,0.22536872195044777,0.402225227998213,Random candidate from RC-SPE pooling family.,random_pool,0.6716332470026352
random_1387,risk_candidate,216,0.22685185185185186,0.5315696649029983,0.8996107271746393,0.9985569985569985,0.0,0.7428571428571429,0.8518518518518519,0,0.0,1.0,0.3103448275862069,0.32169739006646564,0.7638475779061707,1.2695147062987928,Random candidate from RC-SPE pooling family.,random_pool,2.2020794390603116
random_1388,risk_candidate,216,0.7129629629629629,0.3333333333333333,0.9501065260951594,0.9973544973544973,1.0,0.0,0.0,27,1.0,0.0,0.3333333333333333,0.2126632837788965,0.35730440878495395,0.5702639589863402,Random candidate from RC-SPE pooling family.,random_pool,1.319276775434706
random_1389,risk_candidate,216,0.8333333333333334,0.6324675324675325,0.9495484581804222,0.9956709956709957,0.9545454545454546,0.9428571428571428,0.0,0,1.0,0.0,0.3970387687512176,0.2524450512197204,0.40536312546455694,0.7300388807970135,Random candidate from RC-SPE pooling family.,random_pool,1.7266340650108685
random_1390,risk_candidate,216,0.8194444444444444,0.6020683020683021,0.9534641505607927,0.9983164983164983,0.9935064935064936,0.2571428571428571,0.5555555555555556,10,1.0,0.0,0.3333333333333333,0.09649334232143394,0.22489949042947277,0.4155905005432596,Random candidate from RC-SPE pooling family.,random_pool,1.1458898785416787
random_1391,risk_candidate,216,0.7361111111111112,0.3939554272887606,0.9528988602993369,0.9992784992784993,0.9935064935064936,0.11428571428571428,0.07407407407407407,24,1.0,0.0,0.3333333333333333,0.16584462209281078,0.2487237826232811,0.4406860221069178,Random candidate from RC-SPE pooling family.,random_pool,1.136681974426261
random_1392,risk_candidate,216,0.8055555555555556,0.5802469135802469,0.9523122619825305,0.9980759980759981,1.0,0.0,0.7407407407407407,7,1.0,0.0,0.3333333333333333,0.15003780065353306,0.3045072769089762,0.6124209365853128,Random candidate from RC-SPE pooling family.,random_pool,1.9501275352132696
random_1393,risk_candidate,216,0.7129629629629629,0.3333333333333333,0.9445603003345621,0.993025493025493,1.0,0.0,0.0,27,1.0,0.0,0.3333333333333333,0.24430058989647518,0.32533636654048653,0.5620698713446283,Random candidate from RC-SPE pooling family.,random_pool,1.9049539767145711
random_1394,risk_candidate,216,0.875,0.7774410774410775,0.9456786672249685,0.993987493987494,0.9545454545454546,0.6,0.7777777777777778,1,0.9965576592082617,0.0034423407917383297,0.3623611922852133,0.24279582839692238,0.2788183951007725,0.5380335723684846,Random candidate from RC-SPE pooling family.,random_pool,1.460638065554852
random_1395,risk_candidate,216,0.49537037037037035,0.5197210197210197,0.925292713717897,0.9834054834054834,0.44805194805194803,1.0,0.1111111111111111,0,0.05163511187607573,0.9483648881239243,0.3333333333333333,0.04874093745629919,0.5511600681000616,0.879804028722368,Random candidate from RC-SPE pooling family.,random_pool,2.0614296364382825
random_1396,risk_candidate,216,0.7685185185185185,0.48834375501042165,0.9337420064722696,0.9795574795574795,0.974025974025974,0.34285714285714286,0.14814814814814814,16,1.0,0.0,0.3970387687512176,0.22295390126297057,0.3355922199826497,0.611464130486159,Random candidate from RC-SPE pooling family.,random_pool,1.5940735793357692
random_1397,risk_candidate,216,0.7962962962962963,0.6151515151515151,0.9508999260651109,0.9961519961519961,0.9025974025974026,0.9428571428571428,0.0,0,0.0981067125645439,0.9018932874354562,0.3389830508474576,0.26435982685364406,0.48487792419454356,0.7825752049927023,Random candidate from RC-SPE pooling family.,random_pool,1.6954306018546137
random_1398,risk_candidate,216,0.7314814814814815,0.38271604938271603,0.92969419434861,0.9853294853294853,1.0,0.0,0.14814814814814814,22,1.0,0.0,0.3333333333333333,0.21064952818985658,0.4427722889048023,0.7985336084922275,Random candidate from RC-SPE pooling family.,random_pool,0.7968653347015152
random_1399,risk_candidate,216,0.7129629629629629,0.3333333333333333,0.947493669477053,0.9942279942279942,1.0,0.0,0.0,27,1.0,0.0,0.3333333333333333,0.18112433561422958,0.3238084488443981,0.5387922730206273,Random candidate from RC-SPE pooling family.,random_pool,1.735407452022364
random_1400,risk_candidate,216,0.8518518518518519,0.790909090909091,0.9216292181115467,0.9997594997594997,0.9155844155844156,0.45714285714285713,1.0,0,0.9862306368330465,0.013769363166953541,0.359527478171546,0.3769894736070172,0.47371121627208385,0.8162323037208694,Random candidate from RC-SPE pooling family.,random_pool,2.055836029830413
random_1401,risk_candidate,216,0.8564814814814815,0.7065897065897065,0.953161368044061,0.9959114959114959,0.961038961038961,0.7142857142857143,0.4444444444444444,4,1.0,0.0,0.34385349698032336,0.12187967986341691,0.22588702850115625,0.44079000767838,Random candidate from RC-SPE pooling family.,random_pool,1.035845574689901
random_1402,risk_candidate,216,0.18981481481481483,0.4638447971781305,0.8884613973050267,0.9975949975949976,0.0,0.42857142857142855,0.9629629629629629,0,0.0,1.0,0.2601880877742947,0.2853243217398648,0.6968689931839605,1.1407578230485103,Random candidate from RC-SPE pooling family.,random_pool,1.8972348542840933
random_1403,risk_candidate,216,0.8148148148148148,0.6049382716049383,0.9560242936680533,0.9990379990379991,1.0,0.0,0.8148148148148148,5,1.0,0.0,0.3333333333333333,0.0900555950619192,0.25859533244186583,0.46100872095368084,Random candidate from RC-SPE pooling family.,random_pool,0.7947870561933266
random_1404,risk_candidate,216,0.9212962962962963,0.8607824274490942,0.9461118830924834,1.0,0.9675324675324676,0.8,0.8148148148148148,0,1.0,0.0,0.3220338983050847,0.18708141719993002,0.19511746162280705,0.4018734583192468,Random candidate from RC-SPE pooling family.,random_pool,0.8980950295318005
random_1405,risk_candidate,216,0.7361111111111112,0.3995991662658329,0.9392131714416424,0.9848484848484849,0.9935064935064936,0.05714285714285714,0.14814814814814814,20,1.0,0.0,0.3333333333333333,0.20037165734482812,0.2978434069898623,0.5240285976912707,Random candidate from RC-SPE pooling family.,random_pool,1.469123238624337
random_1406,risk_candidate,216,0.7407407407407407,0.4045855379188712,0.939724913171582,0.9911014911014911,1.0,0.02857142857142857,0.18518518518518517,20,1.0,0.0,0.3333333333333333,0.15210092553229115,0.3316249236661959,0.536205601129347,Random candidate from RC-SPE pooling family.,random_pool,0.9888975312891485
random_1407,risk_candidate,216,0.7453703703703703,0.40735930735930737,0.95303400400278,0.9995189995189995,0.9935064935064936,0.22857142857142856,0.0,23,1.0,0.0,0.3333333333333333,0.23174750768801577,0.29665945568283614,0.5501619725480184,Random candidate from RC-SPE pooling family.,random_pool,1.8462640284690248
random_1408,risk_candidate,216,0.7824074074074074,0.5174122174122174,0.948134104508048,0.9918229918229918,0.9935064935064936,0.11428571428571428,0.4444444444444444,13,1.0,0.0,0.3333333333333333,0.14535406978098234,0.24946629294566097,0.4570979641902904,Random candidate from RC-SPE pooling family.,random_pool,1.2073710416231676
random_1409,risk_candidate,216,0.8055555555555556,0.5864999198332531,0.9446662578430863,0.9894179894179894,0.987012987012987,0.14285714285714285,0.6296296296296297,8,1.0,0.0,0.3276836158192091,0.08028130149441717,0.24117350869394175,0.41252142200521164,Random candidate from RC-SPE pooling family.,random_pool,0.7573852944350433
random_1410,risk_candidate,216,0.8657407407407407,0.7198813532146865,0.9545594239967725,0.9983164983164983,0.9935064935064936,0.3142857142857143,0.8518518518518519,2,1.0,0.0,0.3333333333333333,0.029525158723081674,0.178710524499237,0.31950644301181363,Random candidate from RC-SPE pooling family.,random_pool,0.5887410059095272
random_1411,risk_candidate,216,0.9074074074074074,0.8311046977713644,0.9416329713336694,1.0,0.961038961038961,0.8285714285714286,0.7037037037037037,0,0.0017211703958691911,0.9982788296041308,0.3446327683615819,0.38436891877527796,0.40474420693296187,0.7026806502536692,Random candidate from RC-SPE pooling family.,random_pool,1.8943679165421774
random_1412,risk_candidate,216,0.8009259259259259,0.6086259419592753,0.9318681027193407,0.987012987012987,0.974025974025974,0.0,0.8518518518518519,3,1.0,0.0,0.3050847457627119,0.11572970938537144,0.2637276553664058,0.4896056423034478,Random candidate from RC-SPE pooling family.,random_pool,0.9539808524603652
random_1413,risk_candidate,216,0.7129629629629629,0.3740580407247074,0.8857496066123959,0.9636844636844637,0.974025974025974,0.0,0.14814814814814814,20,1.0,0.0,0.3050847457627119,0.16795553459705273,0.4062215334354799,0.6895315141706109,Random candidate from RC-SPE pooling family.,random_pool,1.1780605120412597
random_1414,risk_candidate,216,0.8703703703703703,0.7549142215808882,0.9513934789493601,0.9951899951899952,0.961038961038961,0.6,0.7037037037037037,1,1.0,0.0,0.3393726865380869,0.04525867395782919,0.1730658394117906,0.3279142772667311,Random candidate from RC-SPE pooling family.,random_pool,0.5680972821634556
random_1415,risk_candidate,216,0.9120370370370371,0.8360910694244028,0.9528548618008035,0.9990379990379991,0.9675324675324676,0.8,0.7407407407407407,0,1.0,0.0,0.3220338983050847,0.0795489469751394,0.1531745205132244,0.31111899309320096,Random candidate from RC-SPE pooling family.,random_pool,0.6177791858610978
random_1416,risk_candidate,216,0.7592592592592593,0.4567901234567901,0.9515776459861162,0.9961519961519961,1.0,0.0,0.37037037037037035,17,1.0,0.0,0.3333333333333333,0.14057105120006205,0.30528472031030973,0.543518235711921,Random candidate from RC-SPE pooling family.,random_pool,1.3575598524926045
random_1417,risk_candidate,216,0.9027777777777778,0.841943241943242,0.938410574549794,1.0,0.948051948051948,0.8,0.7777777777777778,0,0.0,1.0,0.3333333333333333,0.42206321990178197,0.46035708237280015,0.7890777898488861,Random candidate from RC-SPE pooling family.,random_pool,1.9097201192054127
random_1418,risk_candidate,216,0.9120370370370371,0.8343755010421677,0.9527047015893878,0.9990379990379991,0.974025974025974,0.7142857142857143,0.8148148148148148,0,1.0,0.0,0.3333333333333333,0.04858579055856253,0.14702721013910316,0.2870525616542282,Random candidate from RC-SPE pooling family.,random_pool,0.642700047099167
random_1419,risk_candidate,216,0.8657407407407407,0.7069905403238735,0.9514869950203103,0.9992784992784993,0.9675324675324676,0.8571428571428571,0.2962962962962963,2,1.0,0.0,0.3333333333333333,0.17229975193101588,0.2572863302150826,0.48981355840473606,Random candidate from RC-SPE pooling family.,random_pool,1.155303917696697
random_1420,risk_candidate,216,0.9166666666666666,0.8540804874138207,0.9389950756841411,1.0,0.9675324675324676,0.7428571428571429,0.8518518518518519,0,1.0,0.0,0.3333333333333333,0.22181256983996697,0.22500907725166985,0.45258479874502083,Random candidate from RC-SPE pooling family.,random_pool,1.0024835584644316
random_1421,risk_candidate,216,0.8148148148148148,0.6049382716049383,0.9524131061271511,1.0,1.0,0.0,0.8148148148148148,5,1.0,0.0,0.3333333333333333,0.09490054837885936,0.2604885575008555,0.48305957299346225,Random candidate from RC-SPE pooling family.,random_pool,0.8215869250470393
random_1422,risk_candidate,216,0.7592592592592593,0.4567901234567901,0.9556037738717924,0.9971139971139971,1.0,0.0,0.37037037037037035,17,1.0,0.0,0.3333333333333333,0.2152292251085365,0.29522244222623556,0.5565924163567073,Random candidate from RC-SPE pooling family.,random_pool,1.9483781156045878
random_1423,risk_candidate,216,0.8564814814814815,0.7348084014750681,0.9487627098678804,0.9937469937469937,0.961038961038961,0.42857142857142855,0.8148148148148148,1,1.0,0.0,0.3452172218975258,0.12787353094503592,0.21775105128934064,0.4307358102242943,Random candidate from RC-SPE pooling family.,random_pool,1.0291193540653973
random_1424,risk_candidate,216,0.8518518518518519,0.6857784191117524,0.9498008494751004,0.9980759980759981,0.961038961038961,0.8,0.2962962962962963,3,1.0,0.0,0.3278784336645237,0.27299412492212416,0.3481772916681481,0.6296878605459666,Random candidate from RC-SPE pooling family.,random_pool,1.9830520988996103
random_1425,risk_candidate,216,0.7777777777777778,0.7083052749719415,0.9479721218750154,0.9973544973544973,0.8116883116883117,0.9428571428571428,0.37037037037037035,0,0.0017211703958691911,0.9982788296041308,0.3333333333333333,0.22618687025602546,0.4519030522175691,0.7181948595681141,Random candidate from RC-SPE pooling family.,random_pool,1.3150091991646058
random_1426,risk_candidate,216,0.7916666666666666,0.5467532467532468,0.9400743309577587,0.9886964886964887,0.9545454545454546,0.6857142857142857,0.0,5,1.0,0.0,0.40268848626534187,0.18324153527019565,0.308205764684701,0.5865720745062603,Random candidate from RC-SPE pooling family.,random_pool,1.2299083424220714
random_1427,risk_candidate,216,0.7777777777777778,0.5135321468654802,0.9517846110450804,0.9956709956709957,0.9935064935064936,0.02857142857142857,0.5185185185185185,12,1.0,0.0,0.3333333333333333,0.13175532514932595,0.2588144151394558,0.4551251590302974,Random candidate from RC-SPE pooling family.,random_pool,1.2642851450842572
random_1428,risk_candidate,216,0.8657407407407407,0.7408529741863076,0.9440180313495737,0.9949494949494949,0.9675324675324676,0.5142857142857142,0.7407407407407407,0,1.0,0.0,0.35671147477108905,0.10922358622377844,0.2048839121984519,0.3957214706756484,Random candidate from RC-SPE pooling family.,random_pool,0.8308250392781721
random_1429,risk_candidate,216,0.7407407407407407,0.40912297578964246,0.9390099183088484,0.9860509860509861,0.9935064935064936,0.08571428571428572,0.14814814814814814,20,1.0,0.0,0.3220338983050847,0.19681804580613893,0.3036196218511322,0.5384226231940109,Random candidate from RC-SPE pooling family.,random_pool,1.5549344294161003
random_1430,risk_candidate,216,0.8194444444444444,0.6172839506172839,0.9494393932625934,0.9997594997594997,1.0,0.0,0.8518518518518519,4,1.0,0.0,0.3333333333333333,0.1589176117103569,0.22899174592466706,0.4566446117144966,Random candidate from RC-SPE pooling family.,random_pool,1.2823489920330255
random_1431,risk_candidate,216,0.8425925925925926,0.6869809203142537,0.9523040484588678,0.9980759980759981,0.9805194805194806,0.22857142857142856,0.8518518518518519,1,1.0,0.0,0.3276836158192091,0.0901844090890383,0.18795533473068163,0.3664990768087346,Random candidate from RC-SPE pooling family.,random_pool,0.8771123387496208
random_1432,risk_candidate,216,0.8333333333333334,0.6165303831970498,0.952742113108325,0.9987974987974988,0.9935064935064936,0.4857142857142857,0.37037037037037035,11,1.0,0.0,0.3333333333333333,0.08972947582256474,0.21859442124982137,0.4022435004669657,Random candidate from RC-SPE pooling family.,random_pool,0.9362492331157715
random_1433,risk_candidate,216,0.8564814814814815,0.7094115760782427,0.951823620956563,0.9963924963924964,0.961038961038961,0.6857142857142857,0.48148148148148145,1,1.0,0.0,0.3970387687512176,0.2560358368152971,0.3109251524841,0.5818533590447786,Random candidate from RC-SPE pooling family.,random_pool,1.744076023029483
random_1434,risk_candidate,216,0.8564814814814815,0.6980118646785313,0.9561101331050571,0.9975949975949976,0.9935064935064936,0.2857142857142857,0.8148148148148148,4,1.0,0.0,0.3333333333333333,0.045561235036672566,0.20757729443186684,0.36020995869620065,Random candidate from RC-SPE pooling family.,random_pool,0.5789738315432842
random_1435,risk_candidate,216,0.7731481481481481,0.49382716049382713,0.948820011653269,0.9985569985569985,1.0,0.0,0.48148148148148145,14,1.0,0.0,0.3333333333333333,0.13438640952671588,0.31495840663127184,0.528794785747433,Random candidate from RC-SPE pooling family.,random_pool,0.7049765712997934
random_1436,risk_candidate,216,0.7129629629629629,0.3333333333333333,0.9535194654414837,0.9990379990379991,1.0,0.0,0.0,27,1.0,0.0,0.3333333333333333,0.24744077086041483,0.3247293173846618,0.5495218153827639,Random candidate from RC-SPE pooling family.,random_pool,2.037551434629544
random_1437,risk_candidate,216,0.8935185185185185,0.8014269680936348,0.9533902438231676,0.9978354978354979,0.9545454545454546,0.8571428571428571,0.5925925925925926,0,0.9948364888123924,0.005163511187607606,0.3970387687512176,0.12006547047427947,0.19331873363421104,0.3860138599646178,Random candidate from RC-SPE pooling family.,random_pool,0.7359326689579343
random_1438,risk_candidate,216,0.7407407407407407,0.41476671476671473,0.9434269432356303,0.9908609908609909,0.9935064935064936,0.02857142857142857,0.2222222222222222,20,1.0,0.0,0.3333333333333333,0.15636159435726638,0.3061008843265189,0.5027439299826703,Random candidate from RC-SPE pooling family.,random_pool,1.084578086536894
random_1439,risk_candidate,216,0.8472222222222222,0.6965047298380632,0.953712126935029,0.9975949975949976,0.9805194805194806,0.2571428571428571,0.8518518518518519,2,1.0,0.0,0.3333333333333333,0.10752930519669036,0.18781968960747455,0.3568685435140886,Random candidate from RC-SPE pooling family.,random_pool,0.9263900856573613
random_1440,risk_candidate,216,0.9212962962962963,0.8636042969376302,0.9403372285904613,1.0,0.9675324675324676,0.7714285714285715,0.8518518518518519,0,1.0,0.0,0.3333333333333333,0.2624194685238613,0.25339845882935996,0.4969317557769076,Random candidate from RC-SPE pooling family.,random_pool,1.0922815765915441
random_1441,risk_candidate,216,0.7129629629629629,0.3333333333333333,0.9476383060637755,0.9944684944684945,1.0,0.0,0.0,27,1.0,0.0,0.3333333333333333,0.25050405844517665,0.3658562909337114,0.6212096307983891,Random candidate from RC-SPE pooling family.,random_pool,2.0967065259438504
random_1442,risk_candidate,216,0.7314814814814815,0.3900753567420234,0.9390147730174266,0.9874939874939875,0.9935064935064936,0.02857142857142857,0.14814814814814814,22,1.0,0.0,0.3333333333333333,0.18220931255933137,0.32569764754280756,0.5393152116912628,Random candidate from RC-SPE pooling family.,random_pool,1.322747524393734
random_1443,risk_candidate,216,0.7731481481481481,0.49382716049382713,0.9488702467190491,0.9954304954304954,1.0,0.0,0.48148148148148145,13,1.0,0.0,0.3333333333333333,0.1375733328281037,0.33854733403957415,0.6123167840735488,Random candidate from RC-SPE pooling family.,random_pool,0.7807090870305523
random_1444,risk_candidate,216,0.7222222222222222,0.3772807439474106,0.9211143861172134,0.9766714766714767,0.9805194805194806,0.11428571428571428,0.037037037037037035,21,1.0,0.0,0.3278784336645237,0.2197418531128036,0.35042289610652105,0.6278118917872993,Random candidate from RC-SPE pooling family.,random_pool,1.958995551423507
random_1445,risk_candidate,216,0.75,0.6623376623376623,0.8894424647840008,0.9923039923039924,0.8441558441558441,0.14285714285714285,1.0,0,0.03442340791738382,0.9655765920826161,0.35028248587570626,0.29346588192406203,0.4947015825724956,0.8453012704156291,Random candidate from RC-SPE pooling family.,random_pool,1.7877724294075756
random_1446,risk_candidate,216,0.8101851851851852,0.6101330767997434,0.9497230411060388,0.9925444925444925,0.987012987012987,0.02857142857142857,0.8148148148148148,4,1.0,0.0,0.3276836158192091,0.09706009754495827,0.24988859471570316,0.43583593981989394,Random candidate from RC-SPE pooling family.,random_pool,0.8370193507812508
random_1447,risk_candidate,216,0.9027777777777778,0.822687189353856,0.9545202992567187,0.9983164983164983,0.9675324675324676,0.6857142857142857,0.8148148148148148,0,1.0,0.0,0.37969998051821546,0.1320488672050558,0.18014670739468241,0.3702962379829356,Random candidate from RC-SPE pooling family.,random_pool,0.8667860206151473
random_1448,risk_candidate,216,0.8194444444444444,0.6112554112554113,0.9415727223168955,0.9911014911014911,0.948051948051948,0.8857142857142857,0.0,1,1.0,0.0,0.3970387687512176,0.22957731139564616,0.36870054083891596,0.6726143119323008,Random candidate from RC-SPE pooling family.,random_pool,1.5522101486794813
random_1449,risk_candidate,216,0.8148148148148148,0.6253006253006252,0.9417941288943136,0.9971139971139971,0.987012987012987,0.0,0.8888888888888888,3,1.0,0.0,0.3276836158192091,0.20270954915257114,0.3072836790777713,0.6132003049332947,Random candidate from RC-SPE pooling family.,random_pool,2.016326800697715
random_1450,risk_candidate,216,0.8703703703703703,0.7367644700978033,0.9559691848437941,0.9983164983164983,0.987012987012987,0.37142857142857144,0.8518518518518519,2,1.0,0.0,0.3333333333333333,0.048971069093663055,0.1727333535419765,0.3172829725361467,Random candidate from RC-SPE pooling family.,random_pool,0.668651224858205
random_1451,risk_candidate,216,0.6574074074074074,0.5502164502164502,0.9530159181853056,0.9992784992784993,0.7077922077922078,0.9428571428571428,0.0,0,0.0,1.0,0.3333333333333333,0.12296277146456494,0.5053597196069978,0.7838708579940111,Random candidate from RC-SPE pooling family.,random_pool,1.7363497541225452
random_1452,risk_candidate,216,0.8333333333333334,0.6641173641173642,0.9311021357183987,0.9822029822029822,0.9415584415584416,0.8285714285714286,0.2222222222222222,0,0.5645438898450946,0.4354561101549054,0.338788233002143,0.18593297881691093,0.3093234830742446,0.5692908906442236,Random candidate from RC-SPE pooling family.,random_pool,0.871707338757101
random_1453,risk_candidate,216,0.6111111111111112,0.5285714285714286,0.9522144576200652,0.9985569985569985,0.6428571428571429,0.9428571428571428,0.0,0,0.0,1.0,0.3333333333333333,0.1619500326543945,0.5349970075629862,0.822422910909729,Random candidate from RC-SPE pooling family.,random_pool,1.3962814835250486
random_1454,risk_candidate,216,0.8472222222222222,0.6993265993265995,0.934274906557086,0.9956709956709957,0.9805194805194806,0.22857142857142856,0.8888888888888888,1,1.0,0.0,0.35233692860811505,0.2384373288223312,0.3063211540887964,0.5938067182302518,Random candidate from RC-SPE pooling family.,random_pool,1.7716464360695674
random_1455,risk_candidate,216,0.9212962962962963,0.8607824274490942,0.9449650933790333,1.0,0.9675324675324676,0.8,0.8148148148148148,0,1.0,0.0,0.3333333333333333,0.20826707880505646,0.21160404791088822,0.4283068467270886,Random candidate from RC-SPE pooling family.,random_pool,0.9456224547243824
random_1456,risk_candidate,216,0.8148148148148148,0.6017316017316018,0.9482848383860726,0.993987493987494,0.948051948051948,0.8571428571428571,0.0,1,1.0,0.0,0.40268848626534187,0.27282740925935717,0.39739962428172354,0.7237386346277904,Random candidate from RC-SPE pooling family.,random_pool,2.2249631017299327
random_1457,risk_candidate,216,0.8148148148148148,0.6253006253006252,0.9458297805135256,0.9968734968734969,0.987012987012987,0.0,0.8888888888888888,3,1.0,0.0,0.3276836158192091,0.2261790431577128,0.31625384788793126,0.6179536144027006,Random candidate from RC-SPE pooling family.,random_pool,2.1825862779228467
random_1458,risk_candidate,216,0.8796296296296297,0.7852493185826518,0.9526544810226995,0.9983164983164983,0.961038961038961,0.5428571428571428,0.8518518518518519,0,1.0,0.0,0.3333333333333333,0.05440928308217171,0.15867466314640952,0.2919078670051495,Random candidate from RC-SPE pooling family.,random_pool,0.5527694066423979
random_1459,risk_candidate,216,0.9166666666666666,0.8586179252845919,0.9405239988491362,1.0,0.961038961038961,0.8,0.8148148148148148,0,1.0,0.0,0.4052211182544321,0.13883114943467179,0.18340342827363437,0.3679066479568362,Random candidate from RC-SPE pooling family.,random_pool,0.704123197415779
random_1460,risk_candidate,216,0.8888888888888888,0.7919031585698253,0.9547270818599624,0.9980759980759981,0.9545454545454546,0.8285714285714286,0.5925925925925926,0,0.9965576592082617,0.0034423407917383297,0.3855445158776544,0.23432305438588075,0.25733927544270724,0.4995255755812326,Random candidate from RC-SPE pooling family.,random_pool,1.1519152130837178
random_1461,risk_candidate,216,0.7962962962962963,0.5194805194805195,0.9443944278704482,0.9935064935064936,0.987012987012987,0.5714285714285714,0.0,14,1.0,0.0,0.3333333333333333,0.18018664798654388,0.32405292274491493,0.6268608853285557,Random candidate from RC-SPE pooling family.,random_pool,1.6225307007806435
random_1462,risk_candidate,216,0.8842592592592593,0.7795574795574796,0.9524158268763774,0.9959114959114959,0.9545454545454546,0.8285714285714286,0.5555555555555556,0,0.9965576592082617,0.0034423407917383297,0.3853496980323398,0.058037029631475515,0.17134663511329506,0.3454957509663479,Random candidate from RC-SPE pooling family.,random_pool,0.5703638418531086
random_1463,risk_candidate,216,0.8240740740740741,0.6281385281385282,0.956058218367153,0.9983164983164983,0.9415584415584416,0.9428571428571428,0.0,0,0.0,1.0,0.3333333333333333,0.2629680300091894,0.46671586535410364,0.7641184709728245,Random candidate from RC-SPE pooling family.,random_pool,2.2154320439146753
random_1464,risk_candidate,216,0.8518518518518519,0.7128908128908128,0.951779516731078,0.9937469937469937,0.9545454545454546,0.6285714285714286,0.5555555555555556,0,1.0,0.0,0.35671147477108905,0.16292781231785206,0.2282384667343115,0.4470022006511212,Random candidate from RC-SPE pooling family.,random_pool,1.0855493876829059
random_1465,risk_candidate,216,0.8009259259259259,0.5679012345679012,0.9552978648958547,0.9985569985569985,1.0,0.0,0.7037037037037037,8,1.0,0.0,0.3333333333333333,0.10090598361298708,0.26701897332947755,0.4614107718011819,Random candidate from RC-SPE pooling family.,random_pool,0.9516692871755372
random_1466,risk_candidate,216,0.8472222222222222,0.7185826519159852,0.9407390285250353,0.9923039923039924,0.961038961038961,0.34285714285714286,0.8518518518518519,1,1.0,0.0,0.3107344632768361,0.05265727067159044,0.20334222572416835,0.37312577796613194,Random candidate from RC-SPE pooling family.,random_pool,0.5844984290354136
random_1467,risk_candidate,216,0.7962962962962963,0.5346961680295014,0.9520723048758807,0.9961519961519961,0.9935064935064936,0.3142857142857143,0.2962962962962963,16,1.0,0.0,0.3333333333333333,0.1589143152395232,0.25750039322789897,0.4811522572618181,Random candidate from RC-SPE pooling family.,random_pool,1.3891801279294156
random_1468,risk_candidate,216,0.8009259259259259,0.7796055796055796,0.923569904732788,0.9985569985569985,0.8181818181818182,0.7428571428571429,0.7777777777777778,0,0.0017211703958691911,0.9982788296041308,0.3341834475674335,0.29587139600663354,0.4675279124142172,0.7921332401707419,Random candidate from RC-SPE pooling family.,random_pool,1.4502892200812445
random_1469,risk_candidate,216,0.7962962962962963,0.5793490460157127,0.9373103256500288,0.9862914862914863,0.974025974025974,0.17142857142857143,0.5925925925925926,9,1.0,0.0,0.32222871615039933,0.08042356613350603,0.25534956392012637,0.43329481168622647,Random candidate from RC-SPE pooling family.,random_pool,0.5892600624431517
random_1470,risk_candidate,216,0.8935185185185185,0.8138207471540806,0.9299787413473934,0.9980759980759981,0.961038961038961,0.6285714285714286,0.8518518518518519,0,0.9982788296041308,0.0017211703958691649,0.29807130333138515,0.1434277139194267,0.19670410583059436,0.40165408588123486,Random candidate from RC-SPE pooling family.,random_pool,0.834731525719009
random_1471,risk_candidate,216,0.7129629629629629,0.3333333333333333,0.9454779891625726,0.993987493987494,1.0,0.0,0.0,26,1.0,0.0,0.3333333333333333,0.2302610375717817,0.35917060404774476,0.632187400841208,Random candidate from RC-SPE pooling family.,random_pool,1.6272055633098543
random_1472,risk_candidate,216,0.7546296296296297,0.5956709956709957,0.9503985626684427,0.9973544973544973,0.8441558441558441,0.9428571428571428,0.0,0,0.08089500860585198,0.919104991394148,0.3333333333333333,0.2256203316940255,0.4782146009451185,0.7620533245941088,Random candidate from RC-SPE pooling family.,random_pool,1.7157795966410085
random_1473,risk_candidate,216,0.8935185185185185,0.7884239217572552,0.9546573549881646,0.9990379990379991,0.961038961038961,0.8857142857142857,0.5185185185185185,0,0.9449225473321858,0.055077452667814164,0.3553477498538866,0.1596365445176826,0.21921967355912747,0.431885055818525,Random candidate from RC-SPE pooling family.,random_pool,0.8665474058345207
random_1474,risk_candidate,216,0.875,0.7389289722623055,0.9531338451701011,0.9987974987974988,0.9935064935064936,0.37142857142857144,0.8518518518518519,1,1.0,0.0,0.3333333333333333,0.0859206599574783,0.17528634952534577,0.32769689426312704,Random candidate from RC-SPE pooling family.,random_pool,0.7505208468739221
random_1475,risk_candidate,216,0.8611111111111112,0.710357543690877,0.9555657478877081,0.9990379990379991,0.9935064935064936,0.2857142857142857,0.8518518518518519,2,1.0,0.0,0.3333333333333333,0.05424535273377509,0.18427076176987084,0.3298363803397989,Random candidate from RC-SPE pooling family.,random_pool,0.7281944475640816
random_1476,risk_candidate,216,0.7129629629629629,0.3333333333333333,0.9483197424617607,0.9942279942279942,1.0,0.0,0.0,27,1.0,0.0,0.3333333333333333,0.2457146286926707,0.32595420712051015,0.5642047188950451,Random candidate from RC-SPE pooling family.,random_pool,2.034552622785551
random_1477,risk_candidate,216,0.7175925925925926,0.345679012345679,0.9428951438117736,0.9947089947089947,1.0,0.0,0.037037037037037035,26,1.0,0.0,0.3333333333333333,0.2075923323586852,0.3277679432381892,0.5478440716471893,Random candidate from RC-SPE pooling family.,random_pool,1.581869545092203
random_1478,risk_candidate,216,0.16203703703703703,0.3333333333333333,0.9480316233419156,0.9963924963924964,0.0,1.0,0.0,0,0.0,1.0,0.3333333333333333,0.5258487235074992,0.8263852226254736,1.1524941028313431,Random candidate from RC-SPE pooling family.,random_pool,1.8337532913031709
random_1479,risk_candidate,216,0.7916666666666666,0.5099567099567099,0.9452293215944202,0.9894179894179894,0.987012987012987,0.5428571428571428,0.0,15,1.0,0.0,0.3391778686927723,0.09679442043181267,0.2725106799201238,0.52697155678123,Random candidate from RC-SPE pooling family.,random_pool,0.8715288887177183
random_1480,risk_candidate,216,0.7361111111111112,0.4154240820907487,0.9312819618647458,0.9817219817219818,0.987012987012987,0.0,0.25925925925925924,18,1.0,0.0,0.3276836158192091,0.16342849837114695,0.32377800451284855,0.52977801791264,Random candidate from RC-SPE pooling family.,random_pool,0.916105546064652
random_1481,risk_candidate,216,0.7453703703703703,0.46047779381112713,0.9350083043652333,0.9836459836459837,0.974025974025974,0.0,0.4074074074074074,14,1.0,0.0,0.3107344632768361,0.15818990866489657,0.2983200024134395,0.5028217115948906,Random candidate from RC-SPE pooling family.,random_pool,1.0422091528139037
random_1482,risk_candidate,216,0.26851851851851855,0.4368446368446368,0.9410085217097897,0.9983164983164983,0.11688311688311688,0.9714285714285714,0.2222222222222222,0,0.0,1.0,0.3333333333333333,0.2955599797097674,0.5767385597251111,0.8640783114533027,Random candidate from RC-SPE pooling family.,random_pool,1.3788036529095136
random_1483,risk_candidate,216,0.7962962962962963,0.5346961680295014,0.9437655415774895,0.9903799903799904,0.9935064935064936,0.3142857142857143,0.2962962962962963,16,1.0,0.0,0.3333333333333333,0.10282776882360328,0.2604129727694453,0.44644389033673165,Random candidate from RC-SPE pooling family.,random_pool,0.7134598770976365
random_1484,risk_candidate,216,0.9120370370370371,0.8445566778900112,0.9490582745887032,0.9992784992784993,0.9675324675324676,0.7142857142857143,0.8518518518518519,0,1.0,0.0,0.3333333333333333,0.07352645334076019,0.15140393309638314,0.3063949803018928,Random candidate from RC-SPE pooling family.,random_pool,0.6588530716192088
random_1485,risk_candidate,216,0.875,0.7304633637966971,0.9552770556304181,0.9987974987974988,0.9935064935064936,0.45714285714285713,0.7407407407407407,3,1.0,0.0,0.3333333333333333,0.0380463178491059,0.18279878341182115,0.3369612476132302,Random candidate from RC-SPE pooling family.,random_pool,0.5643004589788794
random_1486,risk_candidate,216,0.8009259259259259,0.5928010261343595,0.9388094272529829,0.9867724867724867,0.9805194805194806,0.05714285714285714,0.7407407407407407,5,1.0,0.0,0.3163841807909605,0.08899419137141151,0.27340580695704164,0.46526832105357435,Random candidate from RC-SPE pooling family.,random_pool,0.5585603060403805
random_1487,risk_candidate,216,0.875,0.7796536796536797,0.9328145870605459,1.0,0.9675324675324676,0.37142857142857144,1.0,0,1.0,0.0,0.3333333333333333,0.13069453590223945,0.20989271704659107,0.42798145722135816,Random candidate from RC-SPE pooling family.,random_pool,0.8198563896335024
random_1488,risk_candidate,216,0.8101851851851852,0.6378547378547378,0.929974977616075,0.9850889850889851,0.9675324675324676,0.05714285714285714,0.8888888888888888,2,1.0,0.0,0.3050847457627119,0.10989479826097949,0.2563615225186952,0.4857674494419654,Random candidate from RC-SPE pooling family.,random_pool,0.9033819138632994
random_1489,risk_candidate,216,0.7592592592592593,0.46414943081609755,0.9535713946784793,0.9956709956709957,0.9935064935064936,0.02857142857142857,0.37037037037037035,16,1.0,0.0,0.3333333333333333,0.13380675894359656,0.2848843712059249,0.4642933366995718,Random candidate from RC-SPE pooling family.,random_pool,0.8896190137849692
random_1490,risk_candidate,216,0.7453703703703703,0.41693121693121693,0.9412413109206884,0.98989898989899,1.0,0.02857142857142857,0.2222222222222222,20,1.0,0.0,0.3333333333333333,0.19060749554160172,0.3828893284409593,0.667972654400721,Random candidate from RC-SPE pooling family.,random_pool,0.6356716883862199
random_1491,risk_candidate,216,0.7546296296296297,0.44898188231521563,0.9499212648532437,0.9956709956709957,0.9935064935064936,0.05714285714285714,0.2962962962962963,18,1.0,0.0,0.3333333333333333,0.14159343735713936,0.302426323904244,0.5072583176792629,Random candidate from RC-SPE pooling family.,random_pool,0.6118738602462048
random_1492,risk_candidate,216,0.75,0.42817059483726155,0.9436503793683584,0.9944684944684945,0.9935064935064936,0.14285714285714285,0.14814814814814814,19,1.0,0.0,0.3333333333333333,0.16876503837038054,0.2901668909088209,0.5150952501085042,Random candidate from RC-SPE pooling family.,random_pool,0.9695633462694033
random_1493,risk_candidate,216,0.9120370370370371,0.8332691999358666,0.9536626211629677,0.9992784992784993,0.9675324675324676,0.8285714285714286,0.7037037037037037,0,1.0,0.0,0.3333333333333333,0.17386671340410298,0.18890687645540116,0.3892637024884746,Random candidate from RC-SPE pooling family.,random_pool,1.0182911246196928
random_1494,risk_candidate,216,0.9074074074074074,0.8406766073432741,0.9302594379378079,1.0,0.9675324675324676,0.6285714285714286,0.9259259259259259,0,1.0,0.0,0.3333333333333333,0.12102960658220988,0.177136396648368,0.3690888948307041,Random candidate from RC-SPE pooling family.,random_pool,0.7691075868699077
random_1495,risk_candidate,216,0.7453703703703703,0.42146865480198814,0.9563190010904048,0.9990379990379991,0.9935064935064936,0.08571428571428572,0.18518518518518517,22,1.0,0.0,0.3333333333333333,0.1557416321589393,0.24941223115236702,0.44297271060037047,Random candidate from RC-SPE pooling family.,random_pool,1.2122134233477728
random_1496,risk_candidate,216,0.8842592592592593,0.7970979637646304,0.9472496886608498,0.9966329966329966,0.9415584415584416,0.8571428571428571,0.5925925925925926,0,0.6351118760757315,0.3648881239242685,0.3444379505162673,0.2506167179857824,0.3059687437549829,0.5583862265067107,Random candidate from RC-SPE pooling family.,random_pool,1.1131578906116664
random_1497,risk_candidate,216,0.7731481481481481,0.49554272887606227,0.9489209424749402,0.9959114959114959,0.9935064935064936,0.08571428571428572,0.4074074074074074,14,1.0,0.0,0.3333333333333333,0.13923656606621018,0.297348641895589,0.48996211265478734,Random candidate from RC-SPE pooling family.,random_pool,0.5579704047975055
random_1498,risk_candidate,216,0.8101851851851852,0.6044893378226711,0.9499529053633534,0.993987493987494,0.987012987012987,0.08571428571428572,0.7407407407407407,6,1.0,0.0,0.3276836158192091,0.08881691444253809,0.23231389377311945,0.41041062929961175,Random candidate from RC-SPE pooling family.,random_pool,0.9235428330318883
random_1499,risk_candidate,216,0.7407407407407407,0.4277697611030944,0.9377439925768716,0.9858104858104858,0.987012987012987,0.0,0.2962962962962963,18,1.0,0.0,0.3276836158192091,0.17666131271509294,0.37207395860663256,0.6834461031751654,Random candidate from RC-SPE pooling family.,random_pool,0.8036396001977754
random_1500,risk_candidate,216,0.7685185185185185,0.4979156645823313,0.94248113881715,0.9877344877344877,0.9805194805194806,0.14285714285714285,0.37037037037037035,14,1.0,0.0,0.32222871615039933,0.119397711534439,0.25323505792395234,0.43976098763420146,Random candidate from RC-SPE pooling family.,random_pool,0.8961127169443248
random_1501,risk_candidate,216,0.7777777777777778,0.4898508898508898,0.9428136208178057,0.9927849927849928,0.987012987012987,0.37142857142857144,0.1111111111111111,18,1.0,0.0,0.3393726865380869,0.14197872148744622,0.2755470204303168,0.5141294856859449,Random candidate from RC-SPE pooling family.,random_pool,1.0937665199105935
random_1502,risk_candidate,216,0.8194444444444444,0.618999518999519,0.9529918939315385,0.9990379990379991,0.9935064935064936,0.08571428571428572,0.7777777777777778,5,1.0,0.0,0.3333333333333333,0.07324733158079769,0.2338497144050543,0.40096340543773085,Random candidate from RC-SPE pooling family.,random_pool,0.5563571397912698
random_1503,risk_candidate,216,0.8287037037037037,0.6303030303030303,0.9548012091531105,0.9985569985569985,0.948051948051948,0.9428571428571428,0.0,0,0.04991394148020654,0.9500860585197934,0.3446327683615819,0.2517386933966831,0.35456782619551663,0.6123293341829839,Random candidate from RC-SPE pooling family.,random_pool,1.3282183539875747
random_1504,risk_candidate,216,0.8472222222222222,0.6891454224787559,0.9532340729975006,0.9980759980759981,0.987012987012987,0.22857142857142856,0.8518518518518519,3,1.0,0.0,0.3276836158192091,0.07397666105386247,0.19191098271164483,0.35991395660500625,Random candidate from RC-SPE pooling family.,random_pool,0.8161860540986146
random_1505,risk_candidate,216,0.8796296296296297,0.7824274490941158,0.956041704642777,0.9978354978354979,0.961038961038961,0.5714285714285714,0.8148148148148148,0,1.0,0.0,0.3333333333333333,0.11815631462120343,0.1774393880622352,0.35523660935772366,Random candidate from RC-SPE pooling family.,random_pool,0.9255409315944886
random_1506,risk_candidate,216,0.8055555555555556,0.6006092672759339,0.9449531529009452,0.993025493025493,0.987012987012987,0.0,0.8148148148148148,4,1.0,0.0,0.3220338983050847,0.0940613634615384,0.2802203021359657,0.515051351685173,Random candidate from RC-SPE pooling family.,random_pool,0.8088939565671405
random_1507,risk_candidate,216,0.8194444444444444,0.6162898829565496,0.9483749706654011,0.9937469937469937,0.961038961038961,0.6285714285714286,0.25925925925925924,6,1.0,0.0,0.3450224040522112,0.08977692696685163,0.2216409324979128,0.4283309161223808,Random candidate from RC-SPE pooling family.,random_pool,0.7318243177611309
random_1508,risk_candidate,216,0.7824074074074074,0.5185185185185185,0.9555427384115962,0.9990379990379991,1.0,0.0,0.5555555555555556,12,1.0,0.0,0.3333333333333333,0.11750899325632162,0.2830601819466048,0.47314168084821123,Random candidate from RC-SPE pooling family.,random_pool,0.6874019045701062
random_1509,risk_candidate,216,0.8240740740740741,0.6313451980118647,0.9554555238363059,0.9983164983164983,0.9935064935064936,0.08571428571428572,0.8148148148148148,4,1.0,0.0,0.3333333333333333,0.07255790580701449,0.22190125954797715,0.38486989661497023,Random candidate from RC-SPE pooling family.,random_pool,0.7825635805307083
random_1510,risk_candidate,216,0.7268518518518519,0.3703703703703704,0.9512391053231246,0.9992784992784993,1.0,0.0,0.1111111111111111,24,1.0,0.0,0.3333333333333333,0.1836976487203982,0.30489096400326293,0.4959931477328713,Random candidate from RC-SPE pooling family.,random_pool,1.2309255481492831
random_1511,risk_candidate,216,0.7916666666666666,0.6597402597402597,0.9058867949734877,0.9908609908609909,0.922077922077922,0.05714285714285714,1.0,0,0.2736660929432014,0.7263339070567987,0.3297380585516179,0.3210051209430824,0.45591635294066524,0.7942328784938439,Random candidate from RC-SPE pooling family.,random_pool,1.6661750887192723
random_1512,risk_candidate,216,0.8425925925925926,0.6796216129549464,0.9512658339749525,0.9961519961519961,0.987012987012987,0.2,0.8518518518518519,3,1.0,0.0,0.3333333333333333,0.06984220103154083,0.20298466442303661,0.3686122845765909,Random candidate from RC-SPE pooling family.,random_pool,0.8106548252371294
random_1513,risk_candidate,216,0.7175925925925926,0.345679012345679,0.9496147704103417,0.9968734968734969,1.0,0.0,0.037037037037037035,26,1.0,0.0,0.3333333333333333,0.21065365685509566,0.32281464695658857,0.5373059620897968,Random candidate from RC-SPE pooling family.,random_pool,1.571996670630664
random_1514,risk_candidate,216,0.8055555555555556,0.6107904441237775,0.9428102542240117,0.9896584896584897,0.9805194805194806,0.0,0.8518518518518519,3,1.0,0.0,0.3163841807909605,0.11568488028587344,0.26054168867192806,0.49500731938840936,Random candidate from RC-SPE pooling family.,random_pool,0.9948293133210221
random_1515,risk_candidate,216,0.9120370370370371,0.8389129389129389,0.9520992954109341,0.9987974987974988,0.9675324675324676,0.7714285714285715,0.7777777777777778,0,1.0,0.0,0.39119423339177867,0.1539860878999485,0.1862723089973507,0.37919530284778763,Random candidate from RC-SPE pooling family.,random_pool,0.8748668095774678
random_1516,risk_candidate,216,0.7361111111111112,0.3922398589065255,0.9268310771672774,0.9783549783549783,1.0,0.02857142857142857,0.14814814814814814,20,1.0,0.0,0.3220338983050847,0.19794425114003056,0.4188961363786477,0.7208466412836048,Random candidate from RC-SPE pooling family.,random_pool,0.8512834731557635
random_1517,risk_candidate,216,0.7685185185185185,0.49902196568863233,0.945305663597335,0.9920634920634921,0.987012987012987,0.02857142857142857,0.48148148148148145,13,1.0,0.0,0.3333333333333333,0.12807819348088645,0.2674299562371807,0.4471381473841859,Random candidate from RC-SPE pooling family.,random_pool,0.9228705571005286
random_1518,risk_candidate,216,0.7314814814814815,0.38271604938271603,0.9407514581622539,0.9903799903799904,1.0,0.0,0.14814814814814814,23,1.0,0.0,0.3333333333333333,0.19074406661590132,0.3498471184584557,0.5774610953907766,Random candidate from RC-SPE pooling family.,random_pool,1.5375091607495623
random_1519,risk_candidate,216,0.7268518518518519,0.3907327240660574,0.9252861653672672,0.9788359788359788,0.987012987012987,0.0,0.18518518518518517,20,1.0,0.0,0.3276836158192091,0.21977914686621572,0.4353238896183569,0.8321393762963306,Random candidate from RC-SPE pooling family.,random_pool,0.593163604334021
random_1520,risk_candidate,216,0.8611111111111112,0.6996793330126664,0.9536331041347642,0.9971139971139971,0.9805194805194806,0.6,0.5185185185185185,3,1.0,0.0,0.3333333333333333,0.0466326738527795,0.1956896031038049,0.36767734255934625,Random candidate from RC-SPE pooling family.,random_pool,0.6137551506767476
random_1521,risk_candidate,216,0.7824074074074074,0.48919352252685594,0.9543777526029099,0.9985569985569985,0.9935064935064936,0.4,0.07407407407407407,21,1.0,0.0,0.3333333333333333,0.1471854885313056,0.25244776087770615,0.4691135394688579,Random candidate from RC-SPE pooling family.,random_pool,1.3850765810795016
random_1522,risk_candidate,216,0.7592592592592593,0.4567901234567901,0.9527293067593096,0.9983164983164983,1.0,0.0,0.37037037037037035,17,1.0,0.0,0.3333333333333333,0.1477974673923169,0.30075527597365825,0.4939852130777639,Random candidate from RC-SPE pooling family.,random_pool,1.162649954523131
random_1523,risk_candidate,216,0.8333333333333334,0.6324675324675325,0.9546487502536136,0.9973544973544973,0.9545454545454546,0.9428571428571428,0.0,0,0.9913941480206541,0.008605851979345935,0.3970387687512176,0.2718210896196007,0.40575227934897395,0.7067466104960153,Random candidate from RC-SPE pooling family.,random_pool,2.0682258658494064
random_1524,risk_candidate,216,0.8425925925925926,0.6637966971300304,0.9540235332362129,0.9985569985569985,0.9935064935064936,0.2571428571428571,0.7407407407407407,6,1.0,0.0,0.3333333333333333,0.2489322453990055,0.2978278866562455,0.5711891453093576,Random candidate from RC-SPE pooling family.,random_pool,2.156808898717152
random_1525,risk_candidate,216,0.7361111111111112,0.4024210357543691,0.9349263212103179,0.9860509860509861,0.9935064935064936,0.02857142857142857,0.18518518518518517,20,1.0,0.0,0.3333333333333333,0.18404550930434646,0.3794045809900857,0.6387207914260989,Random candidate from RC-SPE pooling family.,random_pool,0.7134388171345593
random_1526,risk_candidate,216,0.8981481481481481,0.8165945165945167,0.9515925304676897,0.9980759980759981,0.9545454545454546,0.8285714285714286,0.6666666666666666,0,0.9793459552495697,0.02065404475043031,0.3670368205727645,0.16642077912015762,0.2148111248157439,0.42250532956063513,Random candidate from RC-SPE pooling family.,random_pool,0.7682901917217523
random_1527,risk_candidate,216,0.7361111111111112,0.5971941638608305,0.9475362324596963,0.9935064935064936,0.8116883116883117,0.9428571428571428,0.037037037037037035,0,0.06884681583476764,0.9311531841652324,0.3389830508474576,0.1655773400433715,0.4549211904746052,0.7196461612021269,Random candidate from RC-SPE pooling family.,random_pool,1.0196244463312556
random_1528,risk_candidate,216,0.6898148148148148,0.5974025974025974,0.917371505497893,1.0,0.7922077922077922,0.0,1.0,0,1.0,0.0,0.3276836158192091,0.15955330139242682,0.4744588981279896,0.8010488810900774,Random candidate from RC-SPE pooling family.,random_pool,1.628050160804874
random_1529,risk_candidate,216,0.8287037037037037,0.6510501843835177,0.9488761089557366,0.9985569985569985,0.987012987012987,0.11428571428571428,0.8518518518518519,3,1.0,0.0,0.3333333333333333,0.07932663926556083,0.20986342319921364,0.376028601515614,Random candidate from RC-SPE pooling family.,random_pool,0.7179709497505087
random_1530,risk_candidate,216,0.7407407407407407,0.40740740740740744,0.9427360402538129,0.98989898989899,1.0,0.0,0.2222222222222222,21,1.0,0.0,0.3333333333333333,0.20249320539422455,0.3188121954580338,0.5725522113004062,Random candidate from RC-SPE pooling family.,random_pool,1.8062029713698038
random_1531,risk_candidate,216,0.8564814814814815,0.695799262465929,0.9528946777347734,0.9959114959114959,0.9805194805194806,0.5142857142857142,0.5925925925925926,3,1.0,0.0,0.3391778686927723,0.22346538117688203,0.2712898910571993,0.522017849922082,Random candidate from RC-SPE pooling family.,random_pool,1.6187809668666595
random_1532,risk_candidate,216,0.7268518518518519,0.3907327240660574,0.9195696272455769,0.9725829725829725,0.987012987012987,0.0,0.18518518518518517,22,1.0,0.0,0.3276836158192091,0.17761850407175306,0.354780051394057,0.6468920946522313,Random candidate from RC-SPE pooling family.,random_pool,1.9575455046643904
random_1533,risk_candidate,216,0.7361111111111112,0.4154240820907487,0.9377119917061302,0.987012987012987,0.987012987012987,0.0,0.25925925925925924,18,1.0,0.0,0.3276836158192091,0.19705161955755265,0.3022193316490625,0.5398811760341921,Random candidate from RC-SPE pooling family.,random_pool,1.5456728427517403
random_1534,risk_candidate,216,0.8287037037037037,0.6510501843835177,0.952012176614314,0.9963924963924964,0.987012987012987,0.11428571428571428,0.8518518518518519,3,1.0,0.0,0.3333333333333333,0.08067326327862251,0.21594987071774824,0.3738986481285313,Random candidate from RC-SPE pooling family.,random_pool,0.6657598219561723
random_1535,risk_candidate,216,0.7962962962962963,0.5375180375180375,0.948560824623827,0.9956709956709957,0.9935064935064936,0.2857142857142857,0.3333333333333333,15,1.0,0.0,0.3333333333333333,0.07784377925154846,0.24226232447928572,0.4208501633601652,Random candidate from RC-SPE pooling family.,random_pool,0.6728447469720684
random_1536,risk_candidate,216,0.8194444444444444,0.637646304312971,0.93034978167104,0.9968734968734969,0.987012987012987,0.0,0.9259259259259259,2,1.0,0.0,0.35233692860811505,0.24922717393141292,0.3310207346443115,0.6341615324704911,Random candidate from RC-SPE pooling family.,random_pool,2.008552475987312
random_1537,risk_candidate,216,0.8287037037037037,0.625765592432259,0.9512773446131862,0.9966329966329966,0.9545454545454546,0.8857142857142857,0.037037037037037035,0,0.9965576592082617,0.0034423407917383297,0.3855445158776544,0.2827432425659081,0.3514087644274371,0.6251409055794925,Random candidate from RC-SPE pooling family.,random_pool,1.7797451876685937
random_1538,risk_candidate,216,0.8796296296296297,0.7558120891454224,0.9547685847156023,0.9983164983164983,0.987012987012987,0.42857142857142855,0.8518518518518519,2,1.0,0.0,0.3333333333333333,0.06777129192427854,0.1786818983061065,0.3309714551816998,Random candidate from RC-SPE pooling family.,random_pool,0.7953999926486434
random_1539,risk_candidate,216,0.8240740740740741,0.6257014590347924,0.9567421386076762,0.9990379990379991,0.9935064935064936,0.14285714285714285,0.7407407407407407,6,1.0,0.0,0.3333333333333333,0.05355866686035113,0.20844314794325558,0.3611071179670925,Random candidate from RC-SPE pooling family.,random_pool,0.7581266324332663
random_1540,risk_candidate,216,0.8981481481481481,0.808128908128908,0.9540022487815735,0.9959114959114959,0.9545454545454546,0.9142857142857143,0.5555555555555556,0,0.9707401032702238,0.029259896729776247,0.3609974673680109,0.0872231337582094,0.19043115202054212,0.3827262950155869,Random candidate from RC-SPE pooling family.,random_pool,0.6844235228805576
random_1541,risk_candidate,216,0.8194444444444444,0.6067179733846401,0.9481091921055529,0.9923039923039924,0.9545454545454546,0.8285714285714286,0.037037037037037035,0,0.9810671256454389,0.018932874354561147,0.3970387687512176,0.153991715903542,0.2687619120329238,0.5115609485294597,Random candidate from RC-SPE pooling family.,random_pool,1.0196345036140892
random_1542,risk_candidate,216,0.7407407407407407,0.42212602212602207,0.9315773441298479,0.9814814814814815,0.987012987012987,0.05714285714285714,0.2222222222222222,18,1.0,0.0,0.3163841807909605,0.18012383965555934,0.36258996762150597,0.5971635877501847,Random candidate from RC-SPE pooling family.,random_pool,0.5938455500846103
random_1543,risk_candidate,216,0.8240740740740741,0.6144139810806477,0.9529688844554266,0.9973544973544973,0.9935064935064936,0.2571428571428571,0.5925925925925926,10,1.0,0.0,0.3333333333333333,0.08323887134749422,0.2360083948066793,0.41002026982098416,Random candidate from RC-SPE pooling family.,random_pool,0.5591504630821288
random_1544,risk_candidate,216,0.8148148148148148,0.6253006253006252,0.9413533158203569,0.9966329966329966,0.987012987012987,0.0,0.8888888888888888,3,1.0,0.0,0.3276836158192091,0.12782503993944028,0.265055752501226,0.5172590004284096,Random candidate from RC-SPE pooling family.,random_pool,1.1794364490293652
random_1545,risk_candidate,216,0.8842592592592593,0.7999198332531666,0.9527618281686019,0.9983164983164983,0.9415584415584416,0.8285714285714286,0.6296296296296297,0,0.6867469879518072,0.3132530120481928,0.3444379505162673,0.15734210977793814,0.21866332068454047,0.4260193369987451,Random candidate from RC-SPE pooling family.,random_pool,0.6755916143265507
random_1546,risk_candidate,216,0.9166666666666666,0.8540804874138207,0.9524598208241009,0.9995189995189995,0.9675324675324676,0.7428571428571429,0.8518518518518519,0,1.0,0.0,0.3333333333333333,0.1449132658090095,0.1722476939129523,0.3612149888510447,Random candidate from RC-SPE pooling family.,random_pool,0.9662394628446137
random_1547,risk_candidate,216,0.8379629629629629,0.6843193843193843,0.9401673836398615,0.9894179894179894,0.9545454545454546,0.5428571428571428,0.5555555555555556,2,1.0,0.0,0.3970387687512176,0.044464358201211876,0.2161189655575582,0.39746912897939296,Random candidate from RC-SPE pooling family.,random_pool,0.6026259035812771
random_1548,risk_candidate,216,0.875,0.7462882796216129,0.9558203348422517,0.9985569985569985,0.987012987012987,0.4,0.8518518518518519,0,1.0,0.0,0.3333333333333333,0.03363617212145717,0.16930830526166213,0.31255818534042107,Random candidate from RC-SPE pooling family.,random_pool,0.6806762420274332
random_1549,risk_candidate,216,0.7407407407407407,0.4045855379188712,0.9475071624691749,0.9963924963924964,1.0,0.02857142857142857,0.18518518518518517,21,1.0,0.0,0.3333333333333333,0.18208580650929043,0.36313106565994635,0.6006078693524172,Random candidate from RC-SPE pooling family.,random_pool,0.6268942378698916
random_1550,risk_candidate,216,0.7129629629629629,0.3333333333333333,0.9535089577805494,0.9997594997594997,1.0,0.0,0.0,27,1.0,0.0,0.3333333333333333,0.23340569545078926,0.37867130417888534,0.6209224765851674,Random candidate from RC-SPE pooling family.,random_pool,2.221226774786872
random_1551,risk_candidate,216,0.7407407407407407,0.40912297578964246,0.9377745053328289,0.9841269841269841,0.9935064935064936,0.08571428571428572,0.14814814814814814,20,1.0,0.0,0.3333333333333333,0.19397907959500413,0.30444755363799203,0.5429299839980163,Random candidate from RC-SPE pooling family.,random_pool,1.566247725196428
random_1552,risk_candidate,216,0.75,0.43209876543209874,0.9543952647537758,0.9990379990379991,1.0,0.0,0.2962962962962963,19,1.0,0.0,0.3333333333333333,0.159987434080414,0.2707547855658972,0.45677627429285755,Random candidate from RC-SPE pooling family.,random_pool,1.3117492276596936
random_1553,risk_candidate,216,0.7592592592592593,0.47715247715247716,0.9407070802531878,0.9874939874939875,0.987012987012987,0.0,0.4444444444444444,14,1.0,0.0,0.3276836158192091,0.14700840851376926,0.31855241021072445,0.5758295825822707,Random candidate from RC-SPE pooling family.,random_pool,1.1790453346764578
random_1554,risk_candidate,216,0.75,0.43209876543209874,0.9544820835673681,0.9990379990379991,1.0,0.0,0.2962962962962963,19,1.0,0.0,0.3333333333333333,0.14151403008667443,0.29903880091057694,0.47774324561997644,Random candidate from RC-SPE pooling family.,random_pool,0.9059646056558581
random_1555,risk_candidate,216,0.5972222222222222,0.542440275773609,0.9394149437091981,0.9920634920634921,0.6103896103896104,0.9428571428571428,0.07407407407407407,0,0.07401032702237521,0.9259896729776248,0.3389830508474576,0.09421145142769781,0.5039358616387474,0.7746084237398502,Random candidate from RC-SPE pooling family.,random_pool,1.0768003692153167
random_1556,risk_candidate,216,0.16203703703703703,0.3333333333333333,0.9481014459923833,0.9990379990379991,0.0,1.0,0.0,0,0.0,1.0,0.3333333333333333,0.48996246482762623,0.7143422576229804,0.9994449780244421,Random candidate from RC-SPE pooling family.,random_pool,1.2269766845633858
random_1557,risk_candidate,216,0.7361111111111112,0.3922398589065255,0.9219952606936067,0.9766714766714767,1.0,0.02857142857142857,0.14814814814814814,20,1.0,0.0,0.3333333333333333,0.19836530895420787,0.4352983524451284,0.7758248838379695,Random candidate from RC-SPE pooling family.,random_pool,0.8188090803284227
random_1558,risk_candidate,216,0.8009259259259259,0.5526855860189194,0.9441124519204173,0.9920634920634921,0.9935064935064936,0.2571428571428571,0.4074074074074074,13,1.0,0.0,0.3333333333333333,0.10163682374164576,0.2612491505449357,0.4553511246844024,Random candidate from RC-SPE pooling family.,random_pool,0.5914590219999797
random_1559,risk_candidate,216,0.7824074074074074,0.5258778258778259,0.9511666118235885,0.993987493987494,0.9935064935064936,0.02857142857142857,0.5555555555555556,11,1.0,0.0,0.3333333333333333,0.16405667025800807,0.2611536564052059,0.4925763033825899,Random candidate from RC-SPE pooling family.,random_pool,1.5802694601115876
random_1560,risk_candidate,216,0.9074074074074074,0.8571107904441236,0.9343874247457596,1.0,0.948051948051948,0.7714285714285715,0.8518518518518519,0,0.9982788296041308,0.0017211703958691649,0.38086888759010323,0.310771381870805,0.3254761099154323,0.5974321959641996,Random candidate from RC-SPE pooling family.,random_pool,1.1979113879882768
random_1561,risk_candidate,216,0.8796296296296297,0.7739618406285073,0.9517425922016992,0.9971139971139971,0.961038961038961,0.6571428571428571,0.7037037037037037,0,1.0,0.0,0.35651665692577444,0.11558680433929722,0.17941849991058484,0.35764834617800634,Random candidate from RC-SPE pooling family.,random_pool,0.7914479765156198
random_1562,risk_candidate,216,0.8981481481481481,0.8380631713965047,0.9274365233505238,0.9973544973544973,0.948051948051948,0.7142857142857143,0.8518518518518519,0,0.44922547332185886,0.5507745266781412,0.3101500097408923,0.2634493764983159,0.28030128227913886,0.5381000126015865,Random candidate from RC-SPE pooling family.,random_pool,1.0455685888541972
random_1563,risk_candidate,216,0.7962962962962963,0.6064614397947731,0.925855124904281,0.9836459836459837,0.9675324675324676,0.0,0.8518518518518519,3,1.0,0.0,0.3050847457627119,0.10040142057795154,0.2849029549779649,0.5085055837018334,Random candidate from RC-SPE pooling family.,random_pool,0.8122378643673124
random_1564,risk_candidate,216,0.8148148148148148,0.6224787558120891,0.9444609915061476,0.9920634920634921,0.987012987012987,0.02857142857142857,0.8518518518518519,3,1.0,0.0,0.3276836158192091,0.08664948407888937,0.23756054719735753,0.4203805189620579,Random candidate from RC-SPE pooling family.,random_pool,0.8700964270762277
random_1565,risk_candidate,216,0.8981481481481481,0.8380631713965047,0.9196042536689547,0.9980759980759981,0.948051948051948,0.7142857142857143,0.8518518518518519,0,0.20481927710843373,0.7951807228915663,0.27001753360607833,0.3689534343758653,0.3996486110020766,0.7114532077631402,Random candidate from RC-SPE pooling family.,random_pool,1.6237565358476922
random_1566,risk_candidate,216,0.8194444444444444,0.6246432579765914,0.9532843965924048,0.9980759980759981,0.9935064935064936,0.02857142857142857,0.8518518518518519,4,1.0,0.0,0.3333333333333333,0.08998111743154408,0.2440880200545226,0.4384246289710716,Random candidate from RC-SPE pooling family.,random_pool,0.9152528485508143
random_1567,risk_candidate,216,0.7407407407407407,0.4379509379509379,0.9233279751676156,0.9778739778739779,0.9805194805194806,0.0,0.3333333333333333,18,1.0,0.0,0.34668721109399075,0.14248633204435643,0.3633969874679754,0.7174586179030256,Random candidate from RC-SPE pooling family.,random_pool,1.1520805616304493
random_1568,risk_candidate,216,0.8009259259259259,0.5679012345679012,0.9545320041510285,0.9990379990379991,1.0,0.0,0.7037037037037037,8,1.0,0.0,0.3333333333333333,0.10030043103212131,0.24376531593779763,0.4217782558820844,Random candidate from RC-SPE pooling family.,random_pool,1.0595694856037385
random_1569,risk_candidate,216,0.7268518518518519,0.36926406926406924,0.9371209376703434,0.9867724867724867,0.9935064935064936,0.11428571428571428,0.0,22,1.0,0.0,0.3333333333333333,0.2471342117596839,0.3452123375153313,0.647395671540795,Random candidate from RC-SPE pooling family.,random_pool,1.9506983379538412
random_1570,risk_candidate,216,0.7268518518518519,0.3913419913419913,0.9175149855968617,0.9771524771524771,0.974025974025974,0.2,0.0,19,1.0,0.0,0.40268848626534187,0.2267685186972333,0.37187379102749135,0.691322316877419,Random candidate from RC-SPE pooling family.,random_pool,1.984608126779639
random_1571,risk_candidate,216,0.8287037037037037,0.6436908770242104,0.9532812964326459,0.9990379990379991,0.9935064935064936,0.08571428571428572,0.8518518518518519,3,1.0,0.0,0.3333333333333333,0.06422112232700769,0.21074197208495893,0.3666463731078065,Random candidate from RC-SPE pooling family.,random_pool,0.6459379752218366
random_1572,risk_candidate,216,0.8981481481481481,0.8267756934423601,0.9464039682430144,0.9985569985569985,0.948051948051948,0.8285714285714286,0.7037037037037037,0,0.43373493975903615,0.5662650602409638,0.3444379505162673,0.3096554658730146,0.33786774720783236,0.6070109691257787,Random candidate from RC-SPE pooling family.,random_pool,1.2370842631585373
random_1573,risk_candidate,216,0.8240740740740741,0.6415263748597082,0.9484150820315893,0.9973544973544973,0.987012987012987,0.08571428571428572,0.8518518518518519,3,1.0,0.0,0.3333333333333333,0.0777248805466016,0.2142989468584791,0.38946172391559436,Random candidate from RC-SPE pooling family.,random_pool,0.8729133667209797
random_1574,risk_candidate,216,0.8611111111111112,0.710357543690877,0.9540387440002615,0.9990379990379991,0.9935064935064936,0.2857142857142857,0.8518518518518519,3,1.0,0.0,0.3333333333333333,0.06756655801142054,0.1905391506182083,0.3515200052171478,Random candidate from RC-SPE pooling family.,random_pool,0.8707572817060092
random_1575,risk_candidate,216,0.7592592592592593,0.4387526054192721,0.9513960612693041,0.9961519961519961,0.9935064935064936,0.2857142857142857,0.037037037037037035,19,1.0,0.0,0.3333333333333333,0.1334323040365947,0.26578361812567664,0.49232878436235583,Random candidate from RC-SPE pooling family.,random_pool,0.950861712560909
random_1576,risk_candidate,216,0.875,0.7226070226070226,0.9532146769701528,0.9992784992784993,0.9805194805194806,0.7428571428571429,0.4444444444444444,3,1.0,0.0,0.3333333333333333,0.22513627069448794,0.270315803517308,0.519778942907831,Random candidate from RC-SPE pooling family.,random_pool,1.7378296771290127
random_1577,risk_candidate,216,0.8703703703703703,0.7633798300464968,0.9487897916307939,0.9961519961519961,0.961038961038961,0.5142857142857142,0.8148148148148148,1,1.0,0.0,0.3163841807909605,0.1510279775269066,0.20727119637144428,0.4218493207464113,Random candidate from RC-SPE pooling family.,random_pool,1.046019606927497
random_1578,risk_candidate,216,0.7129629629629629,0.3333333333333333,0.9262023352302368,0.9836459836459837,1.0,0.0,0.0,27,1.0,0.0,0.3333333333333333,0.19212183824789295,0.42256788254350464,0.7142054195018211,Random candidate from RC-SPE pooling family.,random_pool,1.8468543858655315
random_1579,risk_candidate,216,0.7361111111111112,0.3950617283950617,0.9464702391452317,0.9978354978354979,1.0,0.0,0.18518518518518517,22,1.0,0.0,0.3333333333333333,0.1805849136271926,0.34907858427046823,0.5944189698167774,Random candidate from RC-SPE pooling family.,random_pool,1.2444250558354197
random_1580,risk_candidate,216,0.8703703703703703,0.729405162738496,0.956935503095493,0.9990379990379991,0.9935064935064936,0.34285714285714286,0.8518518518518519,1,1.0,0.0,0.3333333333333333,0.0699282262420982,0.1752851744257164,0.3407062014542498,Random candidate from RC-SPE pooling family.,random_pool,0.8333468967495247
random_1581,risk_candidate,216,0.8101851851851852,0.6129549462882796,0.9489851502728546,0.9975949975949976,0.987012987012987,0.0,0.8518518518518519,3,1.0,0.0,0.3276836158192091,0.21373278143948343,0.28229653341788946,0.5563112454530503,Random candidate from RC-SPE pooling family.,random_pool,1.7522785754847048
random_1582,risk_candidate,216,0.9074074074074074,0.8276735610068945,0.9513362302920293,0.9995189995189995,0.974025974025974,0.6571428571428571,0.8518518518518519,0,1.0,0.0,0.3333333333333333,0.1215869065211708,0.16812634773042082,0.3445604731570778,Random candidate from RC-SPE pooling family.,random_pool,0.8708733378876606
random_1583,risk_candidate,216,0.8842592592592593,0.7999198332531666,0.9439695653317045,0.9980759980759981,0.9415584415584416,0.8285714285714286,0.6296296296296297,0,0.4354561101549053,0.5645438898450947,0.338788233002143,0.18693692825875763,0.24529202489649132,0.46093789035826627,Random candidate from RC-SPE pooling family.,random_pool,0.7159006336665336
random_1584,risk_candidate,216,0.8101851851851852,0.5701298701298702,0.9531657666133376,0.9956709956709957,0.9675324675324676,0.7428571428571429,0.0,2,1.0,0.0,0.3450224040522112,0.23284829875213164,0.3055588124517065,0.571873530124451,Random candidate from RC-SPE pooling family.,random_pool,1.577707972813118
random_1585,risk_candidate,216,0.7129629629629629,0.3333333333333333,0.9503050879251947,0.9963924963924964,1.0,0.0,0.0,27,1.0,0.0,0.3333333333333333,0.19270311486465005,0.36070522394463317,0.5714812762662946,Random candidate from RC-SPE pooling family.,random_pool,0.8241576154882917
random_1586,risk_candidate,216,0.5648148148148148,0.6115600448933782,0.940922850229415,0.9983164983164983,0.512987012987013,0.9142857142857143,0.4074074074074074,0,0.0017211703958691911,0.9982788296041308,0.3333333333333333,0.09069804234691795,0.5060636632043404,0.7932250301809584,Random candidate from RC-SPE pooling family.,random_pool,1.6161825377270305
random_1587,risk_candidate,216,0.8148148148148148,0.6049382716049383,0.9547876925602777,0.9992784992784993,1.0,0.0,0.8148148148148148,5,1.0,0.0,0.3333333333333333,0.17952576614203355,0.2675721067963634,0.5255762969466041,Random candidate from RC-SPE pooling family.,random_pool,1.970249226931341
random_1588,risk_candidate,216,0.8009259259259259,0.5752605419272087,0.9546276437038851,0.9983164983164983,0.9935064935064936,0.02857142857142857,0.7037037037037037,8,1.0,0.0,0.3333333333333333,0.09310300484450892,0.23947720724942675,0.41447848104208085,Random candidate from RC-SPE pooling family.,random_pool,0.9618432240062301
random_1589,risk_candidate,216,0.7314814814814815,0.38271604938271603,0.933404608591686,0.9877344877344877,1.0,0.0,0.14814814814814814,23,1.0,0.0,0.3333333333333333,0.19680655956481982,0.4121562463904064,0.6871949203160449,Random candidate from RC-SPE pooling family.,random_pool,1.1593407075223947
random_1590,risk_candidate,216,0.7129629629629629,0.3333333333333333,0.9399954624616939,0.9954304954304954,1.0,0.0,0.0,27,1.0,0.0,0.3333333333333333,0.2150819168841364,0.3989129744315598,0.6436579098979927,Random candidate from RC-SPE pooling family.,random_pool,1.5005234842062507
random_1591,risk_candidate,216,0.8333333333333334,0.6735770402437069,0.9477130215226239,0.9966329966329966,0.9805194805194806,0.11428571428571428,0.9259259259259259,1,1.0,0.0,0.3276836158192091,0.22627791710028047,0.297589805916995,0.5818987164962158,Random candidate from RC-SPE pooling family.,random_pool,1.9093085640003948
random_1592,risk_candidate,216,0.8472222222222222,0.736235369568703,0.9420020628524207,0.9920634920634921,0.9155844155844156,0.8857142857142857,0.4074074074074074,0,0.27538726333907054,0.7246127366609294,0.3446327683615819,0.2772729034797993,0.3851384592975283,0.6586182094562795,Random candidate from RC-SPE pooling family.,random_pool,1.289971584285401
random_1593,risk_candidate,216,0.7453703703703703,0.40735930735930737,0.9509496142928927,0.9956709956709957,0.9935064935064936,0.22857142857142856,0.0,22,1.0,0.0,0.3333333333333333,0.2364762263245563,0.3167258004784271,0.5923422411832924,Random candidate from RC-SPE pooling family.,random_pool,1.8073905488828137
random_1594,risk_candidate,216,0.8703703703703703,0.7633798300464968,0.9531773566790762,0.9978354978354979,0.961038961038961,0.5142857142857142,0.8148148148148148,1,1.0,0.0,0.3391778686927723,0.16381562851761194,0.2193535055394839,0.44003063242924234,Random candidate from RC-SPE pooling family.,random_pool,1.2512157110376017
random_1595,risk_candidate,216,0.8194444444444444,0.6172839506172839,0.9460671553002314,0.9990379990379991,1.0,0.0,0.8518518518518519,4,1.0,0.0,0.3333333333333333,0.19810775397975236,0.31025568108239054,0.6381943997481777,Random candidate from RC-SPE pooling family.,random_pool,2.0138819462502493
random_1596,risk_candidate,216,0.8148148148148148,0.6253006253006252,0.9361623872804512,0.9937469937469937,0.987012987012987,0.0,0.8888888888888888,3,1.0,0.0,0.3276836158192091,0.17118177887419836,0.3117578650592069,0.610489570332705,Random candidate from RC-SPE pooling family.,random_pool,1.9174923774820394
random_1597,risk_candidate,216,0.7638888888888888,0.46913580246913583,0.9571255586683834,0.9990379990379991,1.0,0.0,0.4074074074074074,16,1.0,0.0,0.3333333333333333,0.14540676358990687,0.3022032383365267,0.5155927017147525,Random candidate from RC-SPE pooling family.,random_pool,1.1936480185291827
random_1598,risk_candidate,216,0.2175925925925926,0.4134199134199134,0.8972546032707841,1.0,0.09740259740259741,0.14285714285714285,1.0,0,0.0,1.0,0.3333333333333333,0.25825526291929807,0.6074539877733143,0.9908684343324594,Random candidate from RC-SPE pooling family.,random_pool,2.232872315506324
random_1599,risk_candidate,216,0.8333333333333334,0.7233766233766233,0.9188079110184278,0.9944684944684945,0.9415584415584416,0.22857142857142856,1.0,0,0.9965576592082617,0.0034423407917383297,0.359527478171546,0.2342058844816047,0.34971718591994727,0.6506455528723578,Random candidate from RC-SPE pooling family.,random_pool,1.4242967130907433
Full RC-SPE,risk_highlight,216,0.9027777777777778,0.8328683662016996,0.9370749291955652,0.9995189995189995,0.961038961038961,0.6857142857142857,0.8518518518518519,0,1.0,0.0,0.3335281511786479,0.077795186766807,0.1601451789605104,0.3199962481390627,Named candidate.,highlight,0.6723763750332673
MCI-rescue profile,risk_highlight,216,0.8981481481481481,0.8109507776174443,0.9515422186731409,0.9980759980759981,0.9545454545454546,0.8857142857142857,0.5925925925925926,0,0.9586919104991394,0.04130808950086062,0.3670368205727645,0.15550067491124508,0.215786774067885,0.4206689091434367,Named candidate.,highlight,
AD-rescue profile,risk_highlight,216,0.8472222222222222,0.6976110309443643,0.9298323751883889,0.9990379990379991,0.987012987012987,0.14285714285714285,0.9629629629629629,0,1.0,0.0,0.3276836158192091,0.2929888975239156,0.31469437169945463,0.6096579715706066,Named candidate.,highlight,
Equal log-pooling,risk_highlight,216,0.8333333333333334,0.6475709475709476,0.9535992102859213,0.9973544973544973,0.9935064935064936,0.17142857142857143,0.7777777777777778,5,1.0,0.0,0.3333333333333333,0.09421556011130958,0.21570847693569128,0.39990333004069595,Named candidate.,highlight,
