run_key,true,pred,cas,hitk,cos_to_cn,cos_to_mci,cos_to_ad
Ours (Atlas+AnatDist)__seed153__fold0,0,0,0.273910,0.200000,0.960199,0.962297,0.966060
Ours (Atlas+AnatDist)__seed153__fold0,0,1,0.253745,0.200000,0.961842,0.959985,0.926518
Ours (Atlas+AnatDist)__seed153__fold0,1,2,0.371055,0.400000,0.783921,0.787437,0.828022
Ours (Atlas+AnatDist)__seed153__fold0,1,1,0.263356,0.000000,0.987419,0.987915,0.976375
Ours (Atlas+AnatDist)__seed153__fold0,1,1,0.267502,0.000000,0.972392,0.973248,0.968892
Ours (Atlas+AnatDist)__seed153__fold0,0,1,0.289577,0.400000,0.985948,0.987762,0.994446
Ours (Atlas+AnatDist)__seed153__fold0,1,0,0.259576,0.200000,0.957722,0.958836,0.954521
Ours (Atlas+AnatDist)__seed153__fold0,1,1,0.258495,0.200000,0.962709,0.961325,0.923560
Ours (Atlas+AnatDist)__seed153__fold0,0,0,0.275399,0.400000,0.974625,0.974367,0.955967
Ours (Atlas+AnatDist)__seed153__fold0,2,2,0.439906,0.400000,0.642165,0.646694,0.693591
Ours (Atlas+AnatDist)__seed153__fold0,2,0,0.265885,0.200000,0.950353,0.952229,0.954630
Ours (Atlas+AnatDist)__seed153__fold0,1,1,0.279869,0.400000,0.990992,0.992481,0.993831
Ours (Atlas+AnatDist)__seed153__fold0,1,1,0.274222,0.000000,0.993660,0.994539,0.989080
Ours (Atlas+AnatDist)__seed153__fold0,2,1,0.288298,0.400000,0.987091,0.988636,0.990726
Ours (Atlas+AnatDist)__seed153__fold0,2,1,0.274340,0.200000,0.991692,0.992671,0.984183
Ours (Atlas+AnatDist)__seed153__fold0,2,1,0.292559,0.400000,0.977927,0.979790,0.987632
Ours (Atlas+AnatDist)__seed153__fold0,1,1,0.265310,0.200000,0.982687,0.982711,0.966947
Ours (Atlas+AnatDist)__seed153__fold0,1,0,0.306055,0.200000,0.979222,0.981205,0.985227
Ours (Atlas+AnatDist)__seed153__fold0,1,2,0.395143,0.400000,0.762234,0.765600,0.807119
Ours (Atlas+AnatDist)__seed153__fold0,2,1,0.272979,0.200000,0.993219,0.993985,0.985408
Ours (Atlas+AnatDist)__seed153__fold0,1,1,0.272268,0.200000,0.987660,0.987903,0.971833
Ours (Atlas+AnatDist)__seed153__fold0,1,1,0.271560,0.200000,0.989922,0.990319,0.978425
Ours (Atlas+AnatDist)__seed153__fold0,0,1,0.281222,0.200000,0.989879,0.991623,0.994917
Ours (Atlas+AnatDist)__seed153__fold0,0,0,0.263601,0.200000,0.960578,0.961446,0.954933
Ours (Atlas+AnatDist)__seed153__fold0,2,2,0.398030,0.400000,0.705175,0.709660,0.755674
Ours (Atlas+AnatDist)__seed153__fold0,1,1,0.256630,0.200000,0.968098,0.967602,0.943215
Ours (Atlas+AnatDist)__seed153__fold0,1,1,0.281262,0.400000,0.991423,0.992614,0.991205
Ours (Atlas+AnatDist)__seed153__fold0,0,0,0.270004,0.200000,0.970200,0.971930,0.966869
Ours (Atlas+AnatDist)__seed153__fold0,1,1,0.245797,0.000000,0.971493,0.970455,0.941807
Ours (Atlas+AnatDist)__seed153__fold0,0,1,0.296935,0.400000,0.956605,0.959405,0.977724
Ours (Atlas+AnatDist)__seed153__fold0,1,1,0.281564,0.200000,0.981998,0.984100,0.991388
Ours (Atlas+AnatDist)__seed153__fold0,0,1,0.249100,0.200000,0.939283,0.939448,0.918335
Ours (Atlas+AnatDist)__seed153__fold0,0,0,0.270436,0.400000,0.972107,0.974190,0.970266
Ours (Atlas+AnatDist)__seed153__fold0,2,2,0.283689,0.400000,0.876722,0.877886,0.886247
Ours (Atlas+AnatDist)__seed153__fold0,0,0,0.278871,0.400000,0.963419,0.964879,0.963349
Ours (Atlas+AnatDist)__seed153__fold0,1,1,0.264229,0.200000,0.972369,0.972110,0.946805
Ours (Atlas+AnatDist)__seed153__fold0,1,2,0.323710,0.400000,0.820291,0.824686,0.863353
Ours (Atlas+AnatDist)__seed153__fold0,1,1,0.280607,0.000000,0.993189,0.993598,0.984258
Ours (Atlas+AnatDist)__seed153__fold0,0,0,0.265115,0.400000,0.963908,0.963338,0.943767
Ours (Atlas+AnatDist)__seed153__fold0,0,0,0.273375,0.400000,0.937859,0.938648,0.936367
Ours (Atlas+AnatDist)__seed153__fold0,0,1,0.306443,0.400000,0.980676,0.982574,0.988168
Ours (Atlas+AnatDist)__seed153__fold0,1,1,0.290409,0.200000,0.920799,0.924314,0.948511
Ours (Atlas+AnatDist)__seed153__fold0,1,1,0.262036,0.200000,0.965159,0.965241,0.945530
Ours (Atlas+AnatDist)__seed153__fold0,1,0,0.252543,0.000000,0.960408,0.960384,0.943583
Ours (Atlas+AnatDist)__seed153__fold0,0,0,0.280514,0.200000,0.962035,0.965276,0.970877
Ours (Atlas+AnatDist)__seed153__fold0,2,1,0.267097,0.200000,0.988600,0.988484,0.971092
Ours (Atlas+AnatDist)__seed153__fold0,1,1,0.259576,0.200000,0.962439,0.961759,0.932241
Ours (Atlas+AnatDist)__seed153__fold0,1,1,0.290759,0.400000,0.975000,0.977082,0.987155
Ours (Atlas+AnatDist)__seed153__fold0,1,1,0.283163,0.200000,0.988013,0.989613,0.988406
Ours (Atlas+AnatDist)__seed153__fold0,0,0,0.273709,0.400000,0.974869,0.975372,0.963045
Ours (Atlas+AnatDist)__seed153__fold1,1,0,0.276912,0.200000,0.991702,0.993400,0.991200
Ours (Atlas+AnatDist)__seed153__fold1,0,0,0.263679,0.200000,0.983538,0.984081,0.967317
Ours (Atlas+AnatDist)__seed153__fold1,0,2,0.276399,0.000000,0.988807,0.990924,0.996435
Ours (Atlas+AnatDist)__seed153__fold1,1,0,0.271224,0.200000,0.978269,0.978836,0.963983
Ours (Atlas+AnatDist)__seed153__fold1,0,0,0.265315,0.200000,0.981929,0.983134,0.970593
Ours (Atlas+AnatDist)__seed153__fold1,0,0,0.273821,0.200000,0.986445,0.987167,0.974500
Ours (Atlas+AnatDist)__seed153__fold1,2,2,0.289556,0.400000,0.987410,0.989232,0.996857
Ours (Atlas+AnatDist)__seed153__fold1,0,0,0.268985,0.200000,0.984215,0.984978,0.971453
Ours (Atlas+AnatDist)__seed153__fold1,2,1,0.281399,0.200000,0.992018,0.993887,0.994292
Ours (Atlas+AnatDist)__seed153__fold1,1,1,0.282715,0.200000,0.987095,0.989024,0.988618
Ours (Atlas+AnatDist)__seed153__fold1,0,0,0.279317,0.200000,0.982911,0.984170,0.978733
Ours (Atlas+AnatDist)__seed153__fold1,1,1,0.271745,0.200000,0.986062,0.987714,0.980071
Ours (Atlas+AnatDist)__seed153__fold1,1,1,0.271428,0.000000,0.988521,0.989866,0.982345
Ours (Atlas+AnatDist)__seed153__fold1,1,1,0.281615,0.200000,0.992843,0.994347,0.990635
Ours (Atlas+AnatDist)__seed153__fold1,2,2,0.283945,0.400000,0.988116,0.990051,0.997224
Ours (Atlas+AnatDist)__seed153__fold1,1,1,0.275872,0.200000,0.988791,0.990212,0.981646
Ours (Atlas+AnatDist)__seed153__fold1,1,1,0.266937,0.000000,0.985586,0.986988,0.978075
Ours (Atlas+AnatDist)__seed153__fold1,2,2,0.278066,0.000000,0.990103,0.992244,0.997041
Ours (Atlas+AnatDist)__seed153__fold1,1,0,0.269586,0.200000,0.987949,0.988972,0.978388
Ours (Atlas+AnatDist)__seed153__fold1,0,0,0.262935,0.200000,0.983722,0.984771,0.972065
Ours (Atlas+AnatDist)__seed153__fold1,1,1,0.277474,0.200000,0.992538,0.994227,0.992857
Ours (Atlas+AnatDist)__seed153__fold1,0,0,0.270835,0.200000,0.981032,0.982167,0.972105
Ours (Atlas+AnatDist)__seed153__fold1,1,1,0.286721,0.400000,0.984064,0.986456,0.991670
Ours (Atlas+AnatDist)__seed153__fold1,1,0,0.265030,0.200000,0.978715,0.979419,0.963903
Ours (Atlas+AnatDist)__seed153__fold1,1,2,0.283632,0.400000,0.989910,0.991996,0.997926
Ours (Atlas+AnatDist)__seed153__fold1,1,1,0.270782,0.200000,0.990122,0.991179,0.980875
Ours (Atlas+AnatDist)__seed153__fold1,1,2,0.279052,0.000000,0.990770,0.992881,0.997130
Ours (Atlas+AnatDist)__seed153__fold1,1,2,0.282913,0.200000,0.989987,0.992103,0.997759
Ours (Atlas+AnatDist)__seed153__fold1,2,2,0.285006,0.400000,0.988639,0.990787,0.997679
Ours (Atlas+AnatDist)__seed153__fold1,1,2,0.283112,0.200000,0.990310,0.992471,0.997081
Ours (Atlas+AnatDist)__seed153__fold1,1,1,0.280184,0.200000,0.991885,0.993792,0.994259
Ours (Atlas+AnatDist)__seed153__fold1,0,2,0.279731,0.200000,0.989908,0.991997,0.997224
Ours (Atlas+AnatDist)__seed153__fold1,0,0,0.261049,0.200000,0.975374,0.976076,0.960347
Ours (Atlas+AnatDist)__seed153__fold1,2,2,0.282773,0.200000,0.989644,0.991829,0.997751
Ours (Atlas+AnatDist)__seed153__fold1,0,0,0.286735,0.200000,0.986389,0.988234,0.989820
Ours (Atlas+AnatDist)__seed153__fold1,2,1,0.269647,0.200000,0.992688,0.993780,0.984150
Ours (Atlas+AnatDist)__seed153__fold1,0,1,0.276974,0.200000,0.990657,0.992577,0.994581
Ours (Atlas+AnatDist)__seed153__fold1,1,0,0.275316,0.200000,0.987136,0.988427,0.981665
Ours (Atlas+AnatDist)__seed153__fold1,0,0,0.277986,0.200000,0.990259,0.992211,0.993762
Ours (Atlas+AnatDist)__seed153__fold1,1,2,0.280955,0.200000,0.990428,0.992362,0.996287
Ours (Atlas+AnatDist)__seed153__fold1,2,2,0.290379,0.400000,0.982213,0.984228,0.995033
Ours (Atlas+AnatDist)__seed153__fold1,0,0,0.269445,0.200000,0.983292,0.984744,0.976719
Ours (Atlas+AnatDist)__seed153__fold1,1,0,0.270841,0.200000,0.983592,0.984677,0.973168
Ours (Atlas+AnatDist)__seed153__fold1,2,0,0.270918,0.200000,0.989684,0.991141,0.983856
Ours (Atlas+AnatDist)__seed153__fold1,2,0,0.263857,0.200000,0.978634,0.979010,0.960476
Ours (Atlas+AnatDist)__seed153__fold1,0,1,0.273518,0.200000,0.981734,0.983380,0.979006
Ours (Atlas+AnatDist)__seed153__fold1,1,1,0.273692,0.000000,0.991589,0.993553,0.991483
Ours (Atlas+AnatDist)__seed153__fold1,1,0,0.270323,0.200000,0.983198,0.983899,0.969546
Ours (Atlas+AnatDist)__seed153__fold1,1,1,0.274865,0.000000,0.991347,0.992994,0.989573
Ours (Atlas+AnatDist)__seed153__fold1,1,2,0.284424,0.200000,0.988629,0.990765,0.997882
Ours (Atlas+AnatDist)__seed153__fold2,1,1,0.265093,0.200000,0.978837,0.980691,0.978781
Ours (Atlas+AnatDist)__seed153__fold2,0,0,0.281982,0.400000,0.990387,0.991722,0.987631
Ours (Atlas+AnatDist)__seed153__fold2,0,0,0.277787,0.200000,0.992677,0.993192,0.982520
Ours (Atlas+AnatDist)__seed153__fold2,1,0,0.282826,0.200000,0.992551,0.993408,0.986687
Ours (Atlas+AnatDist)__seed153__fold2,0,0,0.278129,0.200000,0.990704,0.991444,0.984358
Ours (Atlas+AnatDist)__seed153__fold2,0,0,0.281757,0.200000,0.993701,0.994455,0.987309
Ours (Atlas+AnatDist)__seed153__fold2,2,2,0.284400,0.200000,0.969335,0.972728,0.990471
Ours (Atlas+AnatDist)__seed153__fold2,0,0,0.284758,0.200000,0.993840,0.995029,0.991924
Ours (Atlas+AnatDist)__seed153__fold2,2,1,0.275744,0.200000,0.987630,0.989304,0.988586
Ours (Atlas+AnatDist)__seed153__fold2,1,0,0.277988,0.200000,0.993036,0.993813,0.984801
Ours (Atlas+AnatDist)__seed153__fold2,0,0,0.282301,0.200000,0.992132,0.992561,0.982355
Ours (Atlas+AnatDist)__seed153__fold2,1,1,0.273556,0.200000,0.988612,0.988725,0.975051
Ours (Atlas+AnatDist)__seed153__fold2,1,0,0.281240,0.400000,0.992143,0.992840,0.983578
Ours (Atlas+AnatDist)__seed153__fold2,1,1,0.273779,0.200000,0.987827,0.988241,0.975266
Ours (Atlas+AnatDist)__seed153__fold2,2,2,0.284871,0.200000,0.959598,0.963066,0.982163
Ours (Atlas+AnatDist)__seed153__fold2,1,1,0.284592,0.200000,0.988008,0.989470,0.987574
Ours (Atlas+AnatDist)__seed153__fold2,1,1,0.282944,0.400000,0.972845,0.974874,0.979174
Ours (Atlas+AnatDist)__seed153__fold2,2,1,0.279496,0.200000,0.983504,0.984091,0.974129
Ours (Atlas+AnatDist)__seed153__fold2,1,0,0.280972,0.200000,0.992374,0.993027,0.985194
Ours (Atlas+AnatDist)__seed153__fold2,0,0,0.276827,0.200000,0.990512,0.990747,0.978120
Ours (Atlas+AnatDist)__seed153__fold2,1,0,0.276017,0.200000,0.991721,0.991987,0.978416
Ours (Atlas+AnatDist)__seed153__fold2,0,1,0.272553,0.200000,0.964930,0.967184,0.973636
Ours (Atlas+AnatDist)__seed153__fold2,1,0,0.279541,0.200000,0.991892,0.992365,0.982978
Ours (Atlas+AnatDist)__seed153__fold2,1,1,0.267337,0.200000,0.976524,0.977684,0.968646
Ours (Atlas+AnatDist)__seed153__fold2,1,1,0.284297,0.200000,0.985107,0.986263,0.982497
Ours (Atlas+AnatDist)__seed153__fold2,1,1,0.279265,0.200000,0.967917,0.970735,0.982049
Ours (Atlas+AnatDist)__seed153__fold2,1,0,0.277761,0.200000,0.988851,0.989090,0.976376
Ours (Atlas+AnatDist)__seed153__fold2,1,1,0.281982,0.200000,0.988741,0.990786,0.994777
Ours (Atlas+AnatDist)__seed153__fold2,2,2,0.283606,0.200000,0.961829,0.965318,0.985425
Ours (Atlas+AnatDist)__seed153__fold2,1,2,0.282818,0.200000,0.969811,0.972659,0.987247
Ours (Atlas+AnatDist)__seed153__fold2,1,1,0.275989,0.200000,0.980375,0.981746,0.978184
Ours (Atlas+AnatDist)__seed153__fold2,0,2,0.281698,0.200000,0.973216,0.976551,0.993047
Ours (Atlas+AnatDist)__seed153__fold2,0,0,0.283762,0.400000,0.992839,0.993914,0.990517
Ours (Atlas+AnatDist)__seed153__fold2,2,2,0.284849,0.200000,0.959426,0.963031,0.982638
Ours (Atlas+AnatDist)__seed153__fold2,0,0,0.279231,0.200000,0.992707,0.993340,0.984624
Ours (Atlas+AnatDist)__seed153__fold2,2,2,0.282438,0.200000,0.965442,0.968890,0.986952
Ours (Atlas+AnatDist)__seed153__fold2,0,0,0.285791,0.200000,0.992892,0.994154,0.991465
Ours (Atlas+AnatDist)__seed153__fold2,1,2,0.288074,0.200000,0.953830,0.957507,0.979688
Ours (Atlas+AnatDist)__seed153__fold2,0,0,0.277836,0.200000,0.991977,0.992410,0.981426
Ours (Atlas+AnatDist)__seed153__fold2,1,1,0.274591,0.200000,0.990779,0.990889,0.976748
Ours (Atlas+AnatDist)__seed153__fold2,2,1,0.266346,0.200000,0.973156,0.975314,0.979588
Ours (Atlas+AnatDist)__seed153__fold2,0,1,0.279918,0.200000,0.990080,0.991135,0.985325
Ours (Atlas+AnatDist)__seed153__fold2,1,1,0.275532,0.200000,0.984544,0.986427,0.986696
Ours (Atlas+AnatDist)__seed153__fold2,2,2,0.285370,0.200000,0.970176,0.973476,0.989467
Ours (Atlas+AnatDist)__seed153__fold2,2,2,0.281196,0.200000,0.966884,0.970357,0.985667
Ours (Atlas+AnatDist)__seed153__fold2,0,0,0.276815,0.200000,0.993963,0.994476,0.984039
Ours (Atlas+AnatDist)__seed153__fold2,1,1,0.283011,0.400000,0.984456,0.986028,0.987990
Ours (Atlas+AnatDist)__seed153__fold2,1,2,0.285749,0.200000,0.981114,0.983979,0.996172
Ours (Atlas+AnatDist)__seed153__fold2,1,2,0.282910,0.200000,0.981352,0.984173,0.995798
Ours (Atlas+AnatDist)__seed153__fold2,1,1,0.281448,0.200000,0.979060,0.981829,0.992370
Ours (Atlas+AnatDist)__seed153__fold3,1,1,0.270487,0.200000,0.989756,0.990655,0.985421
Ours (Atlas+AnatDist)__seed153__fold3,0,0,0.298451,0.600000,0.991177,0.992109,0.988884
Ours (Atlas+AnatDist)__seed153__fold3,0,0,0.288382,0.600000,0.992071,0.993334,0.991781
Ours (Atlas+AnatDist)__seed153__fold3,1,1,0.271300,0.200000,0.989869,0.990775,0.985645
Ours (Atlas+AnatDist)__seed153__fold3,0,0,0.283411,0.400000,0.990642,0.991888,0.989820
Ours (Atlas+AnatDist)__seed153__fold3,0,2,0.283623,0.200000,0.989549,0.991571,0.994974
Ours (Atlas+AnatDist)__seed153__fold3,2,2,0.271240,0.200000,0.992086,0.993327,0.990652
Ours (Atlas+AnatDist)__seed153__fold3,0,0,0.280663,0.400000,0.991340,0.992432,0.987813
Ours (Atlas+AnatDist)__seed153__fold3,2,2,0.268757,0.000000,0.992133,0.993328,0.989632
Ours (Atlas+AnatDist)__seed153__fold3,1,2,0.257388,0.000000,0.990975,0.991897,0.983545
Ours (Atlas+AnatDist)__seed153__fold3,0,0,0.288556,0.600000,0.992395,0.993008,0.986513
Ours (Atlas+AnatDist)__seed153__fold3,1,1,0.258705,0.200000,0.980602,0.980979,0.969892
Ours (Atlas+AnatDist)__seed153__fold3,1,2,0.266787,0.000000,0.990251,0.991718,0.989274
Ours (Atlas+AnatDist)__seed153__fold3,1,1,0.274889,0.200000,0.986336,0.987169,0.981962
Ours (Atlas+AnatDist)__seed153__fold3,2,2,0.262062,0.000000,0.990145,0.991063,0.985768
Ours (Atlas+AnatDist)__seed153__fold3,1,1,0.258698,0.200000,0.983789,0.984383,0.974769
Ours (Atlas+AnatDist)__seed153__fold3,1,1,0.260667,0.000000,0.985438,0.986233,0.978361
Ours (Atlas+AnatDist)__seed153__fold3,2,2,0.262474,0.000000,0.991918,0.993009,0.988067
Ours (Atlas+AnatDist)__seed153__fold3,1,2,0.289194,0.400000,0.991623,0.993214,0.995587
Ours (Atlas+AnatDist)__seed153__fold3,0,0,0.279013,0.200000,0.993819,0.994677,0.989843
Ours (Atlas+AnatDist)__seed153__fold3,1,0,0.277592,0.000000,0.990857,0.992077,0.989092
Ours (Atlas+AnatDist)__seed153__fold3,0,0,0.294997,0.400000,0.992789,0.993500,0.987802
Ours (Atlas+AnatDist)__seed153__fold3,1,0,0.279766,0.200000,0.991560,0.992725,0.989563
Ours (Atlas+AnatDist)__seed153__fold3,1,1,0.267644,0.200000,0.987998,0.988600,0.980391
Ours (Atlas+AnatDist)__seed153__fold3,1,1,0.276919,0.200000,0.990304,0.991316,0.986922
Ours (Atlas+AnatDist)__seed153__fold3,1,0,0.280228,0.200000,0.989424,0.989872,0.982607
Ours (Atlas+AnatDist)__seed153__fold3,1,1,0.261719,0.000000,0.989587,0.990602,0.984312
Ours (Atlas+AnatDist)__seed153__fold3,1,1,0.258864,0.200000,0.987577,0.988224,0.978710
Ours (Atlas+AnatDist)__seed153__fold3,2,2,0.257598,0.000000,0.991728,0.992682,0.985548
Ours (Atlas+AnatDist)__seed153__fold3,1,1,0.274394,0.200000,0.989987,0.991078,0.986845
Ours (Atlas+AnatDist)__seed153__fold3,1,1,0.262137,0.200000,0.987092,0.988187,0.981877
Ours (Atlas+AnatDist)__seed153__fold3,0,0,0.295631,0.600000,0.992384,0.993566,0.991760
Ours (Atlas+AnatDist)__seed153__fold3,0,0,0.289127,0.400000,0.988761,0.989221,0.983328
Ours (Atlas+AnatDist)__seed153__fold3,2,1,0.268284,0.000000,0.992261,0.993202,0.986650
Ours (Atlas+AnatDist)__seed153__fold3,0,1,0.275551,0.200000,0.991669,0.992845,0.989813
Ours (Atlas+AnatDist)__seed153__fold3,2,0,0.277299,0.200000,0.991285,0.992178,0.986895
Ours (Atlas+AnatDist)__seed153__fold3,0,1,0.271391,0.200000,0.989340,0.990225,0.984612
Ours (Atlas+AnatDist)__seed153__fold3,1,1,0.279455,0.200000,0.990361,0.991547,0.989388
Ours (Atlas+AnatDist)__seed153__fold3,0,0,0.299842,0.600000,0.990813,0.991792,0.989680
Ours (Atlas+AnatDist)__seed153__fold3,1,1,0.284037,0.400000,0.990501,0.991437,0.989191
Ours (Atlas+AnatDist)__seed153__fold3,2,2,0.291921,0.200000,0.986879,0.988595,0.994799
Ours (Atlas+AnatDist)__seed153__fold3,0,0,0.282462,0.200000,0.993278,0.994413,0.990242
Ours (Atlas+AnatDist)__seed153__fold3,1,2,0.275828,0.200000,0.992055,0.993227,0.990526
Ours (Atlas+AnatDist)__seed153__fold3,2,1,0.261387,0.200000,0.984390,0.985006,0.976588
Ours (Atlas+AnatDist)__seed153__fold3,2,1,0.268238,0.200000,0.986236,0.987125,0.981766
Ours (Atlas+AnatDist)__seed153__fold3,0,0,0.307719,0.600000,0.988516,0.989257,0.987689
Ours (Atlas+AnatDist)__seed153__fold3,1,0,0.282713,0.400000,0.991427,0.992481,0.987568
Ours (Atlas+AnatDist)__seed153__fold3,1,0,0.281623,0.200000,0.992013,0.992945,0.988245
Ours (Atlas+AnatDist)__seed153__fold3,1,2,0.271824,0.200000,0.990661,0.991957,0.989217
Ours (Atlas+AnatDist)__seed153__fold3,1,0,0.279329,0.400000,0.990813,0.991523,0.986531
Ours (Atlas+AnatDist)__seed153__fold4,1,0,0.268948,0.000000,0.995745,0.995688,0.980982
Ours (Atlas+AnatDist)__seed153__fold4,0,0,0.224194,0.000000,0.949150,0.945034,0.892150
Ours (Atlas+AnatDist)__seed153__fold4,0,1,0.267293,0.200000,0.988338,0.987397,0.963861
Ours (Atlas+AnatDist)__seed153__fold4,1,0,0.217479,0.200000,0.920179,0.914997,0.851386
Ours (Atlas+AnatDist)__seed153__fold4,0,0,0.229124,0.000000,0.949156,0.945170,0.892469
Ours (Atlas+AnatDist)__seed153__fold4,0,0,0.236352,0.000000,0.972699,0.970058,0.927280
Ours (Atlas+AnatDist)__seed153__fold4,2,2,0.311902,0.600000,0.971057,0.974570,0.993473
Ours (Atlas+AnatDist)__seed153__fold4,0,1,0.248535,0.000000,0.984185,0.982504,0.952851
Ours (Atlas+AnatDist)__seed153__fold4,2,1,0.239550,0.200000,0.974388,0.971300,0.927365
Ours (Atlas+AnatDist)__seed153__fold4,1,2,0.296695,0.400000,0.981588,0.984169,0.995643
Ours (Atlas+AnatDist)__seed153__fold4,0,0,0.239718,0.000000,0.968435,0.965373,0.923926
Ours (Atlas+AnatDist)__seed153__fold4,1,1,0.281369,0.200000,0.992417,0.993033,0.985521
Ours (Atlas+AnatDist)__seed153__fold4,1,1,0.233683,0.200000,0.948574,0.943767,0.889290
Ours (Atlas+AnatDist)__seed153__fold4,1,1,0.272798,0.200000,0.974026,0.971824,0.942740
Ours (Atlas+AnatDist)__seed153__fold4,2,2,0.289649,0.200000,0.986788,0.988811,0.993365
Ours (Atlas+AnatDist)__seed153__fold4,1,1,0.237915,0.000000,0.977359,0.974708,0.934978
Ours (Atlas+AnatDist)__seed153__fold4,1,1,0.276667,0.200000,0.989137,0.988768,0.971228
Ours (Atlas+AnatDist)__seed153__fold4,2,2,0.317457,0.600000,0.967391,0.970994,0.992971
Ours (Atlas+AnatDist)__seed153__fold4,1,1,0.282490,0.200000,0.988815,0.989180,0.981452
Ours (Atlas+AnatDist)__seed153__fold4,0,1,0.229695,0.000000,0.950817,0.946750,0.900273
Ours (Atlas+AnatDist)__seed153__fold4,1,1,0.227930,0.000000,0.968664,0.965555,0.919449
Ours (Atlas+AnatDist)__seed153__fold4,0,1,0.263303,0.000000,0.994436,0.994184,0.976863
Ours (Atlas+AnatDist)__seed153__fold4,1,0,0.231842,0.000000,0.961899,0.958179,0.904147
Ours (Atlas+AnatDist)__seed153__fold4,1,1,0.265209,0.200000,0.948819,0.945901,0.907142
Ours (Atlas+AnatDist)__seed153__fold4,1,1,0.266220,0.000000,0.989946,0.989370,0.973924
Ours (Atlas+AnatDist)__seed153__fold4,1,1,0.265520,0.000000,0.988951,0.988972,0.977557
Ours (Atlas+AnatDist)__seed153__fold4,1,1,0.228084,0.000000,0.964421,0.960874,0.913039
Ours (Atlas+AnatDist)__seed153__fold4,1,0,0.259339,0.000000,0.990902,0.990129,0.968257
Ours (Atlas+AnatDist)__seed153__fold4,2,1,0.262179,0.200000,0.954482,0.951593,0.920762
Ours (Atlas+AnatDist)__seed153__fold4,1,1,0.238393,0.200000,0.929559,0.924134,0.866764
Ours (Atlas+AnatDist)__seed153__fold4,1,1,0.255991,0.200000,0.977810,0.975684,0.945345
Ours (Atlas+AnatDist)__seed153__fold4,0,1,0.223892,0.200000,0.931880,0.926677,0.861166
Ours (Atlas+AnatDist)__seed153__fold4,0,1,0.212683,0.000000,0.930330,0.924869,0.865465
Ours (Atlas+AnatDist)__seed153__fold4,2,1,0.218736,0.000000,0.939585,0.934732,0.881347
Ours (Atlas+AnatDist)__seed153__fold4,0,0,0.241839,0.200000,0.968591,0.965443,0.922762
Ours (Atlas+AnatDist)__seed153__fold4,2,1,0.261215,0.000000,0.991710,0.991139,0.972487
Ours (Atlas+AnatDist)__seed153__fold4,0,2,0.288952,0.400000,0.989903,0.991642,0.993388
Ours (Atlas+AnatDist)__seed153__fold4,1,2,0.303624,0.400000,0.974953,0.978242,0.996277
Ours (Atlas+AnatDist)__seed153__fold4,0,0,0.237215,0.000000,0.967493,0.964260,0.920129
Ours (Atlas+AnatDist)__seed153__fold4,1,1,0.255429,0.200000,0.985281,0.983877,0.956790
Ours (Atlas+AnatDist)__seed153__fold4,2,2,0.323622,0.600000,0.958949,0.963082,0.991124
Ours (Atlas+AnatDist)__seed153__fold4,0,0,0.228926,0.000000,0.948569,0.944223,0.891662
Ours (Atlas+AnatDist)__seed153__fold4,1,1,0.244978,0.200000,0.959613,0.956748,0.920820
Ours (Atlas+AnatDist)__seed153__fold4,2,2,0.313048,0.600000,0.969574,0.973183,0.994522
Ours (Atlas+AnatDist)__seed153__fold4,2,1,0.291939,0.200000,0.979526,0.979421,0.971054
Ours (Atlas+AnatDist)__seed153__fold4,0,0,0.250897,0.200000,0.940332,0.935619,0.880937
Ours (Atlas+AnatDist)__seed153__fold4,1,1,0.265396,0.000000,0.993694,0.993791,0.981126
Ours (Atlas+AnatDist)__seed153__fold4,1,1,0.220846,0.000000,0.942905,0.938182,0.881779
Ours (Atlas+AnatDist)__seed153__fold4,1,1,0.261432,0.000000,0.990054,0.989570,0.973253
Ours (Atlas+AnatDist)__seed153__fold4,1,1,0.235037,0.200000,0.935071,0.930292,0.874384
Ours (Atlas+AnatDist)__seed264__fold0,1,1,0.313033,0.600000,0.978756,0.981324,0.993892
Ours (Atlas+AnatDist)__seed264__fold0,0,0,0.281597,0.200000,0.994701,0.995744,0.994350
Ours (Atlas+AnatDist)__seed264__fold0,1,1,0.271730,0.200000,0.997136,0.997288,0.984500
Ours (Atlas+AnatDist)__seed264__fold0,1,0,0.245109,0.200000,0.977163,0.974546,0.940771
Ours (Atlas+AnatDist)__seed264__fold0,2,2,0.354138,0.600000,0.943881,0.948097,0.973689
Ours (Atlas+AnatDist)__seed264__fold0,0,0,0.250125,0.200000,0.980824,0.978822,0.954437
Ours (Atlas+AnatDist)__seed264__fold0,1,0,0.242131,0.200000,0.969487,0.966713,0.937887
Ours (Atlas+AnatDist)__seed264__fold0,0,0,0.252928,0.400000,0.961201,0.958511,0.933914
Ours (Atlas+AnatDist)__seed264__fold0,1,1,0.249044,0.200000,0.976524,0.974514,0.949306
Ours (Atlas+AnatDist)__seed264__fold0,0,0,0.240391,0.000000,0.967084,0.964127,0.933817
Ours (Atlas+AnatDist)__seed264__fold0,0,0,0.239322,0.000000,0.959994,0.956699,0.924914
Ours (Atlas+AnatDist)__seed264__fold0,1,1,0.261106,0.200000,0.987559,0.986341,0.966724
Ours (Atlas+AnatDist)__seed264__fold0,0,1,0.255288,0.200000,0.988645,0.987230,0.965558
Ours (Atlas+AnatDist)__seed264__fold0,0,0,0.237261,0.200000,0.949284,0.945383,0.909965
Ours (Atlas+AnatDist)__seed264__fold0,1,1,0.253229,0.200000,0.981115,0.978808,0.949702
Ours (Atlas+AnatDist)__seed264__fold0,1,1,0.299522,0.600000,0.980118,0.982710,0.994051
Ours (Atlas+AnatDist)__seed264__fold0,2,1,0.313772,0.600000,0.978527,0.981616,0.996363
Ours (Atlas+AnatDist)__seed264__fold0,1,1,0.320237,0.600000,0.954920,0.959245,0.978172
Ours (Atlas+AnatDist)__seed264__fold0,1,1,0.264099,0.200000,0.995642,0.995154,0.979716
Ours (Atlas+AnatDist)__seed264__fold0,1,2,0.307004,0.400000,0.984404,0.985976,0.992442
Ours (Atlas+AnatDist)__seed264__fold0,1,1,0.250870,0.200000,0.975295,0.973056,0.948130
Ours (Atlas+AnatDist)__seed264__fold0,0,0,0.249913,0.200000,0.979974,0.977657,0.950500
Ours (Atlas+AnatDist)__seed264__fold0,1,1,0.277632,0.200000,0.994171,0.994295,0.981154
Ours (Atlas+AnatDist)__seed264__fold0,1,1,0.242290,0.000000,0.982572,0.980144,0.948967
Ours (Atlas+AnatDist)__seed264__fold0,0,0,0.241590,0.000000,0.962394,0.959776,0.935356
Ours (Atlas+AnatDist)__seed264__fold0,1,0,0.233857,0.000000,0.934026,0.930480,0.901093
Ours (Atlas+AnatDist)__seed264__fold0,2,2,0.340228,0.600000,0.953802,0.958214,0.984274
Ours (Atlas+AnatDist)__seed264__fold0,1,1,0.299237,0.400000,0.985983,0.987998,0.990449
Ours (Atlas+AnatDist)__seed264__fold0,1,0,0.244772,0.000000,0.969309,0.966470,0.938454
Ours (Atlas+AnatDist)__seed264__fold0,1,0,0.250919,0.000000,0.954556,0.952315,0.931110
Ours (Atlas+AnatDist)__seed264__fold0,2,2,0.372815,0.600000,0.901171,0.906438,0.939494
Ours (Atlas+AnatDist)__seed264__fold0,1,0,0.250555,0.000000,0.981224,0.979218,0.956982
Ours (Atlas+AnatDist)__seed264__fold0,2,2,0.311299,0.600000,0.979972,0.982714,0.996660
Ours (Atlas+AnatDist)__seed264__fold0,2,2,0.334989,0.600000,0.957668,0.961761,0.982555
Ours (Atlas+AnatDist)__seed264__fold0,1,2,0.321237,0.600000,0.972903,0.976217,0.993625
Ours (Atlas+AnatDist)__seed264__fold0,1,1,0.269062,0.200000,0.989763,0.989123,0.976759
Ours (Atlas+AnatDist)__seed264__fold0,0,0,0.272487,0.200000,0.993668,0.993719,0.986117
Ours (Atlas+AnatDist)__seed264__fold0,0,0,0.251048,0.000000,0.983931,0.982168,0.963162
Ours (Atlas+AnatDist)__seed264__fold0,0,2,0.325220,0.600000,0.967755,0.971355,0.991971
Ours (Atlas+AnatDist)__seed264__fold0,1,1,0.270253,0.200000,0.978168,0.975873,0.951439
Ours (Atlas+AnatDist)__seed264__fold0,1,0,0.257483,0.200000,0.977241,0.975247,0.951965
Ours (Atlas+AnatDist)__seed264__fold0,1,1,0.264936,0.200000,0.993475,0.992759,0.974126
Ours (Atlas+AnatDist)__seed264__fold0,2,2,0.332635,0.600000,0.964466,0.968118,0.989483
Ours (Atlas+AnatDist)__seed264__fold0,1,2,0.329704,0.600000,0.965525,0.969283,0.990520
Ours (Atlas+AnatDist)__seed264__fold0,2,1,0.276736,0.200000,0.996590,0.997347,0.989740
Ours (Atlas+AnatDist)__seed264__fold0,0,1,0.253865,0.200000,0.988763,0.987374,0.962049
Ours (Atlas+AnatDist)__seed264__fold0,0,0,0.263727,0.000000,0.991076,0.990476,0.975827
Ours (Atlas+AnatDist)__seed264__fold0,1,0,0.248263,0.200000,0.973049,0.970368,0.941897
Ours (Atlas+AnatDist)__seed264__fold0,1,1,0.278594,0.200000,0.995381,0.996363,0.991821
Ours (Atlas+AnatDist)__seed264__fold0,1,2,0.310086,0.600000,0.980922,0.983447,0.994944
Ours (Atlas+AnatDist)__seed264__fold1,2,2,0.280964,0.200000,0.984422,0.986834,0.997207
Ours (Atlas+AnatDist)__seed264__fold1,0,0,0.259852,0.000000,0.991918,0.991855,0.978593
Ours (Atlas+AnatDist)__seed264__fold1,2,1,0.272894,0.000000,0.986216,0.988585,0.992722
Ours (Atlas+AnatDist)__seed264__fold1,1,1,0.272626,0.200000,0.978523,0.980176,0.983036
Ours (Atlas+AnatDist)__seed264__fold1,2,2,0.298649,0.200000,0.977236,0.980310,0.997270
Ours (Atlas+AnatDist)__seed264__fold1,0,0,0.262201,0.000000,0.995221,0.995678,0.985669
Ours (Atlas+AnatDist)__seed264__fold1,1,0,0.253440,0.000000,0.993147,0.993247,0.979079
Ours (Atlas+AnatDist)__seed264__fold1,0,0,0.253086,0.000000,0.992038,0.992197,0.978237
Ours (Atlas+AnatDist)__seed264__fold1,1,2,0.294273,0.600000,0.972680,0.975711,0.994049
Ours (Atlas+AnatDist)__seed264__fold1,0,0,0.258019,0.000000,0.993744,0.993896,0.982050
Ours (Atlas+AnatDist)__seed264__fold1,0,0,0.263930,0.000000,0.995643,0.996433,0.989942
Ours (Atlas+AnatDist)__seed264__fold1,1,1,0.264413,0.000000,0.994186,0.994881,0.988794
Ours (Atlas+AnatDist)__seed264__fold1,0,0,0.255564,0.200000,0.988881,0.989045,0.979383
Ours (Atlas+AnatDist)__seed264__fold1,0,0,0.257885,0.000000,0.994511,0.994780,0.983383
Ours (Atlas+AnatDist)__seed264__fold1,1,1,0.273829,0.400000,0.984403,0.985488,0.983300
Ours (Atlas+AnatDist)__seed264__fold1,1,0,0.264656,0.000000,0.994003,0.994623,0.986311
Ours (Atlas+AnatDist)__seed264__fold1,2,2,0.276216,0.200000,0.984262,0.986690,0.994960
Ours (Atlas+AnatDist)__seed264__fold1,2,1,0.261977,0.000000,0.993165,0.993692,0.983892
Ours (Atlas+AnatDist)__seed264__fold1,1,0,0.257602,0.000000,0.995619,0.995767,0.983065
Ours (Atlas+AnatDist)__seed264__fold1,1,1,0.252887,0.000000,0.991397,0.991478,0.976867
Ours (Atlas+AnatDist)__seed264__fold1,1,1,0.276352,0.200000,0.984992,0.986733,0.987813
Ours (Atlas+AnatDist)__seed264__fold1,0,0,0.266149,0.000000,0.994022,0.994287,0.983908
Ours (Atlas+AnatDist)__seed264__fold1,1,1,0.264717,0.000000,0.989753,0.990047,0.981244
Ours (Atlas+AnatDist)__seed264__fold1,1,1,0.261084,0.000000,0.988377,0.988931,0.981052
Ours (Atlas+AnatDist)__seed264__fold1,0,0,0.260248,0.000000,0.994914,0.995376,0.986146
Ours (Atlas+AnatDist)__seed264__fold1,1,1,0.271185,0.200000,0.978829,0.980154,0.981234
Ours (Atlas+AnatDist)__seed264__fold1,2,2,0.291535,0.200000,0.978306,0.981390,0.997587
Ours (Atlas+AnatDist)__seed264__fold1,1,1,0.255176,0.000000,0.994105,0.994622,0.985180
Ours (Atlas+AnatDist)__seed264__fold1,1,1,0.260878,0.000000,0.994704,0.995314,0.986469
Ours (Atlas+AnatDist)__seed264__fold1,1,1,0.258188,0.200000,0.988506,0.989204,0.981638
Ours (Atlas+AnatDist)__seed264__fold1,2,1,0.268661,0.200000,0.988723,0.989619,0.985016
Ours (Atlas+AnatDist)__seed264__fold1,1,1,0.263727,0.000000,0.992259,0.993465,0.990403
Ours (Atlas+AnatDist)__seed264__fold1,2,2,0.278492,0.200000,0.987825,0.989833,0.996979
Ours (Atlas+AnatDist)__seed264__fold1,1,1,0.285285,0.200000,0.981240,0.983279,0.993733
Ours (Atlas+AnatDist)__seed264__fold1,1,1,0.266494,0.200000,0.990610,0.992130,0.992191
Ours (Atlas+AnatDist)__seed264__fold1,1,1,0.263589,0.000000,0.991237,0.992445,0.990829
Ours (Atlas+AnatDist)__seed264__fold1,0,0,0.269133,0.000000,0.994735,0.995201,0.986317
Ours (Atlas+AnatDist)__seed264__fold1,0,0,0.255763,0.000000,0.993784,0.994030,0.981774
Ours (Atlas+AnatDist)__seed264__fold1,0,0,0.254423,0.000000,0.992402,0.992711,0.981465
Ours (Atlas+AnatDist)__seed264__fold1,1,1,0.265904,0.200000,0.984249,0.985277,0.983444
Ours (Atlas+AnatDist)__seed264__fold1,1,1,0.260998,0.000000,0.994989,0.995632,0.988366
Ours (Atlas+AnatDist)__seed264__fold1,1,1,0.258309,0.000000,0.992578,0.993420,0.986175
Ours (Atlas+AnatDist)__seed264__fold1,2,2,0.293515,0.400000,0.984333,0.986813,0.998257
Ours (Atlas+AnatDist)__seed264__fold1,1,1,0.264194,0.200000,0.989361,0.990610,0.988994
Ours (Atlas+AnatDist)__seed264__fold1,2,2,0.281604,0.200000,0.986662,0.989132,0.998164
Ours (Atlas+AnatDist)__seed264__fold1,0,0,0.257694,0.000000,0.992646,0.992851,0.980134
Ours (Atlas+AnatDist)__seed264__fold1,0,0,0.261157,0.000000,0.995700,0.996145,0.986791
Ours (Atlas+AnatDist)__seed264__fold1,1,0,0.260503,0.000000,0.994330,0.994502,0.981950
Ours (Atlas+AnatDist)__seed264__fold1,1,0,0.266549,0.000000,0.994991,0.995637,0.987215
Ours (Atlas+AnatDist)__seed264__fold1,1,1,0.265481,0.000000,0.991733,0.992920,0.991398
Ours (Atlas+AnatDist)__seed264__fold2,2,2,0.282355,0.200000,0.989104,0.990867,0.995341
Ours (Atlas+AnatDist)__seed264__fold2,0,1,0.273997,0.200000,0.997401,0.997400,0.984593
Ours (Atlas+AnatDist)__seed264__fold2,2,2,0.280750,0.000000,0.994412,0.995835,0.995625
Ours (Atlas+AnatDist)__seed264__fold2,1,1,0.291605,0.400000,0.988400,0.990149,0.989734
Ours (Atlas+AnatDist)__seed264__fold2,2,2,0.284036,0.200000,0.991428,0.993462,0.996937
Ours (Atlas+AnatDist)__seed264__fold2,0,1,0.269102,0.200000,0.984865,0.985101,0.964385
Ours (Atlas+AnatDist)__seed264__fold2,1,1,0.272222,0.200000,0.979643,0.979832,0.963978
Ours (Atlas+AnatDist)__seed264__fold2,0,0,0.268624,0.200000,0.969775,0.968335,0.932801
Ours (Atlas+AnatDist)__seed264__fold2,1,1,0.257475,0.000000,0.972065,0.972054,0.942906
Ours (Atlas+AnatDist)__seed264__fold2,0,0,0.260538,0.200000,0.973662,0.972690,0.941495
Ours (Atlas+AnatDist)__seed264__fold2,0,0,0.252504,0.000000,0.978360,0.977339,0.943474
Ours (Atlas+AnatDist)__seed264__fold2,1,1,0.279908,0.000000,0.994272,0.995901,0.994813
Ours (Atlas+AnatDist)__seed264__fold2,0,0,0.272207,0.400000,0.972648,0.971571,0.940812
Ours (Atlas+AnatDist)__seed264__fold2,0,2,0.278079,0.000000,0.995535,0.996826,0.993126
Ours (Atlas+AnatDist)__seed264__fold2,1,0,0.280496,0.600000,0.979452,0.979088,0.953719
Ours (Atlas+AnatDist)__seed264__fold2,1,1,0.282830,0.400000,0.992366,0.993825,0.988727
Ours (Atlas+AnatDist)__seed264__fold2,2,0,0.274669,0.200000,0.996317,0.996787,0.983082
Ours (Atlas+AnatDist)__seed264__fold2,2,2,0.278989,0.200000,0.990160,0.991811,0.994564
Ours (Atlas+AnatDist)__seed264__fold2,1,1,0.292877,0.200000,0.979536,0.982563,0.995212
Ours (Atlas+AnatDist)__seed264__fold2,1,1,0.283071,0.200000,0.984948,0.987564,0.993984
Ours (Atlas+AnatDist)__seed264__fold2,1,2,0.288646,0.200000,0.982297,0.985260,0.997140
Ours (Atlas+AnatDist)__seed264__fold2,0,0,0.255452,0.000000,0.976672,0.975531,0.943351
Ours (Atlas+AnatDist)__seed264__fold2,1,2,0.283770,0.200000,0.986306,0.988931,0.996003
Ours (Atlas+AnatDist)__seed264__fold2,1,1,0.268040,0.000000,0.986204,0.985441,0.956934
Ours (Atlas+AnatDist)__seed264__fold2,0,1,0.275963,0.200000,0.990785,0.992064,0.981809
Ours (Atlas+AnatDist)__seed264__fold2,1,2,0.288616,0.200000,0.985910,0.988548,0.997105
Ours (Atlas+AnatDist)__seed264__fold2,2,2,0.286780,0.200000,0.982536,0.985414,0.996158
Ours (Atlas+AnatDist)__seed264__fold2,1,2,0.282033,0.200000,0.992955,0.994793,0.996117
Ours (Atlas+AnatDist)__seed264__fold2,1,2,0.284944,0.200000,0.989704,0.991984,0.997356
Ours (Atlas+AnatDist)__seed264__fold2,1,0,0.279323,0.200000,0.984283,0.984455,0.962689
Ours (Atlas+AnatDist)__seed264__fold2,2,0,0.266312,0.200000,0.965605,0.964780,0.935302
Ours (Atlas+AnatDist)__seed264__fold2,1,0,0.279001,0.200000,0.995311,0.996074,0.985637
Ours (Atlas+AnatDist)__seed264__fold2,2,2,0.291381,0.200000,0.972195,0.975990,0.993208
Ours (Atlas+AnatDist)__seed264__fold2,1,1,0.282908,0.200000,0.989740,0.991556,0.987985
Ours (Atlas+AnatDist)__seed264__fold2,1,0,0.257501,0.200000,0.967982,0.967033,0.930045
Ours (Atlas+AnatDist)__seed264__fold2,1,1,0.283543,0.200000,0.989302,0.991562,0.992838
Ours (Atlas+AnatDist)__seed264__fold2,0,0,0.252814,0.000000,0.972892,0.971975,0.936742
Ours (Atlas+AnatDist)__seed264__fold2,0,0,0.256775,0.200000,0.974048,0.972162,0.931893
Ours (Atlas+AnatDist)__seed264__fold2,0,0,0.279648,0.400000,0.977341,0.977138,0.954303
Ours (Atlas+AnatDist)__seed264__fold2,1,0,0.259071,0.000000,0.969407,0.967434,0.926413
Ours (Atlas+AnatDist)__seed264__fold2,1,1,0.278706,0.200000,0.995538,0.996700,0.990173
Ours (Atlas+AnatDist)__seed264__fold2,1,1,0.288874,0.200000,0.982643,0.985468,0.994100
Ours (Atlas+AnatDist)__seed264__fold2,2,0,0.275422,0.000000,0.997025,0.997443,0.985934
Ours (Atlas+AnatDist)__seed264__fold2,1,1,0.281258,0.400000,0.989787,0.991767,0.991452
Ours (Atlas+AnatDist)__seed264__fold2,2,2,0.277706,0.200000,0.990794,0.992558,0.995302
Ours (Atlas+AnatDist)__seed264__fold2,0,0,0.266339,0.200000,0.965883,0.964875,0.930650
Ours (Atlas+AnatDist)__seed264__fold2,0,0,0.249985,0.000000,0.975222,0.973718,0.934556
Ours (Atlas+AnatDist)__seed264__fold2,1,1,0.291266,0.200000,0.982900,0.985847,0.994928
Ours (Atlas+AnatDist)__seed264__fold2,1,1,0.277757,0.400000,0.988409,0.989008,0.972510
Ours (Atlas+AnatDist)__seed264__fold2,1,1,0.286366,0.200000,0.988579,0.990885,0.995111
Ours (Atlas+AnatDist)__seed264__fold3,2,2,0.290273,0.200000,0.983179,0.985565,0.996452
Ours (Atlas+AnatDist)__seed264__fold3,0,0,0.270133,0.000000,0.991077,0.990833,0.974687
Ours (Atlas+AnatDist)__seed264__fold3,2,1,0.289438,0.200000,0.986358,0.986134,0.972766
Ours (Atlas+AnatDist)__seed264__fold3,1,2,0.285271,0.200000,0.995112,0.996148,0.994051
Ours (Atlas+AnatDist)__seed264__fold3,2,2,0.290304,0.200000,0.976053,0.978669,0.992499
Ours (Atlas+AnatDist)__seed264__fold3,0,1,0.273797,0.200000,0.981704,0.980122,0.953720
Ours (Atlas+AnatDist)__seed264__fold3,1,1,0.274523,0.200000,0.983295,0.983030,0.964895
Ours (Atlas+AnatDist)__seed264__fold3,0,1,0.261942,0.200000,0.976152,0.974603,0.943729
Ours (Atlas+AnatDist)__seed264__fold3,1,1,0.260898,0.200000,0.968214,0.966170,0.932697
Ours (Atlas+AnatDist)__seed264__fold3,0,0,0.263976,0.200000,0.975087,0.973551,0.948105
Ours (Atlas+AnatDist)__seed264__fold3,0,0,0.263272,0.200000,0.983182,0.982513,0.959468
Ours (Atlas+AnatDist)__seed264__fold3,1,1,0.274700,0.200000,0.974002,0.972773,0.949781
Ours (Atlas+AnatDist)__seed264__fold3,0,1,0.274595,0.200000,0.973138,0.971853,0.950859
Ours (Atlas+AnatDist)__seed264__fold3,0,1,0.269785,0.200000,0.968993,0.967110,0.929911
Ours (Atlas+AnatDist)__seed264__fold3,1,0,0.272341,0.200000,0.986401,0.986042,0.963373
Ours (Atlas+AnatDist)__seed264__fold3,1,0,0.273950,0.200000,0.993293,0.993341,0.978634
Ours (Atlas+AnatDist)__seed264__fold3,2,2,0.289878,0.400000,0.978839,0.981577,0.995450
Ours (Atlas+AnatDist)__seed264__fold3,2,2,0.289499,0.200000,0.980991,0.983477,0.995328
Ours (Atlas+AnatDist)__seed264__fold3,1,1,0.277794,0.200000,0.982953,0.982482,0.962652
Ours (Atlas+AnatDist)__seed264__fold3,1,0,0.277265,0.200000,0.982147,0.981087,0.951336
Ours (Atlas+AnatDist)__seed264__fold3,1,1,0.277047,0.200000,0.975784,0.974728,0.953321
Ours (Atlas+AnatDist)__seed264__fold3,0,0,0.261309,0.200000,0.978756,0.977135,0.949356
Ours (Atlas+AnatDist)__seed264__fold3,1,1,0.269027,0.200000,0.969514,0.968180,0.937415
Ours (Atlas+AnatDist)__seed264__fold3,1,2,0.291199,0.400000,0.985355,0.987387,0.996252
Ours (Atlas+AnatDist)__seed264__fold3,0,0,0.262206,0.200000,0.962672,0.960480,0.929582
Ours (Atlas+AnatDist)__seed264__fold3,1,1,0.271853,0.200000,0.972367,0.970287,0.939227
Ours (Atlas+AnatDist)__seed264__fold3,2,1,0.282129,0.200000,0.991360,0.992449,0.988903
Ours (Atlas+AnatDist)__seed264__fold3,1,1,0.299264,0.200000,0.973095,0.973167,0.959383
Ours (Atlas+AnatDist)__seed264__fold3,1,0,0.261636,0.200000,0.971531,0.969812,0.940749
Ours (Atlas+AnatDist)__seed264__fold3,1,1,0.265612,0.200000,0.972021,0.970730,0.939701
Ours (Atlas+AnatDist)__seed264__fold3,2,2,0.290043,0.200000,0.981868,0.984171,0.995754
Ours (Atlas+AnatDist)__seed264__fold3,1,1,0.268282,0.200000,0.968329,0.967483,0.941550
Ours (Atlas+AnatDist)__seed264__fold3,2,2,0.280769,0.200000,0.975843,0.978773,0.991649
Ours (Atlas+AnatDist)__seed264__fold3,1,1,0.283791,0.200000,0.991831,0.992954,0.989472
Ours (Atlas+AnatDist)__seed264__fold3,1,1,0.260208,0.200000,0.970575,0.968827,0.938122
Ours (Atlas+AnatDist)__seed264__fold3,1,1,0.286666,0.200000,0.988745,0.989257,0.980369
Ours (Atlas+AnatDist)__seed264__fold3,0,1,0.291613,0.200000,0.984210,0.984529,0.973044
Ours (Atlas+AnatDist)__seed264__fold3,0,0,0.272089,0.200000,0.979792,0.978062,0.948710
Ours (Atlas+AnatDist)__seed264__fold3,0,0,0.280014,0.200000,0.985805,0.984888,0.967237
Ours (Atlas+AnatDist)__seed264__fold3,1,1,0.292084,0.200000,0.982676,0.982649,0.968224
Ours (Atlas+AnatDist)__seed264__fold3,1,1,0.289582,0.200000,0.987004,0.986433,0.970874
Ours (Atlas+AnatDist)__seed264__fold3,1,1,0.275925,0.200000,0.977114,0.977188,0.957951
Ours (Atlas+AnatDist)__seed264__fold3,2,1,0.273984,0.200000,0.981540,0.980438,0.956223
Ours (Atlas+AnatDist)__seed264__fold3,1,1,0.260290,0.200000,0.970000,0.968263,0.934240
Ours (Atlas+AnatDist)__seed264__fold3,2,1,0.283376,0.200000,0.989689,0.990237,0.983635
Ours (Atlas+AnatDist)__seed264__fold3,0,0,0.274698,0.200000,0.980913,0.979370,0.955389
Ours (Atlas+AnatDist)__seed264__fold3,0,2,0.278856,0.200000,0.994341,0.994908,0.987720
Ours (Atlas+AnatDist)__seed264__fold3,1,1,0.277820,0.200000,0.985144,0.984038,0.964255
Ours (Atlas+AnatDist)__seed264__fold3,1,1,0.285847,0.200000,0.992581,0.993712,0.986737
Ours (Atlas+AnatDist)__seed264__fold3,1,0,0.258362,0.200000,0.956917,0.954703,0.919997
Ours (Atlas+AnatDist)__seed264__fold4,2,2,0.343785,0.600000,0.939146,0.942060,0.970413
Ours (Atlas+AnatDist)__seed264__fold4,0,0,0.236333,0.200000,0.942535,0.938529,0.889233
Ours (Atlas+AnatDist)__seed264__fold4,2,2,0.336510,0.600000,0.960534,0.963022,0.983736
Ours (Atlas+AnatDist)__seed264__fold4,1,2,0.390947,0.800000,0.878958,0.882336,0.923619
Ours (Atlas+AnatDist)__seed264__fold4,2,2,0.351503,0.600000,0.927850,0.930755,0.960241
Ours (Atlas+AnatDist)__seed264__fold4,0,0,0.222978,0.200000,0.919498,0.914345,0.852571
Ours (Atlas+AnatDist)__seed264__fold4,1,1,0.250219,0.200000,0.829853,0.826227,0.773073
Ours (Atlas+AnatDist)__seed264__fold4,0,0,0.271230,0.200000,0.971419,0.970275,0.952832
Ours (Atlas+AnatDist)__seed264__fold4,1,1,0.238365,0.200000,0.909638,0.907235,0.854112
Ours (Atlas+AnatDist)__seed264__fold4,0,1,0.216159,0.200000,0.835202,0.828406,0.746943
Ours (Atlas+AnatDist)__seed264__fold4,0,1,0.236633,0.200000,0.856356,0.850050,0.781178
Ours (Atlas+AnatDist)__seed264__fold4,1,2,0.355036,0.800000,0.942358,0.945221,0.974433
Ours (Atlas+AnatDist)__seed264__fold4,0,0,0.226355,0.200000,0.900899,0.895570,0.832222
Ours (Atlas+AnatDist)__seed264__fold4,0,0,0.233624,0.200000,0.899379,0.894684,0.852854
Ours (Atlas+AnatDist)__seed264__fold4,1,1,0.295891,0.200000,0.881684,0.876793,0.833177
Ours (Atlas+AnatDist)__seed264__fold4,1,2,0.351626,0.800000,0.951676,0.954053,0.976571
Ours (Atlas+AnatDist)__seed264__fold4,2,2,0.373954,0.800000,0.915025,0.919802,0.956558
Ours (Atlas+AnatDist)__seed264__fold4,2,0,0.294654,0.400000,0.941850,0.941492,0.929233
Ours (Atlas+AnatDist)__seed264__fold4,1,0,0.213572,0.200000,0.853638,0.846736,0.777559
Ours (Atlas+AnatDist)__seed264__fold4,1,2,0.333267,0.600000,0.967332,0.969330,0.985973
Ours (Atlas+AnatDist)__seed264__fold4,1,0,0.241243,0.200000,0.913780,0.910252,0.857674
Ours (Atlas+AnatDist)__seed264__fold4,0,0,0.228995,0.200000,0.820343,0.816413,0.760143
Ours (Atlas+AnatDist)__seed264__fold4,1,0,0.218370,0.200000,0.910157,0.904088,0.832400
Ours (Atlas+AnatDist)__seed264__fold4,1,1,0.260697,0.200000,0.977749,0.975622,0.941009
Ours (Atlas+AnatDist)__seed264__fold4,0,0,0.240116,0.200000,0.916260,0.912010,0.859222
Ours (Atlas+AnatDist)__seed264__fold4,1,1,0.218663,0.200000,0.836440,0.832620,0.775883
Ours (Atlas+AnatDist)__seed264__fold4,2,0,0.225470,0.200000,0.889377,0.884136,0.829848
Ours (Atlas+AnatDist)__seed264__fold4,1,1,0.250088,0.200000,0.939840,0.935956,0.880700
Ours (Atlas+AnatDist)__seed264__fold4,1,1,0.272372,0.200000,0.988638,0.987451,0.964556
Ours (Atlas+AnatDist)__seed264__fold4,1,1,0.253753,0.200000,0.875853,0.870157,0.806060
Ours (Atlas+AnatDist)__seed264__fold4,2,2,0.335895,0.600000,0.963680,0.966083,0.985681
Ours (Atlas+AnatDist)__seed264__fold4,1,1,0.266379,0.200000,0.969546,0.967070,0.931293
Ours (Atlas+AnatDist)__seed264__fold4,2,2,0.376231,0.800000,0.913568,0.916423,0.949815
Ours (Atlas+AnatDist)__seed264__fold4,1,0,0.186535,0.200000,0.766247,0.758006,0.686836
Ours (Atlas+AnatDist)__seed264__fold4,1,1,0.273203,0.400000,0.922959,0.919461,0.873026
Ours (Atlas+AnatDist)__seed264__fold4,1,1,0.227270,0.200000,0.930015,0.925821,0.867976
Ours (Atlas+AnatDist)__seed264__fold4,0,1,0.191038,0.200000,0.789992,0.783510,0.694075
Ours (Atlas+AnatDist)__seed264__fold4,0,1,0.214873,0.200000,0.805690,0.800372,0.728659
Ours (Atlas+AnatDist)__seed264__fold4,0,1,0.228601,0.200000,0.914600,0.909440,0.851786
Ours (Atlas+AnatDist)__seed264__fold4,1,1,0.243575,0.200000,0.873438,0.868469,0.814097
Ours (Atlas+AnatDist)__seed264__fold4,1,2,0.343993,0.600000,0.925191,0.928528,0.959251
Ours (Atlas+AnatDist)__seed264__fold4,1,0,0.274190,0.200000,0.897144,0.895505,0.864309
Ours (Atlas+AnatDist)__seed264__fold4,2,2,0.419861,0.600000,0.814154,0.817725,0.866986
Ours (Atlas+AnatDist)__seed264__fold4,1,1,0.216912,0.200000,0.806486,0.799580,0.720295
Ours (Atlas+AnatDist)__seed264__fold4,2,2,0.390857,0.600000,0.877443,0.881023,0.923490
Ours (Atlas+AnatDist)__seed264__fold4,0,0,0.230053,0.200000,0.923655,0.919577,0.871334
Ours (Atlas+AnatDist)__seed264__fold4,0,0,0.262558,0.200000,0.956647,0.954162,0.919926
Ours (Atlas+AnatDist)__seed264__fold4,1,1,0.257864,0.200000,0.980509,0.978498,0.945364
Ours (Atlas+AnatDist)__seed264__fold4,1,1,0.214077,0.200000,0.811267,0.804141,0.734532
Ours (Atlas+AnatDist)__seed264__fold4,1,1,0.269295,0.400000,0.888202,0.883734,0.825228
Ours (Atlas+AnatDist)__seed375__fold0,0,0,0.267533,0.000000,0.995353,0.995286,0.977304
Ours (Atlas+AnatDist)__seed375__fold0,0,0,0.275781,0.000000,0.997039,0.997174,0.981949
Ours (Atlas+AnatDist)__seed375__fold0,2,2,0.273511,0.000000,0.975913,0.979154,0.992496
Ours (Atlas+AnatDist)__seed375__fold0,0,0,0.272002,0.000000,0.996515,0.996748,0.981742
Ours (Atlas+AnatDist)__seed375__fold0,1,1,0.265443,0.000000,0.993193,0.993864,0.980310
Ours (Atlas+AnatDist)__seed375__fold0,0,0,0.278961,0.000000,0.995874,0.996164,0.984215
Ours (Atlas+AnatDist)__seed375__fold0,0,0,0.279270,0.000000,0.996477,0.996902,0.986260
Ours (Atlas+AnatDist)__seed375__fold0,1,1,0.271884,0.200000,0.993372,0.993954,0.982122
Ours (Atlas+AnatDist)__seed375__fold0,0,1,0.277747,0.000000,0.996377,0.997149,0.988187
Ours (Atlas+AnatDist)__seed375__fold0,0,1,0.284588,0.200000,0.992947,0.993882,0.985194
Ours (Atlas+AnatDist)__seed375__fold0,1,1,0.275885,0.200000,0.994758,0.996084,0.990999
Ours (Atlas+AnatDist)__seed375__fold0,2,2,0.284385,0.200000,0.978525,0.981863,0.997097
Ours (Atlas+AnatDist)__seed375__fold0,1,0,0.275257,0.000000,0.996025,0.996631,0.985988
Ours (Atlas+AnatDist)__seed375__fold0,2,2,0.279154,0.000000,0.980719,0.984004,0.994735
Ours (Atlas+AnatDist)__seed375__fold0,1,1,0.281791,0.200000,0.994062,0.994788,0.984100
Ours (Atlas+AnatDist)__seed375__fold0,1,1,0.268609,0.200000,0.991720,0.992828,0.983082
Ours (Atlas+AnatDist)__seed375__fold0,1,1,0.274648,0.000000,0.995981,0.996806,0.987691
Ours (Atlas+AnatDist)__seed375__fold0,2,2,0.284678,0.200000,0.972568,0.976423,0.994985
Ours (Atlas+AnatDist)__seed375__fold0,1,1,0.295565,0.400000,0.972158,0.974986,0.985858
Ours (Atlas+AnatDist)__seed375__fold0,2,2,0.281732,0.000000,0.971667,0.975319,0.993453
Ours (Atlas+AnatDist)__seed375__fold0,1,0,0.273021,0.000000,0.996692,0.996554,0.978427
Ours (Atlas+AnatDist)__seed375__fold0,0,1,0.275624,0.200000,0.995163,0.995660,0.983672
Ours (Atlas+AnatDist)__seed375__fold0,1,1,0.269580,0.200000,0.994415,0.994817,0.979246
Ours (Atlas+AnatDist)__seed375__fold0,1,1,0.273390,0.000000,0.991746,0.993236,0.987843
Ours (Atlas+AnatDist)__seed375__fold0,2,2,0.284220,0.200000,0.963530,0.967807,0.989653
Ours (Atlas+AnatDist)__seed375__fold0,1,1,0.275037,0.000000,0.980005,0.982823,0.988356
Ours (Atlas+AnatDist)__seed375__fold0,1,1,0.273516,0.200000,0.993584,0.994937,0.989241
Ours (Atlas+AnatDist)__seed375__fold0,0,1,0.279697,0.200000,0.985774,0.988268,0.990747
Ours (Atlas+AnatDist)__seed375__fold0,1,1,0.269760,0.200000,0.995751,0.995871,0.979934
Ours (Atlas+AnatDist)__seed375__fold0,1,1,0.273487,0.200000,0.994888,0.994957,0.977936
Ours (Atlas+AnatDist)__seed375__fold0,0,1,0.280634,0.400000,0.991195,0.992258,0.986019
Ours (Atlas+AnatDist)__seed375__fold0,2,0,0.270178,0.200000,0.995861,0.995837,0.977201
Ours (Atlas+AnatDist)__seed375__fold0,1,1,0.274635,0.000000,0.996396,0.997095,0.987004
Ours (Atlas+AnatDist)__seed375__fold0,1,1,0.268365,0.200000,0.989920,0.991637,0.986473
Ours (Atlas+AnatDist)__seed375__fold0,1,0,0.279371,0.200000,0.994891,0.995990,0.991382
Ours (Atlas+AnatDist)__seed375__fold0,2,2,0.280430,0.000000,0.969630,0.973424,0.991569
Ours (Atlas+AnatDist)__seed375__fold0,1,1,0.277780,0.200000,0.992895,0.994320,0.990563
Ours (Atlas+AnatDist)__seed375__fold0,2,2,0.272498,0.000000,0.971365,0.975168,0.990749
Ours (Atlas+AnatDist)__seed375__fold0,1,1,0.271403,0.200000,0.995627,0.995628,0.978333
Ours (Atlas+AnatDist)__seed375__fold0,1,0,0.271631,0.000000,0.996338,0.996292,0.979251
Ours (Atlas+AnatDist)__seed375__fold0,2,2,0.279625,0.000000,0.966355,0.970380,0.991099
Ours (Atlas+AnatDist)__seed375__fold0,2,1,0.276794,0.200000,0.993245,0.994503,0.989059
Ours (Atlas+AnatDist)__seed375__fold0,1,1,0.278366,0.400000,0.993289,0.993761,0.982378
Ours (Atlas+AnatDist)__seed375__fold0,0,1,0.276904,0.000000,0.990677,0.992721,0.994721
Ours (Atlas+AnatDist)__seed375__fold0,1,0,0.277759,0.200000,0.995523,0.995295,0.977935
Ours (Atlas+AnatDist)__seed375__fold0,2,2,0.268472,0.200000,0.974902,0.978235,0.988500
Ours (Atlas+AnatDist)__seed375__fold0,1,1,0.270023,0.200000,0.990393,0.991883,0.985018
Ours (Atlas+AnatDist)__seed375__fold0,0,0,0.277853,0.000000,0.995489,0.996613,0.991881
Ours (Atlas+AnatDist)__seed375__fold0,1,0,0.280423,0.000000,0.994121,0.995535,0.994392
Ours (Atlas+AnatDist)__seed375__fold0,2,2,0.281347,0.400000,0.990956,0.993023,0.996313
Ours (Atlas+AnatDist)__seed375__fold1,1,1,0.291826,0.400000,0.993102,0.994196,0.989251
Ours (Atlas+AnatDist)__seed375__fold1,2,2,0.275190,0.000000,0.980754,0.982920,0.993690
Ours (Atlas+AnatDist)__seed375__fold1,1,1,0.304018,0.600000,0.983605,0.984641,0.978785
Ours (Atlas+AnatDist)__seed375__fold1,0,1,0.303960,0.600000,0.985310,0.986234,0.980046
Ours (Atlas+AnatDist)__seed375__fold1,1,0,0.284005,0.200000,0.994391,0.995096,0.987840
Ours (Atlas+AnatDist)__seed375__fold1,1,1,0.291007,0.400000,0.983046,0.983529,0.971194
Ours (Atlas+AnatDist)__seed375__fold1,1,1,0.307851,0.600000,0.982997,0.984567,0.983173
Ours (Atlas+AnatDist)__seed375__fold1,0,0,0.297167,0.400000,0.990930,0.992007,0.990654
Ours (Atlas+AnatDist)__seed375__fold1,0,0,0.299051,0.600000,0.990002,0.991499,0.992130
Ours (Atlas+AnatDist)__seed375__fold1,2,2,0.278884,0.000000,0.980984,0.983866,0.996487
Ours (Atlas+AnatDist)__seed375__fold1,1,0,0.294654,0.400000,0.990971,0.992645,0.994970
Ours (Atlas+AnatDist)__seed375__fold1,2,1,0.290015,0.400000,0.993389,0.994178,0.986928
Ours (Atlas+AnatDist)__seed375__fold1,0,0,0.297506,0.200000,0.988043,0.989447,0.988902
Ours (Atlas+AnatDist)__seed375__fold1,2,2,0.276718,0.200000,0.982162,0.983680,0.988675
Ours (Atlas+AnatDist)__seed375__fold1,0,0,0.285886,0.200000,0.993122,0.993932,0.987524
Ours (Atlas+AnatDist)__seed375__fold1,1,0,0.281517,0.200000,0.988943,0.990083,0.986385
Ours (Atlas+AnatDist)__seed375__fold1,0,0,0.281972,0.200000,0.996220,0.996628,0.987777
Ours (Atlas+AnatDist)__seed375__fold1,0,0,0.299829,0.400000,0.991383,0.992234,0.988484
Ours (Atlas+AnatDist)__seed375__fold1,1,1,0.285768,0.200000,0.994149,0.995287,0.993446
Ours (Atlas+AnatDist)__seed375__fold1,0,1,0.292582,0.400000,0.988949,0.989209,0.975377
Ours (Atlas+AnatDist)__seed375__fold1,1,1,0.300702,0.800000,0.987453,0.988610,0.983610
Ours (Atlas+AnatDist)__seed375__fold1,0,0,0.292147,0.400000,0.987760,0.989127,0.986167
Ours (Atlas+AnatDist)__seed375__fold1,0,1,0.298704,0.400000,0.984715,0.985724,0.978403
Ours (Atlas+AnatDist)__seed375__fold1,2,1,0.286195,0.200000,0.994321,0.995166,0.988506
Ours (Atlas+AnatDist)__seed375__fold1,2,2,0.280523,0.400000,0.980994,0.983688,0.996106
Ours (Atlas+AnatDist)__seed375__fold1,1,0,0.288162,0.200000,0.993603,0.994660,0.990527
Ours (Atlas+AnatDist)__seed375__fold1,1,1,0.294901,0.600000,0.985653,0.988185,0.995780
Ours (Atlas+AnatDist)__seed375__fold1,1,2,0.284173,0.400000,0.981567,0.984280,0.996363
Ours (Atlas+AnatDist)__seed375__fold1,2,0,0.280727,0.000000,0.993318,0.993950,0.990334
Ours (Atlas+AnatDist)__seed375__fold1,1,1,0.293181,0.400000,0.988457,0.989412,0.982632
Ours (Atlas+AnatDist)__seed375__fold1,1,0,0.293074,0.400000,0.991009,0.992102,0.987624
Ours (Atlas+AnatDist)__seed375__fold1,1,1,0.292672,0.400000,0.979503,0.980352,0.972103
Ours (Atlas+AnatDist)__seed375__fold1,1,0,0.298768,0.400000,0.989384,0.990590,0.988426
Ours (Atlas+AnatDist)__seed375__fold1,1,1,0.308343,0.600000,0.978887,0.981442,0.985747
Ours (Atlas+AnatDist)__seed375__fold1,0,2,0.285013,0.200000,0.992584,0.993622,0.993300
Ours (Atlas+AnatDist)__seed375__fold1,1,0,0.280545,0.200000,0.994432,0.995268,0.991292
Ours (Atlas+AnatDist)__seed375__fold1,0,1,0.291635,0.400000,0.992603,0.993208,0.986224
Ours (Atlas+AnatDist)__seed375__fold1,0,0,0.298786,0.400000,0.990174,0.991513,0.990044
Ours (Atlas+AnatDist)__seed375__fold1,1,2,0.295213,0.600000,0.987134,0.989534,0.996626
Ours (Atlas+AnatDist)__seed375__fold1,0,0,0.289863,0.400000,0.994234,0.994627,0.985575
Ours (Atlas+AnatDist)__seed375__fold1,1,0,0.295185,0.400000,0.993230,0.994046,0.990749
Ours (Atlas+AnatDist)__seed375__fold1,1,1,0.290501,0.400000,0.993158,0.994180,0.987768
Ours (Atlas+AnatDist)__seed375__fold1,1,1,0.293935,0.600000,0.988077,0.990313,0.996670
Ours (Atlas+AnatDist)__seed375__fold1,1,1,0.304445,0.600000,0.979991,0.981653,0.978263
Ours (Atlas+AnatDist)__seed375__fold1,1,1,0.292736,0.400000,0.988485,0.989295,0.980728
Ours (Atlas+AnatDist)__seed375__fold1,1,1,0.304314,0.600000,0.984612,0.986084,0.989687
Ours (Atlas+AnatDist)__seed375__fold1,0,0,0.296479,0.200000,0.981534,0.983075,0.981948
Ours (Atlas+AnatDist)__seed375__fold1,1,1,0.309642,0.600000,0.979040,0.980136,0.978154
Ours (Atlas+AnatDist)__seed375__fold1,2,2,0.289202,0.400000,0.987870,0.990132,0.997405
Ours (Atlas+AnatDist)__seed375__fold1,1,1,0.304096,0.400000,0.985216,0.986090,0.983014
Ours (Atlas+AnatDist)__seed375__fold2,1,1,0.272879,0.000000,0.996019,0.997350,0.990503
Ours (Atlas+AnatDist)__seed375__fold2,2,1,0.271618,0.000000,0.995086,0.996500,0.989994
Ours (Atlas+AnatDist)__seed375__fold2,1,0,0.193847,0.000000,0.903150,0.902856,0.856990
Ours (Atlas+AnatDist)__seed375__fold2,0,1,0.212014,0.000000,0.964937,0.963499,0.919693
Ours (Atlas+AnatDist)__seed375__fold2,1,0,0.204148,0.000000,0.951618,0.948381,0.892817
Ours (Atlas+AnatDist)__seed375__fold2,1,1,0.237562,0.000000,0.979241,0.978712,0.943468
Ours (Atlas+AnatDist)__seed375__fold2,1,0,0.246562,0.200000,0.946339,0.946538,0.917866
Ours (Atlas+AnatDist)__seed375__fold2,0,0,0.236573,0.200000,0.957604,0.957579,0.926068
Ours (Atlas+AnatDist)__seed375__fold2,0,0,0.250942,0.200000,0.964408,0.964136,0.937811
Ours (Atlas+AnatDist)__seed375__fold2,2,2,0.392955,0.600000,0.874423,0.878136,0.915302
Ours (Atlas+AnatDist)__seed375__fold2,1,1,0.179515,0.000000,0.889075,0.886379,0.816774
Ours (Atlas+AnatDist)__seed375__fold2,2,2,0.324043,0.400000,0.917302,0.922045,0.960071
Ours (Atlas+AnatDist)__seed375__fold2,0,0,0.219079,0.000000,0.939318,0.938452,0.896845
Ours (Atlas+AnatDist)__seed375__fold2,2,2,0.338850,0.600000,0.951860,0.954967,0.979735
Ours (Atlas+AnatDist)__seed375__fold2,0,0,0.189516,0.000000,0.903690,0.900427,0.828457
Ours (Atlas+AnatDist)__seed375__fold2,1,1,0.244502,0.000000,0.988977,0.989539,0.969322
Ours (Atlas+AnatDist)__seed375__fold2,0,0,0.240638,0.200000,0.965935,0.965374,0.930632
Ours (Atlas+AnatDist)__seed375__fold2,0,1,0.249260,0.000000,0.974311,0.974208,0.943497
Ours (Atlas+AnatDist)__seed375__fold2,1,0,0.201190,0.000000,0.949505,0.948691,0.905290
Ours (Atlas+AnatDist)__seed375__fold2,0,0,0.207610,0.000000,0.947630,0.946521,0.905661
Ours (Atlas+AnatDist)__seed375__fold2,1,1,0.291050,0.400000,0.979211,0.982095,0.996122
Ours (Atlas+AnatDist)__seed375__fold2,0,1,0.232861,0.000000,0.958665,0.957023,0.910863
Ours (Atlas+AnatDist)__seed375__fold2,0,1,0.255708,0.000000,0.982075,0.981746,0.955258
Ours (Atlas+AnatDist)__seed375__fold2,2,1,0.251515,0.000000,0.995408,0.995543,0.974432
Ours (Atlas+AnatDist)__seed375__fold2,2,1,0.185535,0.000000,0.918814,0.916228,0.852430
Ours (Atlas+AnatDist)__seed375__fold2,1,1,0.197004,0.000000,0.935372,0.933219,0.875385
Ours (Atlas+AnatDist)__seed375__fold2,1,0,0.238807,0.200000,0.972357,0.973032,0.947090
Ours (Atlas+AnatDist)__seed375__fold2,1,2,0.334979,0.600000,0.959898,0.962755,0.983703
Ours (Atlas+AnatDist)__seed375__fold2,2,2,0.337995,0.400000,0.918960,0.922941,0.959938
Ours (Atlas+AnatDist)__seed375__fold2,1,1,0.241556,0.000000,0.985708,0.986425,0.965974
Ours (Atlas+AnatDist)__seed375__fold2,1,1,0.228883,0.000000,0.972075,0.971449,0.934292
Ours (Atlas+AnatDist)__seed375__fold2,1,1,0.251575,0.000000,0.958347,0.957308,0.917593
Ours (Atlas+AnatDist)__seed375__fold2,1,0,0.215410,0.000000,0.959915,0.958521,0.919520
Ours (Atlas+AnatDist)__seed375__fold2,1,1,0.247120,0.000000,0.988679,0.987778,0.957441
Ours (Atlas+AnatDist)__seed375__fold2,0,1,0.248926,0.200000,0.940065,0.939546,0.898873
Ours (Atlas+AnatDist)__seed375__fold2,1,1,0.180408,0.000000,0.898981,0.896672,0.828728
Ours (Atlas+AnatDist)__seed375__fold2,0,0,0.214563,0.000000,0.947987,0.946429,0.897818
Ours (Atlas+AnatDist)__seed375__fold2,0,0,0.255197,0.000000,0.977987,0.978176,0.954907
Ours (Atlas+AnatDist)__seed375__fold2,1,1,0.259836,0.000000,0.987853,0.988451,0.967096
Ours (Atlas+AnatDist)__seed375__fold2,0,0,0.217274,0.000000,0.963011,0.961831,0.922983
Ours (Atlas+AnatDist)__seed375__fold2,1,1,0.210767,0.000000,0.908735,0.909492,0.865987
Ours (Atlas+AnatDist)__seed375__fold2,1,1,0.265432,0.000000,0.993355,0.994778,0.985098
Ours (Atlas+AnatDist)__seed375__fold2,1,0,0.213001,0.200000,0.900332,0.899119,0.847541
Ours (Atlas+AnatDist)__seed375__fold2,1,1,0.203949,0.000000,0.939394,0.938043,0.889983
Ours (Atlas+AnatDist)__seed375__fold2,1,1,0.285867,0.400000,0.983363,0.986064,0.996223
Ours (Atlas+AnatDist)__seed375__fold2,1,1,0.213167,0.000000,0.972225,0.971296,0.929049
Ours (Atlas+AnatDist)__seed375__fold2,0,0,0.244047,0.200000,0.954915,0.953497,0.911380
Ours (Atlas+AnatDist)__seed375__fold2,1,0,0.215065,0.000000,0.962609,0.963789,0.938872
Ours (Atlas+AnatDist)__seed375__fold2,2,1,0.268868,0.400000,0.990084,0.991546,0.980359
Ours (Atlas+AnatDist)__seed375__fold2,1,1,0.283654,0.200000,0.985358,0.988089,0.997192
Ours (Atlas+AnatDist)__seed375__fold3,1,1,0.304152,0.400000,0.981120,0.980913,0.963093
Ours (Atlas+AnatDist)__seed375__fold3,2,2,0.290331,0.400000,0.988880,0.990973,0.997629
Ours (Atlas+AnatDist)__seed375__fold3,1,1,0.273773,0.200000,0.992297,0.991953,0.975263
Ours (Atlas+AnatDist)__seed375__fold3,0,1,0.277454,0.200000,0.994270,0.995554,0.990680
Ours (Atlas+AnatDist)__seed375__fold3,1,1,0.263497,0.200000,0.982993,0.982972,0.963634
Ours (Atlas+AnatDist)__seed375__fold3,1,1,0.302282,0.400000,0.982214,0.984844,0.996285
Ours (Atlas+AnatDist)__seed375__fold3,1,1,0.273717,0.200000,0.994806,0.994632,0.979821
Ours (Atlas+AnatDist)__seed375__fold3,0,0,0.262579,0.200000,0.977744,0.977525,0.953862
Ours (Atlas+AnatDist)__seed375__fold3,0,1,0.273641,0.200000,0.996113,0.996321,0.984151
Ours (Atlas+AnatDist)__seed375__fold3,2,1,0.273003,0.000000,0.992427,0.991922,0.971902
Ours (Atlas+AnatDist)__seed375__fold3,1,1,0.270716,0.200000,0.991535,0.990686,0.967247
Ours (Atlas+AnatDist)__seed375__fold3,2,1,0.302257,0.400000,0.981627,0.984028,0.993851
Ours (Atlas+AnatDist)__seed375__fold3,0,1,0.269512,0.200000,0.992797,0.991817,0.970996
Ours (Atlas+AnatDist)__seed375__fold3,2,2,0.304453,0.600000,0.976400,0.979336,0.996815
Ours (Atlas+AnatDist)__seed375__fold3,0,1,0.271240,0.200000,0.975734,0.974938,0.951810
Ours (Atlas+AnatDist)__seed375__fold3,1,1,0.293390,0.400000,0.990753,0.992533,0.994131
Ours (Atlas+AnatDist)__seed375__fold3,0,1,0.257044,0.000000,0.986519,0.985094,0.954844
Ours (Atlas+AnatDist)__seed375__fold3,0,0,0.259983,0.000000,0.990572,0.989942,0.968082
Ours (Atlas+AnatDist)__seed375__fold3,1,0,0.259120,0.200000,0.983389,0.982240,0.953538
Ours (Atlas+AnatDist)__seed375__fold3,0,1,0.277832,0.200000,0.994229,0.995166,0.987483
Ours (Atlas+AnatDist)__seed375__fold3,1,1,0.297222,0.400000,0.987311,0.989569,0.996925
Ours (Atlas+AnatDist)__seed375__fold3,0,0,0.274164,0.200000,0.995065,0.995748,0.986580
Ours (Atlas+AnatDist)__seed375__fold3,0,0,0.266861,0.200000,0.993389,0.993281,0.977359
Ours (Atlas+AnatDist)__seed375__fold3,2,2,0.295836,0.600000,0.974074,0.977062,0.994769
Ours (Atlas+AnatDist)__seed375__fold3,2,1,0.272236,0.400000,0.991323,0.990669,0.968087
Ours (Atlas+AnatDist)__seed375__fold3,1,0,0.271114,0.200000,0.977376,0.975963,0.947419
Ours (Atlas+AnatDist)__seed375__fold3,1,2,0.298794,0.400000,0.979112,0.981981,0.997208
Ours (Atlas+AnatDist)__seed375__fold3,1,0,0.274470,0.400000,0.980707,0.978910,0.950021
Ours (Atlas+AnatDist)__seed375__fold3,2,2,0.307406,0.600000,0.972282,0.975474,0.994565
Ours (Atlas+AnatDist)__seed375__fold3,1,1,0.285268,0.400000,0.989307,0.989891,0.980131
Ours (Atlas+AnatDist)__seed375__fold3,1,1,0.287959,0.200000,0.993748,0.995001,0.993163
Ours (Atlas+AnatDist)__seed375__fold3,1,0,0.258610,0.000000,0.986822,0.985425,0.962618
Ours (Atlas+AnatDist)__seed375__fold3,1,0,0.273888,0.400000,0.990704,0.990753,0.975094
Ours (Atlas+AnatDist)__seed375__fold3,1,2,0.300040,0.600000,0.981061,0.983882,0.997605
Ours (Atlas+AnatDist)__seed375__fold3,0,0,0.277892,0.200000,0.994614,0.995461,0.990808
Ours (Atlas+AnatDist)__seed375__fold3,1,1,0.275394,0.200000,0.993747,0.993883,0.982034
Ours (Atlas+AnatDist)__seed375__fold3,0,0,0.261502,0.000000,0.986109,0.985389,0.961030
Ours (Atlas+AnatDist)__seed375__fold3,0,1,0.284591,0.200000,0.995220,0.995610,0.985574
Ours (Atlas+AnatDist)__seed375__fold3,1,2,0.301840,0.400000,0.982330,0.984986,0.996714
Ours (Atlas+AnatDist)__seed375__fold3,0,0,0.270577,0.200000,0.992118,0.991978,0.975209
Ours (Atlas+AnatDist)__seed375__fold3,1,1,0.285384,0.200000,0.994988,0.995694,0.989053
Ours (Atlas+AnatDist)__seed375__fold3,1,1,0.280762,0.200000,0.994438,0.994332,0.981403
Ours (Atlas+AnatDist)__seed375__fold3,1,1,0.289457,0.200000,0.993163,0.994510,0.993494
Ours (Atlas+AnatDist)__seed375__fold3,1,1,0.277886,0.000000,0.993628,0.994391,0.991118
Ours (Atlas+AnatDist)__seed375__fold3,1,1,0.278827,0.400000,0.979659,0.978636,0.956937
Ours (Atlas+AnatDist)__seed375__fold3,1,1,0.298180,0.200000,0.984605,0.986979,0.996055
Ours (Atlas+AnatDist)__seed375__fold3,0,0,0.269594,0.200000,0.988499,0.987596,0.971214
Ours (Atlas+AnatDist)__seed375__fold3,1,1,0.277354,0.400000,0.984166,0.983813,0.961333
Ours (Atlas+AnatDist)__seed375__fold3,2,1,0.297203,0.200000,0.986068,0.988261,0.994868
Ours (Atlas+AnatDist)__seed375__fold3,1,2,0.301244,0.400000,0.981691,0.984349,0.995067
Ours (Atlas+AnatDist)__seed375__fold4,1,0,0.256962,0.000000,0.990918,0.992930,0.992971
Ours (Atlas+AnatDist)__seed375__fold4,2,2,0.300418,0.600000,0.987094,0.989140,0.997767
Ours (Atlas+AnatDist)__seed375__fold4,1,1,0.245168,0.000000,0.979911,0.982972,0.987875
Ours (Atlas+AnatDist)__seed375__fold4,0,0,0.267770,0.000000,0.991910,0.993763,0.994389
Ours (Atlas+AnatDist)__seed375__fold4,1,1,0.255623,0.000000,0.986044,0.988615,0.990372
Ours (Atlas+AnatDist)__seed375__fold4,1,2,0.302059,0.600000,0.985590,0.987856,0.996829
Ours (Atlas+AnatDist)__seed375__fold4,1,0,0.252120,0.000000,0.992392,0.993951,0.989808
Ours (Atlas+AnatDist)__seed375__fold4,0,0,0.266710,0.000000,0.992939,0.994632,0.994530
Ours (Atlas+AnatDist)__seed375__fold4,0,0,0.264122,0.000000,0.994298,0.995584,0.991837
Ours (Atlas+AnatDist)__seed375__fold4,2,0,0.259208,0.000000,0.992229,0.994141,0.993157
Ours (Atlas+AnatDist)__seed375__fold4,1,1,0.246710,0.000000,0.981976,0.984955,0.989989
Ours (Atlas+AnatDist)__seed375__fold4,2,2,0.298259,0.600000,0.986810,0.988943,0.998530
Ours (Atlas+AnatDist)__seed375__fold4,0,0,0.255043,0.000000,0.991437,0.993365,0.992141
Ours (Atlas+AnatDist)__seed375__fold4,2,2,0.302566,0.600000,0.986758,0.988654,0.997630
Ours (Atlas+AnatDist)__seed375__fold4,0,0,0.269905,0.000000,0.992941,0.994317,0.993080
Ours (Atlas+AnatDist)__seed375__fold4,1,1,0.270906,0.000000,0.988402,0.990690,0.992915
Ours (Atlas+AnatDist)__seed375__fold4,0,0,0.268846,0.000000,0.992035,0.993948,0.995897
Ours (Atlas+AnatDist)__seed375__fold4,0,1,0.263682,0.000000,0.991955,0.993865,0.993376
Ours (Atlas+AnatDist)__seed375__fold4,1,1,0.283043,0.200000,0.984359,0.986793,0.990319
Ours (Atlas+AnatDist)__seed375__fold4,0,0,0.264235,0.000000,0.990759,0.992832,0.994615
Ours (Atlas+AnatDist)__seed375__fold4,1,2,0.277438,0.200000,0.990077,0.992252,0.997274
Ours (Atlas+AnatDist)__seed375__fold4,0,0,0.267873,0.000000,0.991102,0.993207,0.995828
Ours (Atlas+AnatDist)__seed375__fold4,0,0,0.262618,0.000000,0.992759,0.994605,0.992338
Ours (Atlas+AnatDist)__seed375__fold4,2,2,0.298999,0.600000,0.986884,0.989104,0.995927
Ours (Atlas+AnatDist)__seed375__fold4,2,1,0.278453,0.400000,0.986147,0.988564,0.991077
Ours (Atlas+AnatDist)__seed375__fold4,1,1,0.258169,0.000000,0.989265,0.991078,0.988563
Ours (Atlas+AnatDist)__seed375__fold4,1,0,0.262829,0.000000,0.988888,0.991120,0.994410
Ours (Atlas+AnatDist)__seed375__fold4,1,0,0.274621,0.000000,0.991329,0.993415,0.996724
Ours (Atlas+AnatDist)__seed375__fold4,2,2,0.278175,0.400000,0.990373,0.992477,0.995450
Ours (Atlas+AnatDist)__seed375__fold4,1,1,0.260857,0.000000,0.991706,0.993632,0.991768
Ours (Atlas+AnatDist)__seed375__fold4,1,1,0.251225,0.000000,0.988580,0.990920,0.990910
Ours (Atlas+AnatDist)__seed375__fold4,1,1,0.251992,0.000000,0.988128,0.990300,0.988651
Ours (Atlas+AnatDist)__seed375__fold4,1,2,0.285360,0.400000,0.989233,0.991441,0.998275
Ours (Atlas+AnatDist)__seed375__fold4,1,1,0.260513,0.000000,0.987540,0.990017,0.993265
Ours (Atlas+AnatDist)__seed375__fold4,0,0,0.261709,0.000000,0.990428,0.992562,0.993793
Ours (Atlas+AnatDist)__seed375__fold4,1,2,0.294848,0.600000,0.987693,0.989830,0.998613
Ours (Atlas+AnatDist)__seed375__fold4,0,1,0.254686,0.000000,0.989042,0.991141,0.989365
Ours (Atlas+AnatDist)__seed375__fold4,0,0,0.269819,0.000000,0.994797,0.996265,0.993390
Ours (Atlas+AnatDist)__seed375__fold4,1,1,0.265604,0.000000,0.988943,0.991172,0.992958
Ours (Atlas+AnatDist)__seed375__fold4,0,1,0.276477,0.200000,0.990118,0.992375,0.997271
Ours (Atlas+AnatDist)__seed375__fold4,1,1,0.264002,0.000000,0.990236,0.992319,0.991821
Ours (Atlas+AnatDist)__seed375__fold4,1,0,0.255261,0.000000,0.991757,0.993614,0.991672
Ours (Atlas+AnatDist)__seed375__fold4,1,0,0.257643,0.200000,0.991739,0.993480,0.991569
Ours (Atlas+AnatDist)__seed375__fold4,1,1,0.270651,0.200000,0.992551,0.994254,0.993877
Ours (Atlas+AnatDist)__seed375__fold4,1,1,0.280458,0.400000,0.993071,0.994475,0.991997
Ours (Atlas+AnatDist)__seed375__fold4,1,1,0.263084,0.000000,0.992299,0.994009,0.992020
Ours (Atlas+AnatDist)__seed375__fold4,0,0,0.273585,0.000000,0.990332,0.992519,0.997140
Ours (Atlas+AnatDist)__seed375__fold4,1,1,0.275436,0.400000,0.990206,0.991962,0.992865
Ours (Atlas+AnatDist)__seed375__fold4,2,2,0.302803,0.800000,0.987285,0.989155,0.997468
Ours (Atlas+AnatDist)__seed375__fold4,1,1,0.255511,0.000000,0.989082,0.991393,0.991666
Ours (Atlas+AnatDist)__seed42__fold0,0,1,0.281082,0.200000,0.993827,0.994612,0.983873
Ours (Atlas+AnatDist)__seed42__fold0,2,1,0.287658,0.200000,0.992652,0.993813,0.986467
Ours (Atlas+AnatDist)__seed42__fold0,2,1,0.285414,0.200000,0.993679,0.995223,0.991821
Ours (Atlas+AnatDist)__seed42__fold0,1,1,0.285186,0.200000,0.991019,0.992101,0.983865
Ours (Atlas+AnatDist)__seed42__fold0,1,1,0.265391,0.200000,0.978757,0.976803,0.943619
Ours (Atlas+AnatDist)__seed42__fold0,0,0,0.268482,0.200000,0.981012,0.979347,0.955108
Ours (Atlas+AnatDist)__seed42__fold0,1,0,0.259991,0.200000,0.950000,0.946093,0.908353
Ours (Atlas+AnatDist)__seed42__fold0,0,1,0.283099,0.200000,0.992264,0.993161,0.984273
Ours (Atlas+AnatDist)__seed42__fold0,1,1,0.268457,0.200000,0.954559,0.951888,0.920025
Ours (Atlas+AnatDist)__seed42__fold0,0,0,0.264575,0.200000,0.977457,0.975172,0.943692
Ours (Atlas+AnatDist)__seed42__fold0,1,1,0.263886,0.200000,0.981918,0.980087,0.948128
Ours (Atlas+AnatDist)__seed42__fold0,0,0,0.266948,0.200000,0.963276,0.961435,0.937807
Ours (Atlas+AnatDist)__seed42__fold0,0,1,0.274119,0.200000,0.985684,0.985017,0.963674
Ours (Atlas+AnatDist)__seed42__fold0,1,1,0.274816,0.200000,0.989619,0.989368,0.965932
Ours (Atlas+AnatDist)__seed42__fold0,1,1,0.271967,0.200000,0.983438,0.982087,0.953074
Ours (Atlas+AnatDist)__seed42__fold0,1,2,0.282301,0.200000,0.981415,0.984414,0.992200
Ours (Atlas+AnatDist)__seed42__fold0,2,1,0.276970,0.200000,0.994500,0.995062,0.981371
Ours (Atlas+AnatDist)__seed42__fold0,1,1,0.270308,0.200000,0.951887,0.950192,0.925821
Ours (Atlas+AnatDist)__seed42__fold0,0,0,0.279445,0.200000,0.985232,0.984017,0.959728
Ours (Atlas+AnatDist)__seed42__fold0,1,1,0.273339,0.200000,0.981124,0.980383,0.956685
Ours (Atlas+AnatDist)__seed42__fold0,2,1,0.271043,0.200000,0.993414,0.992711,0.969544
Ours (Atlas+AnatDist)__seed42__fold0,1,1,0.275534,0.200000,0.993644,0.993765,0.977525
Ours (Atlas+AnatDist)__seed42__fold0,1,1,0.276943,0.200000,0.996200,0.996984,0.990688
Ours (Atlas+AnatDist)__seed42__fold0,0,1,0.270642,0.200000,0.994025,0.993362,0.969721
Ours (Atlas+AnatDist)__seed42__fold0,1,0,0.265336,0.200000,0.972301,0.969932,0.927947
Ours (Atlas+AnatDist)__seed42__fold0,0,0,0.267391,0.200000,0.979153,0.977547,0.952189
Ours (Atlas+AnatDist)__seed42__fold0,2,1,0.279464,0.200000,0.994727,0.995139,0.981253
Ours (Atlas+AnatDist)__seed42__fold0,1,1,0.284013,0.400000,0.988938,0.988933,0.975433
Ours (Atlas+AnatDist)__seed42__fold0,1,1,0.284905,0.200000,0.993279,0.994843,0.989322
Ours (Atlas+AnatDist)__seed42__fold0,1,1,0.282228,0.000000,0.991305,0.992917,0.990411
Ours (Atlas+AnatDist)__seed42__fold0,2,1,0.276187,0.200000,0.994542,0.994559,0.978366
Ours (Atlas+AnatDist)__seed42__fold0,1,1,0.286383,0.200000,0.991695,0.991993,0.976541
Ours (Atlas+AnatDist)__seed42__fold0,1,2,0.279003,0.000000,0.990484,0.992696,0.993719
Ours (Atlas+AnatDist)__seed42__fold0,2,1,0.281512,0.200000,0.995109,0.996060,0.987612
Ours (Atlas+AnatDist)__seed42__fold0,0,1,0.268290,0.200000,0.984155,0.982843,0.953753
Ours (Atlas+AnatDist)__seed42__fold0,2,1,0.281915,0.200000,0.994238,0.995315,0.987055
Ours (Atlas+AnatDist)__seed42__fold0,1,1,0.284618,0.200000,0.993523,0.994685,0.988393
Ours (Atlas+AnatDist)__seed42__fold0,1,1,0.263337,0.200000,0.977843,0.975887,0.941468
Ours (Atlas+AnatDist)__seed42__fold0,1,2,0.287648,0.200000,0.945711,0.949939,0.974666
Ours (Atlas+AnatDist)__seed42__fold0,0,1,0.265888,0.200000,0.976290,0.974216,0.945732
Ours (Atlas+AnatDist)__seed42__fold0,0,0,0.263680,0.200000,0.975606,0.974151,0.936310
Ours (Atlas+AnatDist)__seed42__fold0,0,2,0.280095,0.200000,0.990589,0.992272,0.991902
Ours (Atlas+AnatDist)__seed42__fold0,1,0,0.259722,0.200000,0.974243,0.972327,0.938413
Ours (Atlas+AnatDist)__seed42__fold0,0,0,0.266063,0.200000,0.985722,0.983958,0.952853
Ours (Atlas+AnatDist)__seed42__fold0,1,1,0.279319,0.200000,0.996556,0.997102,0.984312
Ours (Atlas+AnatDist)__seed42__fold0,1,0,0.257702,0.200000,0.962279,0.959336,0.923872
Ours (Atlas+AnatDist)__seed42__fold0,0,0,0.265899,0.200000,0.980647,0.978699,0.951445
Ours (Atlas+AnatDist)__seed42__fold0,1,1,0.271333,0.200000,0.984037,0.982603,0.956430
Ours (Atlas+AnatDist)__seed42__fold0,2,2,0.285984,0.200000,0.988369,0.990818,0.994838
Ours (Atlas+AnatDist)__seed42__fold0,1,2,0.280448,0.200000,0.931930,0.936365,0.961403
Ours (Atlas+AnatDist)__seed42__fold1,0,1,0.256550,0.000000,0.989429,0.988668,0.975635
Ours (Atlas+AnatDist)__seed42__fold1,2,1,0.264359,0.200000,0.990769,0.991120,0.986675
Ours (Atlas+AnatDist)__seed42__fold1,2,1,0.259080,0.000000,0.988169,0.987881,0.978824
Ours (Atlas+AnatDist)__seed42__fold1,1,1,0.239974,0.000000,0.963582,0.960974,0.935601
Ours (Atlas+AnatDist)__seed42__fold1,1,0,0.251997,0.000000,0.977720,0.976206,0.960148
Ours (Atlas+AnatDist)__seed42__fold1,0,0,0.261301,0.000000,0.971055,0.969636,0.956652
Ours (Atlas+AnatDist)__seed42__fold1,1,1,0.247892,0.000000,0.948734,0.944361,0.911264
Ours (Atlas+AnatDist)__seed42__fold1,0,1,0.271653,0.200000,0.991887,0.991480,0.982112
Ours (Atlas+AnatDist)__seed42__fold1,1,0,0.243477,0.000000,0.959951,0.956363,0.927244
Ours (Atlas+AnatDist)__seed42__fold1,0,1,0.250259,0.000000,0.962850,0.959687,0.931343
Ours (Atlas+AnatDist)__seed42__fold1,1,1,0.263348,0.000000,0.989421,0.989477,0.983316
Ours (Atlas+AnatDist)__seed42__fold1,0,0,0.247644,0.000000,0.959925,0.957328,0.935246
Ours (Atlas+AnatDist)__seed42__fold1,0,0,0.256313,0.000000,0.969572,0.966991,0.941275
Ours (Atlas+AnatDist)__seed42__fold1,1,1,0.248046,0.000000,0.978875,0.976303,0.949830
Ours (Atlas+AnatDist)__seed42__fold1,1,1,0.264912,0.000000,0.966639,0.962916,0.932449
Ours (Atlas+AnatDist)__seed42__fold1,1,2,0.278594,0.200000,0.974864,0.977516,0.990051
Ours (Atlas+AnatDist)__seed42__fold1,2,1,0.259337,0.000000,0.981207,0.978698,0.955243
Ours (Atlas+AnatDist)__seed42__fold1,1,1,0.261051,0.000000,0.984586,0.982951,0.964928
Ours (Atlas+AnatDist)__seed42__fold1,0,0,0.247884,0.000000,0.970545,0.968130,0.946236
Ours (Atlas+AnatDist)__seed42__fold1,1,1,0.269314,0.000000,0.990711,0.990108,0.979563
Ours (Atlas+AnatDist)__seed42__fold1,2,1,0.272192,0.200000,0.955881,0.959521,0.977930
Ours (Atlas+AnatDist)__seed42__fold1,1,1,0.258193,0.000000,0.979517,0.977791,0.960040
Ours (Atlas+AnatDist)__seed42__fold1,1,1,0.253182,0.200000,0.983087,0.982462,0.969416
Ours (Atlas+AnatDist)__seed42__fold1,0,0,0.255868,0.000000,0.968580,0.966612,0.949127
Ours (Atlas+AnatDist)__seed42__fold1,1,1,0.257614,0.000000,0.971899,0.969857,0.951840
Ours (Atlas+AnatDist)__seed42__fold1,0,0,0.254282,0.000000,0.966917,0.965230,0.948886
Ours (Atlas+AnatDist)__seed42__fold1,2,1,0.268688,0.000000,0.989558,0.990681,0.991182
Ours (Atlas+AnatDist)__seed42__fold1,1,0,0.262954,0.200000,0.975712,0.973157,0.949631
Ours (Atlas+AnatDist)__seed42__fold1,1,1,0.271236,0.200000,0.962947,0.966182,0.982395
Ours (Atlas+AnatDist)__seed42__fold1,1,1,0.253566,0.000000,0.979706,0.977234,0.948769
Ours (Atlas+AnatDist)__seed42__fold1,2,1,0.255548,0.000000,0.979748,0.977235,0.952064
Ours (Atlas+AnatDist)__seed42__fold1,1,1,0.253559,0.000000,0.971203,0.968293,0.942367
Ours (Atlas+AnatDist)__seed42__fold1,1,0,0.258594,0.000000,0.979462,0.976548,0.948205
Ours (Atlas+AnatDist)__seed42__fold1,2,1,0.268726,0.200000,0.988856,0.988829,0.983532
Ours (Atlas+AnatDist)__seed42__fold1,0,0,0.244909,0.000000,0.959901,0.956984,0.930756
Ours (Atlas+AnatDist)__seed42__fold1,2,1,0.252548,0.000000,0.978256,0.975996,0.954563
Ours (Atlas+AnatDist)__seed42__fold1,1,1,0.245360,0.000000,0.954961,0.951193,0.921351
Ours (Atlas+AnatDist)__seed42__fold1,1,2,0.251819,0.200000,0.840572,0.845650,0.875359
Ours (Atlas+AnatDist)__seed42__fold1,1,1,0.261560,0.000000,0.984437,0.982940,0.967644
Ours (Atlas+AnatDist)__seed42__fold1,0,0,0.254513,0.000000,0.968313,0.965316,0.940971
Ours (Atlas+AnatDist)__seed42__fold1,0,0,0.235555,0.000000,0.951784,0.948464,0.918671
Ours (Atlas+AnatDist)__seed42__fold1,0,1,0.274220,0.200000,0.972866,0.969495,0.939593
Ours (Atlas+AnatDist)__seed42__fold1,1,0,0.252170,0.000000,0.973220,0.970230,0.943074
Ours (Atlas+AnatDist)__seed42__fold1,0,0,0.239334,0.000000,0.960187,0.956990,0.929576
Ours (Atlas+AnatDist)__seed42__fold1,1,1,0.251997,0.000000,0.976584,0.974133,0.953173
Ours (Atlas+AnatDist)__seed42__fold1,1,1,0.259308,0.000000,0.986049,0.985064,0.972286
Ours (Atlas+AnatDist)__seed42__fold1,0,1,0.256351,0.000000,0.989890,0.988540,0.970467
Ours (Atlas+AnatDist)__seed42__fold1,1,1,0.266665,0.000000,0.995009,0.994933,0.985100
Ours (Atlas+AnatDist)__seed42__fold1,2,2,0.265644,0.200000,0.891507,0.896333,0.923930
Ours (Atlas+AnatDist)__seed42__fold1,1,1,0.257522,0.000000,0.978482,0.975459,0.947680
Ours (Atlas+AnatDist)__seed42__fold2,0,0,0.259045,0.000000,0.994990,0.995589,0.985940
Ours (Atlas+AnatDist)__seed42__fold2,2,2,0.281006,0.000000,0.977854,0.981131,0.993450
Ours (Atlas+AnatDist)__seed42__fold2,2,1,0.271627,0.000000,0.989925,0.991896,0.995624
Ours (Atlas+AnatDist)__seed42__fold2,1,1,0.270111,0.000000,0.992687,0.994023,0.991348
Ours (Atlas+AnatDist)__seed42__fold2,1,0,0.271398,0.000000,0.992573,0.993496,0.986686
Ours (Atlas+AnatDist)__seed42__fold2,0,0,0.267563,0.000000,0.991909,0.992990,0.986982
Ours (Atlas+AnatDist)__seed42__fold2,1,1,0.263672,0.000000,0.992749,0.993939,0.991251
Ours (Atlas+AnatDist)__seed42__fold2,0,1,0.262806,0.000000,0.994131,0.995360,0.990144
Ours (Atlas+AnatDist)__seed42__fold2,1,0,0.262855,0.000000,0.994668,0.995250,0.986600
Ours (Atlas+AnatDist)__seed42__fold2,0,0,0.267938,0.000000,0.991886,0.992553,0.982697
Ours (Atlas+AnatDist)__seed42__fold2,1,0,0.267681,0.200000,0.992272,0.993323,0.987259
Ours (Atlas+AnatDist)__seed42__fold2,0,0,0.259261,0.000000,0.993143,0.993795,0.985218
Ours (Atlas+AnatDist)__seed42__fold2,0,0,0.264759,0.000000,0.991600,0.992243,0.984575
Ours (Atlas+AnatDist)__seed42__fold2,1,1,0.253557,0.000000,0.995174,0.995544,0.983157
Ours (Atlas+AnatDist)__seed42__fold2,1,1,0.262443,0.000000,0.994800,0.995632,0.988541
Ours (Atlas+AnatDist)__seed42__fold2,1,1,0.269319,0.200000,0.992754,0.993741,0.988128
Ours (Atlas+AnatDist)__seed42__fold2,2,2,0.281591,0.000000,0.978668,0.981787,0.994196
Ours (Atlas+AnatDist)__seed42__fold2,1,1,0.272511,0.000000,0.989634,0.991533,0.996040
Ours (Atlas+AnatDist)__seed42__fold2,0,0,0.266155,0.200000,0.992019,0.992758,0.984891
Ours (Atlas+AnatDist)__seed42__fold2,1,1,0.271102,0.200000,0.990481,0.991744,0.991402
Ours (Atlas+AnatDist)__seed42__fold2,2,2,0.272446,0.000000,0.985387,0.987953,0.995639
Ours (Atlas+AnatDist)__seed42__fold2,1,1,0.274754,0.000000,0.991988,0.993622,0.995985
Ours (Atlas+AnatDist)__seed42__fold2,1,1,0.252737,0.000000,0.995316,0.995618,0.982425
Ours (Atlas+AnatDist)__seed42__fold2,0,0,0.272769,0.000000,0.992122,0.993023,0.985817
Ours (Atlas+AnatDist)__seed42__fold2,1,1,0.253198,0.000000,0.988488,0.990010,0.987645
Ours (Atlas+AnatDist)__seed42__fold2,0,1,0.264638,0.200000,0.992799,0.993392,0.983437
Ours (Atlas+AnatDist)__seed42__fold2,2,2,0.286748,0.000000,0.980714,0.983815,0.996001
Ours (Atlas+AnatDist)__seed42__fold2,1,2,0.276262,0.000000,0.984880,0.987491,0.996418
Ours (Atlas+AnatDist)__seed42__fold2,1,0,0.259998,0.000000,0.993691,0.994313,0.984032
Ours (Atlas+AnatDist)__seed42__fold2,1,2,0.278972,0.000000,0.987367,0.989816,0.997732
Ours (Atlas+AnatDist)__seed42__fold2,2,1,0.272934,0.000000,0.990949,0.992554,0.995047
Ours (Atlas+AnatDist)__seed42__fold2,1,1,0.256890,0.000000,0.992852,0.994033,0.989147
Ours (Atlas+AnatDist)__seed42__fold2,1,1,0.259679,0.000000,0.996002,0.996525,0.987048
Ours (Atlas+AnatDist)__seed42__fold2,2,2,0.282076,0.000000,0.976749,0.980003,0.992445
Ours (Atlas+AnatDist)__seed42__fold2,0,0,0.260830,0.000000,0.989994,0.991050,0.986419
Ours (Atlas+AnatDist)__seed42__fold2,2,2,0.278081,0.000000,0.980515,0.983436,0.994148
Ours (Atlas+AnatDist)__seed42__fold2,1,1,0.268890,0.000000,0.992016,0.993512,0.991932
Ours (Atlas+AnatDist)__seed42__fold2,1,1,0.259563,0.000000,0.994275,0.995166,0.988354
Ours (Atlas+AnatDist)__seed42__fold2,1,1,0.269147,0.000000,0.994682,0.995617,0.989917
Ours (Atlas+AnatDist)__seed42__fold2,0,0,0.262919,0.000000,0.994329,0.994957,0.985004
Ours (Atlas+AnatDist)__seed42__fold2,0,1,0.259477,0.000000,0.993501,0.994675,0.991147
Ours (Atlas+AnatDist)__seed42__fold2,0,0,0.254570,0.000000,0.993951,0.994412,0.982109
Ours (Atlas+AnatDist)__seed42__fold2,1,1,0.259344,0.000000,0.992820,0.994308,0.990104
Ours (Atlas+AnatDist)__seed42__fold2,0,0,0.261335,0.000000,0.992813,0.993473,0.984140
Ours (Atlas+AnatDist)__seed42__fold2,1,2,0.274609,0.200000,0.978574,0.981635,0.992624
Ours (Atlas+AnatDist)__seed42__fold2,1,2,0.270755,0.000000,0.986622,0.989013,0.995100
Ours (Atlas+AnatDist)__seed42__fold2,0,1,0.264354,0.000000,0.989767,0.991745,0.993940
Ours (Atlas+AnatDist)__seed42__fold2,1,1,0.253858,0.000000,0.995003,0.995581,0.984283
Ours (Atlas+AnatDist)__seed42__fold2,2,2,0.280132,0.000000,0.981769,0.984767,0.996087
Ours (Atlas+AnatDist)__seed42__fold2,1,1,0.263643,0.000000,0.988912,0.990602,0.991553
Ours (Atlas+AnatDist)__seed42__fold3,0,0,0.284125,0.200000,0.995539,0.996820,0.993090
Ours (Atlas+AnatDist)__seed42__fold3,2,1,0.277421,0.200000,0.993193,0.994623,0.993033
Ours (Atlas+AnatDist)__seed42__fold3,2,2,0.274258,0.200000,0.975561,0.978465,0.991885
Ours (Atlas+AnatDist)__seed42__fold3,1,1,0.277576,0.200000,0.993257,0.994597,0.991398
Ours (Atlas+AnatDist)__seed42__fold3,1,0,0.286852,0.400000,0.995873,0.996872,0.989822
Ours (Atlas+AnatDist)__seed42__fold3,0,0,0.285411,0.400000,0.995103,0.996192,0.990761
Ours (Atlas+AnatDist)__seed42__fold3,1,0,0.284094,0.400000,0.995407,0.996777,0.994095
Ours (Atlas+AnatDist)__seed42__fold3,0,0,0.282769,0.200000,0.996220,0.997503,0.992960
Ours (Atlas+AnatDist)__seed42__fold3,1,0,0.284420,0.400000,0.995882,0.997059,0.992958
Ours (Atlas+AnatDist)__seed42__fold3,0,1,0.278890,0.200000,0.995891,0.997113,0.992480
Ours (Atlas+AnatDist)__seed42__fold3,1,1,0.271958,0.200000,0.989353,0.991105,0.992195
Ours (Atlas+AnatDist)__seed42__fold3,0,0,0.283818,0.400000,0.995778,0.996774,0.989965
Ours (Atlas+AnatDist)__seed42__fold3,0,0,0.284910,0.400000,0.996022,0.997190,0.993400
Ours (Atlas+AnatDist)__seed42__fold3,1,1,0.277278,0.200000,0.991950,0.993223,0.990074
Ours (Atlas+AnatDist)__seed42__fold3,1,2,0.280043,0.200000,0.993292,0.994701,0.993749
Ours (Atlas+AnatDist)__seed42__fold3,1,1,0.275778,0.200000,0.992114,0.993606,0.992642
Ours (Atlas+AnatDist)__seed42__fold3,2,0,0.282337,0.200000,0.996433,0.997406,0.990341
Ours (Atlas+AnatDist)__seed42__fold3,1,1,0.286344,0.400000,0.994722,0.995789,0.993109
Ours (Atlas+AnatDist)__seed42__fold3,0,1,0.279576,0.000000,0.995846,0.997047,0.992654
Ours (Atlas+AnatDist)__seed42__fold3,1,2,0.277718,0.200000,0.990017,0.991612,0.993815
Ours (Atlas+AnatDist)__seed42__fold3,2,1,0.279493,0.200000,0.990945,0.992515,0.993305
Ours (Atlas+AnatDist)__seed42__fold3,1,2,0.274272,0.200000,0.988436,0.990167,0.991917
Ours (Atlas+AnatDist)__seed42__fold3,1,1,0.274617,0.200000,0.990971,0.992591,0.992626
Ours (Atlas+AnatDist)__seed42__fold3,0,0,0.292338,0.200000,0.994597,0.994718,0.984262
Ours (Atlas+AnatDist)__seed42__fold3,1,2,0.278472,0.200000,0.987193,0.989333,0.995619
Ours (Atlas+AnatDist)__seed42__fold3,0,0,0.283372,0.400000,0.995863,0.997174,0.992961
Ours (Atlas+AnatDist)__seed42__fold3,2,1,0.276056,0.200000,0.991358,0.992979,0.992825
Ours (Atlas+AnatDist)__seed42__fold3,1,2,0.274234,0.200000,0.986698,0.988558,0.991477
Ours (Atlas+AnatDist)__seed42__fold3,1,2,0.273718,0.200000,0.982286,0.984496,0.992074
Ours (Atlas+AnatDist)__seed42__fold3,1,1,0.281894,0.200000,0.993101,0.994560,0.993990
Ours (Atlas+AnatDist)__seed42__fold3,2,2,0.282585,0.200000,0.986095,0.988639,0.996909
Ours (Atlas+AnatDist)__seed42__fold3,1,1,0.280998,0.200000,0.992253,0.993699,0.993039
Ours (Atlas+AnatDist)__seed42__fold3,1,0,0.283080,0.400000,0.995632,0.997008,0.993042
Ours (Atlas+AnatDist)__seed42__fold3,2,1,0.273821,0.200000,0.987708,0.989459,0.990345
Ours (Atlas+AnatDist)__seed42__fold3,0,0,0.284208,0.400000,0.994717,0.996102,0.993895
Ours (Atlas+AnatDist)__seed42__fold3,2,2,0.279885,0.200000,0.990823,0.992398,0.994512
Ours (Atlas+AnatDist)__seed42__fold3,1,1,0.281065,0.200000,0.996753,0.997611,0.989509
Ours (Atlas+AnatDist)__seed42__fold3,1,0,0.281689,0.200000,0.995811,0.997014,0.993181
Ours (Atlas+AnatDist)__seed42__fold3,1,0,0.285162,0.400000,0.995232,0.996590,0.993970
Ours (Atlas+AnatDist)__seed42__fold3,0,0,0.282509,0.400000,0.995524,0.996929,0.994061
Ours (Atlas+AnatDist)__seed42__fold3,0,0,0.282156,0.400000,0.995785,0.997048,0.992545
Ours (Atlas+AnatDist)__seed42__fold3,0,0,0.284394,0.400000,0.994861,0.996105,0.992267
Ours (Atlas+AnatDist)__seed42__fold3,1,1,0.276049,0.200000,0.993544,0.995036,0.992447
Ours (Atlas+AnatDist)__seed42__fold3,0,1,0.285156,0.200000,0.996205,0.996886,0.991240
Ours (Atlas+AnatDist)__seed42__fold3,1,2,0.271887,0.200000,0.986117,0.988071,0.991852
Ours (Atlas+AnatDist)__seed42__fold3,1,1,0.277550,0.000000,0.995721,0.996530,0.988310
Ours (Atlas+AnatDist)__seed42__fold3,0,1,0.282528,0.200000,0.996784,0.997651,0.991247
Ours (Atlas+AnatDist)__seed42__fold3,1,1,0.282281,0.200000,0.996493,0.997460,0.989614
Ours (Atlas+AnatDist)__seed42__fold3,2,2,0.272812,0.200000,0.980944,0.983246,0.991598
Ours (Atlas+AnatDist)__seed42__fold3,1,0,0.285282,0.400000,0.995665,0.996852,0.991938
Ours (Atlas+AnatDist)__seed42__fold4,0,0,0.233860,0.000000,0.976328,0.975182,0.946124
Ours (Atlas+AnatDist)__seed42__fold4,2,2,0.285879,0.200000,0.982496,0.984834,0.996274
Ours (Atlas+AnatDist)__seed42__fold4,2,2,0.307524,0.400000,0.967175,0.970121,0.991348
Ours (Atlas+AnatDist)__seed42__fold4,1,1,0.240819,0.000000,0.980010,0.979254,0.954563
Ours (Atlas+AnatDist)__seed42__fold4,1,1,0.260871,0.000000,0.990205,0.990981,0.986027
Ours (Atlas+AnatDist)__seed42__fold4,0,0,0.245324,0.000000,0.965057,0.963141,0.931369
Ours (Atlas+AnatDist)__seed42__fold4,1,1,0.245710,0.000000,0.983688,0.983459,0.965168
Ours (Atlas+AnatDist)__seed42__fold4,0,0,0.236130,0.000000,0.963605,0.961664,0.928318
Ours (Atlas+AnatDist)__seed42__fold4,1,2,0.276172,0.200000,0.987571,0.989327,0.994155
Ours (Atlas+AnatDist)__seed42__fold4,0,0,0.235096,0.000000,0.965517,0.963664,0.928736
Ours (Atlas+AnatDist)__seed42__fold4,1,1,0.264325,0.000000,0.991310,0.991831,0.983292
Ours (Atlas+AnatDist)__seed42__fold4,0,0,0.242843,0.000000,0.962956,0.962558,0.940729
Ours (Atlas+AnatDist)__seed42__fold4,0,0,0.241104,0.000000,0.965998,0.964196,0.929816
Ours (Atlas+AnatDist)__seed42__fold4,1,2,0.273817,0.000000,0.985620,0.987666,0.995035
Ours (Atlas+AnatDist)__seed42__fold4,1,1,0.274138,0.200000,0.987202,0.988375,0.987879
Ours (Atlas+AnatDist)__seed42__fold4,1,0,0.248246,0.000000,0.968408,0.967507,0.947597
Ours (Atlas+AnatDist)__seed42__fold4,2,1,0.263931,0.000000,0.989259,0.990318,0.988829
Ours (Atlas+AnatDist)__seed42__fold4,1,1,0.232745,0.000000,0.972640,0.971328,0.943303
Ours (Atlas+AnatDist)__seed42__fold4,0,1,0.245472,0.000000,0.979878,0.979637,0.957576
Ours (Atlas+AnatDist)__seed42__fold4,1,2,0.268581,0.000000,0.989436,0.990796,0.991870
Ours (Atlas+AnatDist)__seed42__fold4,2,1,0.227154,0.000000,0.963777,0.962306,0.927867
Ours (Atlas+AnatDist)__seed42__fold4,1,1,0.250953,0.000000,0.990196,0.990231,0.976512
Ours (Atlas+AnatDist)__seed42__fold4,1,0,0.263086,0.200000,0.980899,0.981075,0.971348
Ours (Atlas+AnatDist)__seed42__fold4,0,0,0.257670,0.000000,0.993693,0.994251,0.984060
Ours (Atlas+AnatDist)__seed42__fold4,1,1,0.255725,0.200000,0.981708,0.981381,0.963366
Ours (Atlas+AnatDist)__seed42__fold4,0,0,0.251742,0.000000,0.968767,0.967953,0.948104
Ours (Atlas+AnatDist)__seed42__fold4,2,1,0.258605,0.000000,0.989419,0.989394,0.975246
Ours (Atlas+AnatDist)__seed42__fold4,1,2,0.285704,0.400000,0.983176,0.985427,0.995755
Ours (Atlas+AnatDist)__seed42__fold4,1,1,0.255678,0.000000,0.989469,0.990262,0.982436
Ours (Atlas+AnatDist)__seed42__fold4,1,1,0.245852,0.000000,0.976173,0.976342,0.961286
Ours (Atlas+AnatDist)__seed42__fold4,2,2,0.284414,0.400000,0.982019,0.984329,0.995987
Ours (Atlas+AnatDist)__seed42__fold4,1,1,0.253799,0.000000,0.976401,0.976800,0.964796
Ours (Atlas+AnatDist)__seed42__fold4,1,0,0.242683,0.000000,0.973656,0.972636,0.943767
Ours (Atlas+AnatDist)__seed42__fold4,2,2,0.281090,0.400000,0.986248,0.988208,0.995182
Ours (Atlas+AnatDist)__seed42__fold4,0,0,0.239658,0.000000,0.973987,0.973120,0.948620
Ours (Atlas+AnatDist)__seed42__fold4,2,1,0.262434,0.200000,0.986112,0.987138,0.984701
Ours (Atlas+AnatDist)__seed42__fold4,1,1,0.236356,0.000000,0.956067,0.954030,0.917547
Ours (Atlas+AnatDist)__seed42__fold4,1,0,0.234586,0.000000,0.973517,0.972430,0.942716
Ours (Atlas+AnatDist)__seed42__fold4,1,2,0.290670,0.400000,0.969990,0.973029,0.992816
Ours (Atlas+AnatDist)__seed42__fold4,0,0,0.255113,0.000000,0.980260,0.979404,0.957653
Ours (Atlas+AnatDist)__seed42__fold4,0,1,0.235016,0.000000,0.969596,0.968739,0.940450
Ours (Atlas+AnatDist)__seed42__fold4,0,0,0.231980,0.000000,0.952168,0.950372,0.917351
Ours (Atlas+AnatDist)__seed42__fold4,1,1,0.253874,0.000000,0.987780,0.988427,0.978760
Ours (Atlas+AnatDist)__seed42__fold4,0,0,0.232574,0.000000,0.956607,0.954407,0.915732
Ours (Atlas+AnatDist)__seed42__fold4,1,0,0.229012,0.000000,0.977640,0.976405,0.950359
Ours (Atlas+AnatDist)__seed42__fold4,1,1,0.231819,0.000000,0.973231,0.972394,0.943818
Ours (Atlas+AnatDist)__seed42__fold4,0,1,0.245287,0.000000,0.967278,0.966125,0.943005
Ours (Atlas+AnatDist)__seed42__fold4,1,1,0.250345,0.000000,0.989370,0.989822,0.979743
Ours (Atlas+AnatDist)__seed42__fold4,2,2,0.291005,0.400000,0.974096,0.976869,0.994263
Ours (Atlas+AnatDist)__seed42__fold4,1,1,0.238074,0.000000,0.988151,0.987875,0.966753
Ours (Atlas+AnatDist)__seed486__fold0,2,2,0.288273,0.400000,0.987266,0.989512,0.996906
Ours (Atlas+AnatDist)__seed486__fold0,0,0,0.289252,0.200000,0.993416,0.992514,0.975602
Ours (Atlas+AnatDist)__seed486__fold0,1,0,0.268025,0.000000,0.995480,0.994604,0.974397
Ours (Atlas+AnatDist)__seed486__fold0,2,1,0.282872,0.200000,0.986670,0.989172,0.996298
Ours (Atlas+AnatDist)__seed486__fold0,1,1,0.267500,0.000000,0.994853,0.995025,0.983356
Ours (Atlas+AnatDist)__seed486__fold0,0,1,0.274796,0.000000,0.996334,0.996394,0.983796
Ours (Atlas+AnatDist)__seed486__fold0,2,2,0.286407,0.000000,0.988660,0.990713,0.996773
Ours (Atlas+AnatDist)__seed486__fold0,1,1,0.274297,0.200000,0.994680,0.995333,0.988996
Ours (Atlas+AnatDist)__seed486__fold0,0,0,0.279536,0.000000,0.993928,0.993888,0.982207
Ours (Atlas+AnatDist)__seed486__fold0,1,2,0.285898,0.400000,0.985290,0.987956,0.997310
Ours (Atlas+AnatDist)__seed486__fold0,2,2,0.284943,0.200000,0.983222,0.986069,0.996973
Ours (Atlas+AnatDist)__seed486__fold0,1,1,0.275659,0.200000,0.993386,0.994784,0.991617
Ours (Atlas+AnatDist)__seed486__fold0,1,1,0.273244,0.200000,0.993628,0.994784,0.989661
Ours (Atlas+AnatDist)__seed486__fold0,2,1,0.284029,0.400000,0.992424,0.993612,0.992047
Ours (Atlas+AnatDist)__seed486__fold0,2,2,0.280968,0.200000,0.982716,0.985587,0.996672
Ours (Atlas+AnatDist)__seed486__fold0,0,0,0.266026,0.000000,0.986437,0.984480,0.957962
Ours (Atlas+AnatDist)__seed486__fold0,1,1,0.276925,0.200000,0.994444,0.994764,0.985133
Ours (Atlas+AnatDist)__seed486__fold0,0,0,0.295626,0.400000,0.987797,0.987330,0.977542
Ours (Atlas+AnatDist)__seed486__fold0,2,0,0.284715,0.200000,0.993933,0.994451,0.987788
Ours (Atlas+AnatDist)__seed486__fold0,0,1,0.268758,0.000000,0.994437,0.994018,0.979826
Ours (Atlas+AnatDist)__seed486__fold0,0,0,0.276737,0.000000,0.992695,0.991956,0.977253
Ours (Atlas+AnatDist)__seed486__fold0,2,2,0.281730,0.200000,0.983925,0.986802,0.996521
Ours (Atlas+AnatDist)__seed486__fold0,1,1,0.281342,0.000000,0.995912,0.996480,0.989358
Ours (Atlas+AnatDist)__seed486__fold0,0,1,0.284398,0.400000,0.990842,0.992120,0.992934
Ours (Atlas+AnatDist)__seed486__fold0,0,1,0.289778,0.400000,0.988952,0.990929,0.996176
Ours (Atlas+AnatDist)__seed486__fold0,1,1,0.287406,0.200000,0.994676,0.994714,0.983448
Ours (Atlas+AnatDist)__seed486__fold0,0,0,0.270654,0.200000,0.987619,0.986108,0.968148
Ours (Atlas+AnatDist)__seed486__fold0,0,1,0.285920,0.000000,0.992467,0.993974,0.994593
Ours (Atlas+AnatDist)__seed486__fold0,1,1,0.278937,0.200000,0.994800,0.995394,0.987605
Ours (Atlas+AnatDist)__seed486__fold0,1,0,0.285867,0.200000,0.994215,0.994816,0.988030
Ours (Atlas+AnatDist)__seed486__fold0,2,2,0.286564,0.200000,0.981023,0.984061,0.997076
Ours (Atlas+AnatDist)__seed486__fold0,0,0,0.294473,0.400000,0.989483,0.991091,0.994502
Ours (Atlas+AnatDist)__seed486__fold0,2,0,0.284077,0.000000,0.989098,0.990314,0.991483
Ours (Atlas+AnatDist)__seed486__fold0,0,0,0.273414,0.000000,0.994676,0.994295,0.979326
Ours (Atlas+AnatDist)__seed486__fold0,1,1,0.284045,0.200000,0.993246,0.993760,0.987926
Ours (Atlas+AnatDist)__seed486__fold0,1,0,0.275389,0.000000,0.993549,0.993112,0.979607
Ours (Atlas+AnatDist)__seed486__fold0,1,1,0.288889,0.400000,0.991247,0.992400,0.991905
Ours (Atlas+AnatDist)__seed486__fold0,1,2,0.285808,0.200000,0.984006,0.986718,0.996557
Ours (Atlas+AnatDist)__seed486__fold0,1,2,0.286325,0.200000,0.985524,0.988149,0.997395
Ours (Atlas+AnatDist)__seed486__fold0,1,2,0.283824,0.200000,0.985140,0.987847,0.997251
Ours (Atlas+AnatDist)__seed486__fold0,1,1,0.273194,0.000000,0.995830,0.995732,0.982681
Ours (Atlas+AnatDist)__seed486__fold0,1,1,0.284078,0.000000,0.992328,0.991764,0.978389
Ours (Atlas+AnatDist)__seed486__fold0,1,1,0.280090,0.200000,0.991494,0.993050,0.994353
Ours (Atlas+AnatDist)__seed486__fold0,1,1,0.277090,0.000000,0.994892,0.995385,0.984673
Ours (Atlas+AnatDist)__seed486__fold0,1,1,0.270362,0.000000,0.994840,0.994410,0.980253
Ours (Atlas+AnatDist)__seed486__fold0,2,2,0.288170,0.200000,0.986531,0.988933,0.997626
Ours (Atlas+AnatDist)__seed486__fold0,1,0,0.294224,0.400000,0.990925,0.991594,0.989683
Ours (Atlas+AnatDist)__seed486__fold0,2,1,0.290317,0.400000,0.989806,0.991600,0.993634
Ours (Atlas+AnatDist)__seed486__fold0,1,1,0.275228,0.200000,0.994569,0.994490,0.981301
Ours (Atlas+AnatDist)__seed486__fold0,1,1,0.282511,0.200000,0.995053,0.994933,0.983115
Ours (Atlas+AnatDist)__seed486__fold1,2,2,0.269622,0.000000,0.992019,0.993879,0.994909
Ours (Atlas+AnatDist)__seed486__fold1,0,0,0.286012,0.400000,0.993343,0.994300,0.992615
Ours (Atlas+AnatDist)__seed486__fold1,1,1,0.286713,0.400000,0.981396,0.980946,0.970743
Ours (Atlas+AnatDist)__seed486__fold1,2,1,0.284021,0.400000,0.990312,0.990474,0.981780
Ours (Atlas+AnatDist)__seed486__fold1,0,0,0.310477,0.600000,0.966863,0.965857,0.957276
Ours (Atlas+AnatDist)__seed486__fold1,0,0,0.289862,0.200000,0.988162,0.987028,0.967990
Ours (Atlas+AnatDist)__seed486__fold1,1,0,0.285898,0.400000,0.989010,0.988854,0.975708
Ours (Atlas+AnatDist)__seed486__fold1,1,2,0.275005,0.000000,0.991468,0.993489,0.996494
Ours (Atlas+AnatDist)__seed486__fold1,0,0,0.299709,0.600000,0.982341,0.982836,0.981331
Ours (Atlas+AnatDist)__seed486__fold1,1,1,0.286429,0.400000,0.986939,0.986956,0.978466
Ours (Atlas+AnatDist)__seed486__fold1,2,2,0.291864,0.400000,0.982505,0.984742,0.992451
Ours (Atlas+AnatDist)__seed486__fold1,1,1,0.276001,0.200000,0.979194,0.978605,0.963785
Ours (Atlas+AnatDist)__seed486__fold1,0,0,0.288767,0.400000,0.988961,0.989461,0.986939
Ours (Atlas+AnatDist)__seed486__fold1,1,0,0.288397,0.200000,0.982150,0.980499,0.957904
Ours (Atlas+AnatDist)__seed486__fold1,1,0,0.289256,0.400000,0.988421,0.988678,0.979972
Ours (Atlas+AnatDist)__seed486__fold1,0,0,0.290627,0.400000,0.980902,0.980025,0.966065
Ours (Atlas+AnatDist)__seed486__fold1,2,1,0.280366,0.200000,0.989287,0.989877,0.983090
Ours (Atlas+AnatDist)__seed486__fold1,1,1,0.285226,0.400000,0.983750,0.982982,0.968238
Ours (Atlas+AnatDist)__seed486__fold1,1,1,0.292183,0.400000,0.988301,0.989221,0.988466
Ours (Atlas+AnatDist)__seed486__fold1,0,0,0.285824,0.400000,0.990706,0.991160,0.982124
Ours (Atlas+AnatDist)__seed486__fold1,0,0,0.287547,0.200000,0.985991,0.984801,0.965472
Ours (Atlas+AnatDist)__seed486__fold1,0,0,0.285197,0.200000,0.989167,0.988757,0.975288
Ours (Atlas+AnatDist)__seed486__fold1,1,2,0.272721,0.000000,0.992057,0.993724,0.994570
Ours (Atlas+AnatDist)__seed486__fold1,0,0,0.297926,0.400000,0.981790,0.982339,0.974204
Ours (Atlas+AnatDist)__seed486__fold1,0,0,0.308052,0.400000,0.976567,0.975435,0.961563
Ours (Atlas+AnatDist)__seed486__fold1,1,0,0.288559,0.200000,0.983896,0.982877,0.965665
Ours (Atlas+AnatDist)__seed486__fold1,2,2,0.269696,0.000000,0.992664,0.994323,0.994384
Ours (Atlas+AnatDist)__seed486__fold1,0,0,0.289596,0.400000,0.980579,0.979211,0.957099
Ours (Atlas+AnatDist)__seed486__fold1,1,0,0.285348,0.200000,0.993415,0.993921,0.986871
Ours (Atlas+AnatDist)__seed486__fold1,1,0,0.277650,0.200000,0.989263,0.990445,0.987221
Ours (Atlas+AnatDist)__seed486__fold1,0,0,0.292684,0.200000,0.980350,0.978846,0.956434
Ours (Atlas+AnatDist)__seed486__fold1,0,1,0.277723,0.200000,0.989450,0.989803,0.981728
Ours (Atlas+AnatDist)__seed486__fold1,1,2,0.280030,0.200000,0.989911,0.991712,0.995928
Ours (Atlas+AnatDist)__seed486__fold1,0,1,0.295118,0.400000,0.984619,0.983944,0.971961
Ours (Atlas+AnatDist)__seed486__fold1,1,1,0.281665,0.200000,0.981440,0.980533,0.963830
Ours (Atlas+AnatDist)__seed486__fold1,1,1,0.276206,0.200000,0.987654,0.988490,0.984598
Ours (Atlas+AnatDist)__seed486__fold1,1,2,0.260117,0.000000,0.991243,0.992600,0.989557
Ours (Atlas+AnatDist)__seed486__fold1,1,1,0.282648,0.200000,0.981878,0.981813,0.974172
Ours (Atlas+AnatDist)__seed486__fold1,1,1,0.299953,0.400000,0.977277,0.976890,0.970135
Ours (Atlas+AnatDist)__seed486__fold1,1,1,0.282329,0.400000,0.991874,0.992448,0.987324
Ours (Atlas+AnatDist)__seed486__fold1,1,1,0.278437,0.200000,0.981558,0.980893,0.965526
Ours (Atlas+AnatDist)__seed486__fold1,1,0,0.284240,0.400000,0.981220,0.982386,0.983385
Ours (Atlas+AnatDist)__seed486__fold1,1,0,0.290175,0.400000,0.985449,0.985073,0.971763
Ours (Atlas+AnatDist)__seed486__fold1,1,0,0.292419,0.400000,0.993698,0.994076,0.988012
Ours (Atlas+AnatDist)__seed486__fold1,1,1,0.275504,0.200000,0.988497,0.989218,0.983032
Ours (Atlas+AnatDist)__seed486__fold1,0,2,0.277729,0.000000,0.991908,0.993841,0.997089
Ours (Atlas+AnatDist)__seed486__fold1,2,2,0.278760,0.000000,0.985969,0.988251,0.994207
Ours (Atlas+AnatDist)__seed486__fold1,1,1,0.274953,0.400000,0.978799,0.979381,0.975293
Ours (Atlas+AnatDist)__seed486__fold1,1,0,0.313196,0.600000,0.973595,0.972936,0.963033
Ours (Atlas+AnatDist)__seed486__fold1,1,2,0.268539,0.000000,0.992372,0.993989,0.993295
Ours (Atlas+AnatDist)__seed486__fold2,2,2,0.312853,0.600000,0.972435,0.975645,0.992048
Ours (Atlas+AnatDist)__seed486__fold2,0,0,0.270622,0.000000,0.992983,0.994378,0.989472
Ours (Atlas+AnatDist)__seed486__fold2,1,1,0.261001,0.000000,0.991041,0.992206,0.984951
Ours (Atlas+AnatDist)__seed486__fold2,2,2,0.300490,0.400000,0.982458,0.984990,0.995353
Ours (Atlas+AnatDist)__seed486__fold2,0,0,0.282174,0.200000,0.991086,0.992689,0.992260
Ours (Atlas+AnatDist)__seed486__fold2,0,1,0.248925,0.000000,0.986846,0.988600,0.984374
Ours (Atlas+AnatDist)__seed486__fold2,1,0,0.267676,0.200000,0.991010,0.992745,0.991432
Ours (Atlas+AnatDist)__seed486__fold2,1,1,0.246764,0.000000,0.978639,0.980713,0.980169
Ours (Atlas+AnatDist)__seed486__fold2,0,0,0.278907,0.000000,0.987154,0.989164,0.995623
Ours (Atlas+AnatDist)__seed486__fold2,1,1,0.251598,0.000000,0.986522,0.988159,0.984214
Ours (Atlas+AnatDist)__seed486__fold2,2,2,0.296921,0.400000,0.980708,0.983611,0.997092
Ours (Atlas+AnatDist)__seed486__fold2,1,1,0.253829,0.000000,0.983358,0.984984,0.981248
Ours (Atlas+AnatDist)__seed486__fold2,0,2,0.283173,0.400000,0.989480,0.991790,0.998242
Ours (Atlas+AnatDist)__seed486__fold2,1,0,0.252664,0.000000,0.988348,0.989191,0.979238
Ours (Atlas+AnatDist)__seed486__fold2,1,1,0.264225,0.200000,0.988877,0.991138,0.992381
Ours (Atlas+AnatDist)__seed486__fold2,0,0,0.254075,0.000000,0.977829,0.980095,0.982416
Ours (Atlas+AnatDist)__seed486__fold2,2,2,0.319485,0.400000,0.960100,0.963284,0.981447
Ours (Atlas+AnatDist)__seed486__fold2,1,1,0.239270,0.000000,0.982759,0.984385,0.978538
Ours (Atlas+AnatDist)__seed486__fold2,1,1,0.273447,0.200000,0.991692,0.993369,0.991743
Ours (Atlas+AnatDist)__seed486__fold2,0,0,0.247762,0.000000,0.984483,0.985694,0.978298
Ours (Atlas+AnatDist)__seed486__fold2,0,1,0.255467,0.000000,0.986463,0.987785,0.981635
Ours (Atlas+AnatDist)__seed486__fold2,0,0,0.257447,0.000000,0.990555,0.991396,0.984908
Ours (Atlas+AnatDist)__seed486__fold2,1,1,0.234911,0.000000,0.972056,0.974052,0.970028
Ours (Atlas+AnatDist)__seed486__fold2,0,2,0.279814,0.200000,0.991753,0.993177,0.993119
Ours (Atlas+AnatDist)__seed486__fold2,0,1,0.273500,0.400000,0.988557,0.989891,0.983248
Ours (Atlas+AnatDist)__seed486__fold2,1,1,0.257101,0.000000,0.989823,0.991065,0.983047
Ours (Atlas+AnatDist)__seed486__fold2,2,1,0.245191,0.000000,0.986473,0.987878,0.979967
Ours (Atlas+AnatDist)__seed486__fold2,0,0,0.259966,0.000000,0.989705,0.991050,0.986839
Ours (Atlas+AnatDist)__seed486__fold2,1,1,0.261398,0.000000,0.987191,0.989203,0.988173
Ours (Atlas+AnatDist)__seed486__fold2,1,1,0.286050,0.400000,0.983669,0.985297,0.981992
Ours (Atlas+AnatDist)__seed486__fold2,0,1,0.245465,0.000000,0.981785,0.983653,0.981113
Ours (Atlas+AnatDist)__seed486__fold2,0,0,0.265286,0.200000,0.986704,0.988408,0.984696
Ours (Atlas+AnatDist)__seed486__fold2,1,1,0.250081,0.000000,0.985507,0.987469,0.985729
Ours (Atlas+AnatDist)__seed486__fold2,0,0,0.271161,0.200000,0.980812,0.983185,0.989397
Ours (Atlas+AnatDist)__seed486__fold2,1,2,0.310741,0.600000,0.983547,0.985961,0.994754
Ours (Atlas+AnatDist)__seed486__fold2,1,0,0.252380,0.000000,0.983535,0.985216,0.984659
Ours (Atlas+AnatDist)__seed486__fold2,1,1,0.254055,0.000000,0.986512,0.988559,0.988439
Ours (Atlas+AnatDist)__seed486__fold2,1,1,0.275702,0.200000,0.990127,0.992039,0.992780
Ours (Atlas+AnatDist)__seed486__fold2,1,1,0.269954,0.200000,0.989379,0.990791,0.984831
Ours (Atlas+AnatDist)__seed486__fold2,1,1,0.270204,0.000000,0.992873,0.994681,0.994671
Ours (Atlas+AnatDist)__seed486__fold2,1,0,0.284177,0.400000,0.989142,0.990943,0.989776
Ours (Atlas+AnatDist)__seed486__fold2,1,1,0.257357,0.000000,0.990772,0.992369,0.987884
Ours (Atlas+AnatDist)__seed486__fold2,1,2,0.279136,0.000000,0.990529,0.992690,0.997364
Ours (Atlas+AnatDist)__seed486__fold2,1,1,0.257475,0.000000,0.989342,0.991254,0.990623
Ours (Atlas+AnatDist)__seed486__fold2,1,1,0.236354,0.000000,0.978322,0.979780,0.971384
Ours (Atlas+AnatDist)__seed486__fold2,0,1,0.263137,0.000000,0.991927,0.993762,0.990084
Ours (Atlas+AnatDist)__seed486__fold2,2,1,0.257849,0.200000,0.986554,0.988715,0.987657
Ours (Atlas+AnatDist)__seed486__fold2,1,0,0.254733,0.000000,0.981406,0.983222,0.979633
Ours (Atlas+AnatDist)__seed486__fold2,1,2,0.293911,0.400000,0.988482,0.990787,0.998020
Ours (Atlas+AnatDist)__seed486__fold2,1,1,0.269413,0.200000,0.991137,0.992508,0.988259
Ours (Atlas+AnatDist)__seed486__fold3,2,1,0.270218,0.200000,0.985879,0.984812,0.961272
Ours (Atlas+AnatDist)__seed486__fold3,0,0,0.263484,0.200000,0.971226,0.968457,0.933167
Ours (Atlas+AnatDist)__seed486__fold3,1,0,0.283256,0.200000,0.976576,0.974178,0.936693
Ours (Atlas+AnatDist)__seed486__fold3,2,2,0.256146,0.200000,0.896283,0.901305,0.937594
Ours (Atlas+AnatDist)__seed486__fold3,0,1,0.254271,0.200000,0.962608,0.959428,0.914319
Ours (Atlas+AnatDist)__seed486__fold3,0,0,0.275637,0.200000,0.995132,0.994542,0.975221
Ours (Atlas+AnatDist)__seed486__fold3,1,1,0.261436,0.200000,0.966213,0.963236,0.916806
Ours (Atlas+AnatDist)__seed486__fold3,1,1,0.271005,0.200000,0.997125,0.996911,0.979990
Ours (Atlas+AnatDist)__seed486__fold3,0,0,0.283973,0.200000,0.996961,0.996799,0.983853
Ours (Atlas+AnatDist)__seed486__fold3,1,1,0.281986,0.400000,0.991659,0.990693,0.969833
Ours (Atlas+AnatDist)__seed486__fold3,2,2,0.291150,0.200000,0.945457,0.948464,0.970308
Ours (Atlas+AnatDist)__seed486__fold3,1,0,0.275858,0.200000,0.988642,0.987171,0.960586
Ours (Atlas+AnatDist)__seed486__fold3,0,0,0.283294,0.200000,0.991419,0.990906,0.969806
Ours (Atlas+AnatDist)__seed486__fold3,1,1,0.269880,0.200000,0.994333,0.993793,0.972288
Ours (Atlas+AnatDist)__seed486__fold3,1,2,0.292330,0.200000,0.906386,0.910508,0.945612
Ours (Atlas+AnatDist)__seed486__fold3,0,1,0.267756,0.200000,0.992524,0.991287,0.964114
Ours (Atlas+AnatDist)__seed486__fold3,2,1,0.283273,0.200000,0.995051,0.995977,0.991342
Ours (Atlas+AnatDist)__seed486__fold3,1,2,0.286171,0.200000,0.983724,0.985989,0.995115
Ours (Atlas+AnatDist)__seed486__fold3,1,1,0.279925,0.200000,0.990192,0.991767,0.992200
Ours (Atlas+AnatDist)__seed486__fold3,0,0,0.274824,0.200000,0.988299,0.987249,0.963448
Ours (Atlas+AnatDist)__seed486__fold3,0,0,0.280209,0.200000,0.990129,0.988360,0.959771
Ours (Atlas+AnatDist)__seed486__fold3,0,0,0.270122,0.200000,0.961922,0.959042,0.921246
Ours (Atlas+AnatDist)__seed486__fold3,1,0,0.273341,0.200000,0.971681,0.969581,0.934986
Ours (Atlas+AnatDist)__seed486__fold3,0,0,0.287568,0.200000,0.984128,0.982908,0.956775
Ours (Atlas+AnatDist)__seed486__fold3,0,0,0.279446,0.200000,0.987180,0.987096,0.973468
Ours (Atlas+AnatDist)__seed486__fold3,1,0,0.275899,0.200000,0.984877,0.984363,0.960421
Ours (Atlas+AnatDist)__seed486__fold3,2,2,0.276537,0.200000,0.955474,0.958232,0.972868
Ours (Atlas+AnatDist)__seed486__fold3,0,0,0.284000,0.200000,0.996025,0.995294,0.977833
Ours (Atlas+AnatDist)__seed486__fold3,1,1,0.284691,0.400000,0.991237,0.991733,0.987035
Ours (Atlas+AnatDist)__seed486__fold3,1,1,0.285686,0.400000,0.995811,0.995464,0.980854
Ours (Atlas+AnatDist)__seed486__fold3,0,1,0.266095,0.200000,0.987329,0.986539,0.959638
Ours (Atlas+AnatDist)__seed486__fold3,0,0,0.278353,0.200000,0.996611,0.996722,0.983620
Ours (Atlas+AnatDist)__seed486__fold3,1,0,0.258139,0.200000,0.971290,0.968228,0.923537
Ours (Atlas+AnatDist)__seed486__fold3,0,0,0.270937,0.200000,0.981328,0.978757,0.940607
Ours (Atlas+AnatDist)__seed486__fold3,1,2,0.285386,0.200000,0.964847,0.967212,0.982205
Ours (Atlas+AnatDist)__seed486__fold3,1,1,0.285611,0.200000,0.979299,0.981380,0.990156
Ours (Atlas+AnatDist)__seed486__fold3,1,1,0.263326,0.200000,0.987647,0.986172,0.954186
Ours (Atlas+AnatDist)__seed486__fold3,1,1,0.268608,0.200000,0.950954,0.946331,0.894260
Ours (Atlas+AnatDist)__seed486__fold3,1,2,0.286897,0.200000,0.974424,0.976355,0.987130
Ours (Atlas+AnatDist)__seed486__fold3,1,1,0.279688,0.200000,0.991109,0.989874,0.967312
Ours (Atlas+AnatDist)__seed486__fold3,1,1,0.269663,0.200000,0.990469,0.989326,0.963877
Ours (Atlas+AnatDist)__seed486__fold3,1,0,0.278342,0.200000,0.994635,0.994015,0.975741
Ours (Atlas+AnatDist)__seed486__fold3,1,1,0.255741,0.200000,0.977640,0.975070,0.933545
Ours (Atlas+AnatDist)__seed486__fold3,1,2,0.291678,0.200000,0.966598,0.969158,0.984719
Ours (Atlas+AnatDist)__seed486__fold3,1,2,0.279092,0.200000,0.972891,0.976137,0.992859
Ours (Atlas+AnatDist)__seed486__fold3,0,0,0.270498,0.200000,0.982908,0.980684,0.948370
Ours (Atlas+AnatDist)__seed486__fold3,2,1,0.258719,0.200000,0.990245,0.988670,0.959330
Ours (Atlas+AnatDist)__seed486__fold3,1,1,0.278997,0.200000,0.992418,0.993326,0.989812
Ours (Atlas+AnatDist)__seed486__fold3,1,1,0.264784,0.200000,0.993188,0.992171,0.967720
Ours (Atlas+AnatDist)__seed486__fold3,1,0,0.276187,0.200000,0.995717,0.995735,0.981280
Ours (Atlas+AnatDist)__seed486__fold4,2,2,0.283587,0.400000,0.970762,0.973826,0.992202
Ours (Atlas+AnatDist)__seed486__fold4,0,0,0.281020,0.200000,0.987766,0.987365,0.973208
Ours (Atlas+AnatDist)__seed486__fold4,1,1,0.253540,0.200000,0.970429,0.969327,0.941115
Ours (Atlas+AnatDist)__seed486__fold4,2,2,0.293486,0.400000,0.966822,0.970092,0.991629
Ours (Atlas+AnatDist)__seed486__fold4,0,2,0.277711,0.200000,0.955879,0.959662,0.983141
Ours (Atlas+AnatDist)__seed486__fold4,0,0,0.271738,0.200000,0.984905,0.984863,0.968603
Ours (Atlas+AnatDist)__seed486__fold4,1,1,0.265981,0.400000,0.983240,0.983618,0.969158
Ours (Atlas+AnatDist)__seed486__fold4,1,1,0.248646,0.200000,0.967433,0.966128,0.931538
Ours (Atlas+AnatDist)__seed486__fold4,0,0,0.257564,0.200000,0.968421,0.966681,0.935274
Ours (Atlas+AnatDist)__seed486__fold4,1,1,0.270697,0.200000,0.992092,0.992953,0.986787
Ours (Atlas+AnatDist)__seed486__fold4,2,2,0.275921,0.200000,0.969163,0.972557,0.991187
Ours (Atlas+AnatDist)__seed486__fold4,1,1,0.280666,0.200000,0.979878,0.979914,0.966771
Ours (Atlas+AnatDist)__seed486__fold4,0,0,0.283926,0.200000,0.992198,0.991720,0.976269
Ours (Atlas+AnatDist)__seed486__fold4,1,1,0.270302,0.000000,0.991931,0.993115,0.988476
Ours (Atlas+AnatDist)__seed486__fold4,1,2,0.279157,0.200000,0.988464,0.990520,0.996687
Ours (Atlas+AnatDist)__seed486__fold4,0,0,0.268122,0.200000,0.976953,0.977006,0.960672
Ours (Atlas+AnatDist)__seed486__fold4,2,2,0.284055,0.200000,0.978955,0.981452,0.994924
Ours (Atlas+AnatDist)__seed486__fold4,1,2,0.274984,0.200000,0.959884,0.963597,0.985592
Ours (Atlas+AnatDist)__seed486__fold4,1,1,0.253426,0.200000,0.981236,0.980039,0.954054
Ours (Atlas+AnatDist)__seed486__fold4,0,2,0.278289,0.200000,0.982574,0.984799,0.995576
Ours (Atlas+AnatDist)__seed486__fold4,0,0,0.277480,0.200000,0.990136,0.989592,0.972786
Ours (Atlas+AnatDist)__seed486__fold4,0,2,0.281243,0.200000,0.989962,0.991401,0.995104
Ours (Atlas+AnatDist)__seed486__fold4,1,0,0.265235,0.200000,0.977465,0.976265,0.949951
Ours (Atlas+AnatDist)__seed486__fold4,0,0,0.282007,0.200000,0.990472,0.990112,0.978559
Ours (Atlas+AnatDist)__seed486__fold4,0,0,0.269405,0.200000,0.987786,0.987278,0.966902
Ours (Atlas+AnatDist)__seed486__fold4,1,1,0.267728,0.200000,0.990786,0.991313,0.980811
Ours (Atlas+AnatDist)__seed486__fold4,2,2,0.292869,0.200000,0.944730,0.949171,0.976553
Ours (Atlas+AnatDist)__seed486__fold4,0,1,0.254736,0.200000,0.980926,0.980443,0.957348
Ours (Atlas+AnatDist)__seed486__fold4,1,1,0.291960,0.400000,0.985577,0.984739,0.967782
Ours (Atlas+AnatDist)__seed486__fold4,1,1,0.270968,0.400000,0.987412,0.988801,0.987648
Ours (Atlas+AnatDist)__seed486__fold4,0,0,0.277012,0.200000,0.991504,0.991293,0.975750
Ours (Atlas+AnatDist)__seed486__fold4,0,1,0.266652,0.200000,0.983032,0.982979,0.967155
Ours (Atlas+AnatDist)__seed486__fold4,1,1,0.266752,0.200000,0.991141,0.991720,0.982745
Ours (Atlas+AnatDist)__seed486__fold4,0,0,0.272885,0.200000,0.988313,0.988131,0.971557
Ours (Atlas+AnatDist)__seed486__fold4,1,2,0.281065,0.200000,0.981816,0.984307,0.995622
Ours (Atlas+AnatDist)__seed486__fold4,1,2,0.280076,0.200000,0.978498,0.981120,0.993792
Ours (Atlas+AnatDist)__seed486__fold4,1,2,0.274507,0.200000,0.981050,0.983053,0.991088
Ours (Atlas+AnatDist)__seed486__fold4,1,1,0.260675,0.200000,0.980830,0.980067,0.955176
Ours (Atlas+AnatDist)__seed486__fold4,1,0,0.273844,0.200000,0.981570,0.980938,0.962729
Ours (Atlas+AnatDist)__seed486__fold4,1,1,0.261359,0.200000,0.979429,0.979203,0.960593
Ours (Atlas+AnatDist)__seed486__fold4,1,2,0.278370,0.200000,0.984293,0.986597,0.996005
Ours (Atlas+AnatDist)__seed486__fold4,1,1,0.281907,0.400000,0.974776,0.973539,0.948449
Ours (Atlas+AnatDist)__seed486__fold4,1,1,0.265444,0.200000,0.984218,0.983799,0.963903
Ours (Atlas+AnatDist)__seed486__fold4,1,1,0.276845,0.400000,0.993120,0.994015,0.989041
Ours (Atlas+AnatDist)__seed486__fold4,1,1,0.258219,0.200000,0.990042,0.989571,0.973513
Ours (Atlas+AnatDist)__seed486__fold4,0,0,0.276075,0.200000,0.987719,0.987530,0.972205
Ours (Atlas+AnatDist)__seed486__fold4,2,1,0.283008,0.200000,0.992861,0.993925,0.991710
Ours (Atlas+AnatDist)__seed486__fold4,1,0,0.265480,0.200000,0.973297,0.972621,0.946357
Ours (Atlas+AnatDist)__seed486__fold4,1,1,0.245596,0.200000,0.970306,0.970379,0.950072
Ours (Atlas+AnatDist)__seed486__fold4,1,0,0.279079,0.200000,0.987893,0.987762,0.975657
Ours (Atlas+AnatDist)__seed597__fold0,0,0,0.259851,0.000000,0.986149,0.986619,0.969191
Ours (Atlas+AnatDist)__seed597__fold0,0,0,0.261864,0.000000,0.988196,0.989178,0.977211
Ours (Atlas+AnatDist)__seed597__fold0,1,0,0.269887,0.200000,0.986256,0.988119,0.986328
Ours (Atlas+AnatDist)__seed597__fold0,1,0,0.271274,0.200000,0.988134,0.989711,0.982064
Ours (Atlas+AnatDist)__seed597__fold0,1,0,0.286364,0.400000,0.990318,0.992507,0.996868
Ours (Atlas+AnatDist)__seed597__fold0,1,2,0.279234,0.200000,0.991496,0.993477,0.996945
Ours (Atlas+AnatDist)__seed597__fold0,0,1,0.251425,0.000000,0.989454,0.990063,0.979176
Ours (Atlas+AnatDist)__seed597__fold0,2,2,0.276350,0.200000,0.992024,0.993959,0.995678
Ours (Atlas+AnatDist)__seed597__fold0,0,0,0.268010,0.200000,0.988204,0.989820,0.984379
Ours (Atlas+AnatDist)__seed597__fold0,1,1,0.261236,0.200000,0.969991,0.971605,0.971223
Ours (Atlas+AnatDist)__seed597__fold0,2,1,0.278633,0.200000,0.987386,0.989710,0.997742
Ours (Atlas+AnatDist)__seed597__fold0,1,0,0.272695,0.200000,0.990783,0.992546,0.989330
Ours (Atlas+AnatDist)__seed597__fold0,0,0,0.270878,0.200000,0.983505,0.985344,0.981126
Ours (Atlas+AnatDist)__seed597__fold0,1,0,0.275136,0.200000,0.984520,0.986156,0.978362
Ours (Atlas+AnatDist)__seed597__fold0,1,0,0.265941,0.200000,0.983317,0.984558,0.978815
Ours (Atlas+AnatDist)__seed597__fold0,0,0,0.277644,0.400000,0.990222,0.992105,0.991500
Ours (Atlas+AnatDist)__seed597__fold0,1,0,0.261389,0.200000,0.980584,0.981018,0.959888
Ours (Atlas+AnatDist)__seed597__fold0,2,2,0.286840,0.200000,0.989702,0.991329,0.995070
Ours (Atlas+AnatDist)__seed597__fold0,0,0,0.257134,0.200000,0.982442,0.982819,0.965504
Ours (Atlas+AnatDist)__seed597__fold0,0,0,0.262435,0.000000,0.979083,0.979853,0.963943
Ours (Atlas+AnatDist)__seed597__fold0,0,2,0.283272,0.200000,0.990870,0.992927,0.997945
Ours (Atlas+AnatDist)__seed597__fold0,1,1,0.266061,0.200000,0.984133,0.985902,0.979102
Ours (Atlas+AnatDist)__seed597__fold0,0,0,0.259843,0.000000,0.983095,0.983920,0.971695
Ours (Atlas+AnatDist)__seed597__fold0,1,1,0.253967,0.000000,0.992330,0.992866,0.978405
Ours (Atlas+AnatDist)__seed597__fold0,0,0,0.263471,0.200000,0.987663,0.988942,0.981570
Ours (Atlas+AnatDist)__seed597__fold0,1,1,0.270116,0.000000,0.987771,0.989936,0.989812
Ours (Atlas+AnatDist)__seed597__fold0,1,2,0.282681,0.200000,0.989505,0.991645,0.998198
Ours (Atlas+AnatDist)__seed597__fold0,1,1,0.252596,0.000000,0.984379,0.984759,0.969543
Ours (Atlas+AnatDist)__seed597__fold0,1,1,0.274033,0.000000,0.992649,0.994438,0.992771
Ours (Atlas+AnatDist)__seed597__fold0,0,1,0.263821,0.000000,0.987768,0.988985,0.982077
Ours (Atlas+AnatDist)__seed597__fold0,0,0,0.258424,0.000000,0.982538,0.983003,0.964364
Ours (Atlas+AnatDist)__seed597__fold0,0,2,0.277019,0.200000,0.992430,0.994290,0.996330
Ours (Atlas+AnatDist)__seed597__fold0,1,1,0.267320,0.200000,0.989121,0.990629,0.990228
Ours (Atlas+AnatDist)__seed597__fold0,2,1,0.271224,0.200000,0.975576,0.977919,0.987994
Ours (Atlas+AnatDist)__seed597__fold0,0,0,0.274056,0.400000,0.985972,0.987391,0.978576
Ours (Atlas+AnatDist)__seed597__fold0,1,1,0.256562,0.000000,0.991045,0.991667,0.978071
Ours (Atlas+AnatDist)__seed597__fold0,1,1,0.283249,0.400000,0.988112,0.990057,0.994984
Ours (Atlas+AnatDist)__seed597__fold0,1,0,0.268479,0.200000,0.988395,0.989785,0.981372
Ours (Atlas+AnatDist)__seed597__fold0,1,1,0.269841,0.000000,0.993144,0.994079,0.984663
Ours (Atlas+AnatDist)__seed597__fold0,1,2,0.285379,0.200000,0.992249,0.994185,0.996560
Ours (Atlas+AnatDist)__seed597__fold0,1,1,0.292073,0.400000,0.983001,0.984261,0.984647
Ours (Atlas+AnatDist)__seed597__fold0,0,0,0.263262,0.000000,0.987629,0.989063,0.978795
Ours (Atlas+AnatDist)__seed597__fold0,2,2,0.280763,0.000000,0.992167,0.994067,0.997034
Ours (Atlas+AnatDist)__seed597__fold0,1,1,0.249794,0.000000,0.985940,0.985720,0.960776
Ours (Atlas+AnatDist)__seed597__fold0,2,0,0.256893,0.000000,0.980010,0.980595,0.963227
Ours (Atlas+AnatDist)__seed597__fold0,1,1,0.259748,0.000000,0.986665,0.987530,0.975752
Ours (Atlas+AnatDist)__seed597__fold0,1,1,0.276932,0.200000,0.991189,0.993170,0.996084
Ours (Atlas+AnatDist)__seed597__fold0,1,0,0.259834,0.000000,0.986308,0.987152,0.976583
Ours (Atlas+AnatDist)__seed597__fold0,1,1,0.263832,0.000000,0.992251,0.993571,0.985742
Ours (Atlas+AnatDist)__seed597__fold0,1,1,0.260345,0.000000,0.980747,0.981750,0.972585
Ours (Atlas+AnatDist)__seed597__fold1,0,0,0.315826,0.400000,0.964255,0.966435,0.979270
Ours (Atlas+AnatDist)__seed597__fold1,0,0,0.290629,0.400000,0.979742,0.981815,0.988337
Ours (Atlas+AnatDist)__seed597__fold1,1,1,0.295169,0.400000,0.962095,0.965343,0.975656
Ours (Atlas+AnatDist)__seed597__fold1,1,1,0.285286,0.400000,0.967537,0.970486,0.977037
Ours (Atlas+AnatDist)__seed597__fold1,1,2,0.304639,0.400000,0.911413,0.913948,0.936495
Ours (Atlas+AnatDist)__seed597__fold1,1,0,0.291299,0.600000,0.979077,0.981209,0.989718
Ours (Atlas+AnatDist)__seed597__fold1,0,0,0.289554,0.600000,0.982725,0.984689,0.990487
Ours (Atlas+AnatDist)__seed597__fold1,2,2,0.288543,0.400000,0.958074,0.960908,0.965523
Ours (Atlas+AnatDist)__seed597__fold1,0,0,0.302906,0.600000,0.968919,0.971712,0.986859
Ours (Atlas+AnatDist)__seed597__fold1,1,1,0.287585,0.400000,0.973270,0.975213,0.985346
Ours (Atlas+AnatDist)__seed597__fold1,2,0,0.327466,0.600000,0.956727,0.958873,0.974850
Ours (Atlas+AnatDist)__seed597__fold1,1,1,0.263209,0.000000,0.990459,0.991331,0.987294
Ours (Atlas+AnatDist)__seed597__fold1,0,2,0.283321,0.400000,0.967560,0.969716,0.980425
Ours (Atlas+AnatDist)__seed597__fold1,1,1,0.267145,0.200000,0.991777,0.992823,0.983930
Ours (Atlas+AnatDist)__seed597__fold1,1,1,0.265086,0.200000,0.986598,0.987746,0.981580
Ours (Atlas+AnatDist)__seed597__fold1,0,1,0.272104,0.200000,0.983316,0.985542,0.990490
Ours (Atlas+AnatDist)__seed597__fold1,1,1,0.284052,0.200000,0.985860,0.987905,0.989287
Ours (Atlas+AnatDist)__seed597__fold1,2,2,0.272729,0.200000,0.963704,0.965356,0.974161
Ours (Atlas+AnatDist)__seed597__fold1,0,0,0.286272,0.400000,0.974495,0.977226,0.987267
Ours (Atlas+AnatDist)__seed597__fold1,0,1,0.281382,0.200000,0.986811,0.989036,0.993522
Ours (Atlas+AnatDist)__seed597__fold1,0,2,0.317462,0.400000,0.921859,0.924402,0.944440
Ours (Atlas+AnatDist)__seed597__fold1,1,1,0.261234,0.000000,0.992384,0.993617,0.989268
Ours (Atlas+AnatDist)__seed597__fold1,0,0,0.300158,0.600000,0.957426,0.960426,0.975357
Ours (Atlas+AnatDist)__seed597__fold1,1,1,0.275476,0.400000,0.978374,0.979323,0.983129
Ours (Atlas+AnatDist)__seed597__fold1,0,0,0.290379,0.600000,0.977569,0.979965,0.989662
Ours (Atlas+AnatDist)__seed597__fold1,1,0,0.314099,0.600000,0.961880,0.964221,0.978940
Ours (Atlas+AnatDist)__seed597__fold1,1,1,0.260448,0.200000,0.990784,0.991760,0.984926
Ours (Atlas+AnatDist)__seed597__fold1,1,1,0.272994,0.200000,0.987799,0.989114,0.985655
Ours (Atlas+AnatDist)__seed597__fold1,1,1,0.284705,0.200000,0.988678,0.990756,0.995738
Ours (Atlas+AnatDist)__seed597__fold1,0,0,0.278659,0.200000,0.986095,0.988098,0.992981
Ours (Atlas+AnatDist)__seed597__fold1,0,0,0.305693,0.600000,0.944484,0.947864,0.966635
Ours (Atlas+AnatDist)__seed597__fold1,0,0,0.306159,0.400000,0.958916,0.961635,0.978198
Ours (Atlas+AnatDist)__seed597__fold1,1,0,0.315688,0.600000,0.945179,0.947941,0.966143
Ours (Atlas+AnatDist)__seed597__fold1,2,2,0.294334,0.400000,0.924462,0.926785,0.945780
Ours (Atlas+AnatDist)__seed597__fold1,0,0,0.325616,0.800000,0.945005,0.947675,0.966105
Ours (Atlas+AnatDist)__seed597__fold1,1,1,0.278481,0.400000,0.984305,0.986176,0.983841
Ours (Atlas+AnatDist)__seed597__fold1,1,1,0.277820,0.400000,0.985587,0.987558,0.986584
Ours (Atlas+AnatDist)__seed597__fold1,1,2,0.290000,0.400000,0.980457,0.982164,0.990955
Ours (Atlas+AnatDist)__seed597__fold1,1,1,0.273822,0.400000,0.931057,0.933380,0.948674
Ours (Atlas+AnatDist)__seed597__fold1,1,2,0.320555,0.400000,0.892806,0.895966,0.923742
Ours (Atlas+AnatDist)__seed597__fold1,1,0,0.298353,0.600000,0.972333,0.974851,0.985043
Ours (Atlas+AnatDist)__seed597__fold1,0,1,0.281270,0.400000,0.982402,0.984223,0.980125
Ours (Atlas+AnatDist)__seed597__fold1,2,2,0.319011,0.400000,0.895182,0.899031,0.922655
Ours (Atlas+AnatDist)__seed597__fold1,1,2,0.293333,0.200000,0.944085,0.946689,0.958571
Ours (Atlas+AnatDist)__seed597__fold1,2,0,0.290516,0.400000,0.977663,0.979589,0.987157
Ours (Atlas+AnatDist)__seed597__fold1,1,2,0.298240,0.400000,0.983049,0.985421,0.989343
Ours (Atlas+AnatDist)__seed597__fold1,1,0,0.288404,0.400000,0.982340,0.984679,0.989956
Ours (Atlas+AnatDist)__seed597__fold1,1,1,0.294718,0.400000,0.952715,0.955123,0.968271
Ours (Atlas+AnatDist)__seed597__fold1,1,1,0.284087,0.200000,0.982910,0.985234,0.989642
Ours (Atlas+AnatDist)__seed597__fold1,1,2,0.312277,0.400000,0.881801,0.883335,0.904868
Ours (Atlas+AnatDist)__seed597__fold2,0,0,0.268622,0.000000,0.992699,0.994311,0.992097
Ours (Atlas+AnatDist)__seed597__fold2,0,0,0.259648,0.200000,0.987702,0.989417,0.980768
Ours (Atlas+AnatDist)__seed597__fold2,1,1,0.273260,0.200000,0.993790,0.995263,0.990315
Ours (Atlas+AnatDist)__seed597__fold2,1,1,0.268513,0.200000,0.980552,0.983027,0.977455
Ours (Atlas+AnatDist)__seed597__fold2,1,0,0.272137,0.000000,0.991865,0.993694,0.995354
Ours (Atlas+AnatDist)__seed597__fold2,1,2,0.307997,0.600000,0.978714,0.981508,0.993586
Ours (Atlas+AnatDist)__seed597__fold2,0,0,0.270591,0.000000,0.989839,0.991545,0.993546
Ours (Atlas+AnatDist)__seed597__fold2,2,2,0.301068,0.600000,0.982247,0.984122,0.995300
Ours (Atlas+AnatDist)__seed597__fold2,0,1,0.262329,0.200000,0.984791,0.985461,0.966683
Ours (Atlas+AnatDist)__seed597__fold2,1,1,0.296418,0.400000,0.974982,0.977764,0.978470
Ours (Atlas+AnatDist)__seed597__fold2,2,2,0.298055,0.400000,0.983853,0.985764,0.996642
Ours (Atlas+AnatDist)__seed597__fold2,1,2,0.296515,0.600000,0.985694,0.988027,0.996457
Ours (Atlas+AnatDist)__seed597__fold2,0,0,0.271788,0.000000,0.991550,0.993102,0.992731
Ours (Atlas+AnatDist)__seed597__fold2,1,2,0.284957,0.200000,0.989104,0.990882,0.997376
Ours (Atlas+AnatDist)__seed597__fold2,1,0,0.263044,0.200000,0.992954,0.994635,0.989708
Ours (Atlas+AnatDist)__seed597__fold2,0,2,0.285123,0.200000,0.989221,0.990884,0.996239
Ours (Atlas+AnatDist)__seed597__fold2,1,1,0.273963,0.200000,0.991819,0.993669,0.993922
Ours (Atlas+AnatDist)__seed597__fold2,2,2,0.295594,0.600000,0.985831,0.988041,0.998724
Ours (Atlas+AnatDist)__seed597__fold2,0,0,0.273113,0.200000,0.992755,0.994355,0.993662
Ours (Atlas+AnatDist)__seed597__fold2,0,0,0.267564,0.200000,0.989996,0.992100,0.992996
Ours (Atlas+AnatDist)__seed597__fold2,0,0,0.264094,0.000000,0.993548,0.995079,0.991394
Ours (Atlas+AnatDist)__seed597__fold2,1,0,0.276653,0.200000,0.991471,0.993360,0.995835
Ours (Atlas+AnatDist)__seed597__fold2,0,0,0.266095,0.200000,0.991419,0.993131,0.991631
Ours (Atlas+AnatDist)__seed597__fold2,1,1,0.263197,0.200000,0.982169,0.984116,0.972263
Ours (Atlas+AnatDist)__seed597__fold2,0,0,0.282623,0.200000,0.988198,0.990195,0.995680
Ours (Atlas+AnatDist)__seed597__fold2,1,2,0.295164,0.400000,0.985924,0.988015,0.998114
Ours (Atlas+AnatDist)__seed597__fold2,1,1,0.258267,0.200000,0.970620,0.972565,0.958375
Ours (Atlas+AnatDist)__seed597__fold2,1,1,0.305250,0.400000,0.975941,0.979097,0.989710
Ours (Atlas+AnatDist)__seed597__fold2,1,1,0.255414,0.200000,0.987048,0.988148,0.972810
Ours (Atlas+AnatDist)__seed597__fold2,0,1,0.261413,0.200000,0.992014,0.993441,0.983366
Ours (Atlas+AnatDist)__seed597__fold2,0,1,0.278988,0.200000,0.991273,0.993193,0.990384
Ours (Atlas+AnatDist)__seed597__fold2,0,1,0.264521,0.200000,0.986695,0.988929,0.986011
Ours (Atlas+AnatDist)__seed597__fold2,1,1,0.291811,0.200000,0.963770,0.966950,0.969473
Ours (Atlas+AnatDist)__seed597__fold2,2,2,0.302283,0.600000,0.983209,0.985540,0.998206
Ours (Atlas+AnatDist)__seed597__fold2,0,0,0.257863,0.200000,0.992770,0.994105,0.983830
Ours (Atlas+AnatDist)__seed597__fold2,1,1,0.294616,0.400000,0.957180,0.959570,0.954728
Ours (Atlas+AnatDist)__seed597__fold2,1,1,0.268546,0.200000,0.991679,0.992807,0.979729
Ours (Atlas+AnatDist)__seed597__fold2,1,1,0.266181,0.200000,0.993985,0.995538,0.989339
Ours (Atlas+AnatDist)__seed597__fold2,1,1,0.268612,0.200000,0.992519,0.994350,0.989268
Ours (Atlas+AnatDist)__seed597__fold2,1,1,0.276190,0.200000,0.987969,0.989793,0.986436
Ours (Atlas+AnatDist)__seed597__fold2,1,2,0.290841,0.600000,0.987177,0.989183,0.998198
Ours (Atlas+AnatDist)__seed597__fold2,0,0,0.269083,0.200000,0.992474,0.994121,0.992396
Ours (Atlas+AnatDist)__seed597__fold2,2,2,0.299729,0.600000,0.983573,0.985338,0.995514
Ours (Atlas+AnatDist)__seed597__fold2,1,0,0.266624,0.000000,0.992753,0.994278,0.991401
Ours (Atlas+AnatDist)__seed597__fold2,2,2,0.309975,0.800000,0.976615,0.979457,0.994902
Ours (Atlas+AnatDist)__seed597__fold2,1,1,0.284417,0.200000,0.980365,0.982950,0.986494
Ours (Atlas+AnatDist)__seed597__fold2,1,1,0.278437,0.200000,0.960210,0.963683,0.967629
Ours (Atlas+AnatDist)__seed597__fold2,1,0,0.254422,0.200000,0.985311,0.986874,0.973618
Ours (Atlas+AnatDist)__seed597__fold2,1,1,0.280220,0.200000,0.967414,0.969626,0.958845
Ours (Atlas+AnatDist)__seed597__fold2,1,1,0.272703,0.200000,0.989091,0.990155,0.977830
Ours (Atlas+AnatDist)__seed597__fold3,0,1,0.198828,0.000000,0.900425,0.897406,0.825979
Ours (Atlas+AnatDist)__seed597__fold3,0,0,0.231170,0.000000,0.960360,0.958753,0.909876
Ours (Atlas+AnatDist)__seed597__fold3,1,1,0.246290,0.200000,0.893753,0.891419,0.827317
Ours (Atlas+AnatDist)__seed597__fold3,1,1,0.195598,0.000000,0.842751,0.840085,0.767685
Ours (Atlas+AnatDist)__seed597__fold3,1,1,0.236141,0.000000,0.976384,0.975770,0.938118
Ours (Atlas+AnatDist)__seed597__fold3,1,2,0.309298,0.400000,0.942934,0.946743,0.976443
Ours (Atlas+AnatDist)__seed597__fold3,0,1,0.240791,0.200000,0.912319,0.909603,0.845620
Ours (Atlas+AnatDist)__seed597__fold3,2,0,0.239744,0.000000,0.967276,0.965644,0.919737
Ours (Atlas+AnatDist)__seed597__fold3,0,0,0.251080,0.000000,0.988882,0.988474,0.959612
Ours (Atlas+AnatDist)__seed597__fold3,1,1,0.198148,0.000000,0.855779,0.852375,0.775450
Ours (Atlas+AnatDist)__seed597__fold3,2,2,0.289427,0.400000,0.983617,0.986278,0.997435
Ours (Atlas+AnatDist)__seed597__fold3,1,0,0.247139,0.000000,0.980429,0.979280,0.943036
Ours (Atlas+AnatDist)__seed597__fold3,0,0,0.241211,0.000000,0.977700,0.976487,0.938274
Ours (Atlas+AnatDist)__seed597__fold3,1,1,0.248980,0.000000,0.973025,0.972360,0.933342
Ours (Atlas+AnatDist)__seed597__fold3,1,1,0.227314,0.000000,0.943991,0.940841,0.880629
Ours (Atlas+AnatDist)__seed597__fold3,0,0,0.251792,0.000000,0.985615,0.984833,0.951599
Ours (Atlas+AnatDist)__seed597__fold3,1,1,0.219041,0.000000,0.938946,0.936055,0.880510
Ours (Atlas+AnatDist)__seed597__fold3,2,1,0.274349,0.200000,0.996005,0.996924,0.987087
Ours (Atlas+AnatDist)__seed597__fold3,0,0,0.262442,0.200000,0.991598,0.991169,0.964428
Ours (Atlas+AnatDist)__seed597__fold3,0,1,0.206925,0.000000,0.912606,0.909538,0.840137
Ours (Atlas+AnatDist)__seed597__fold3,0,0,0.246442,0.000000,0.981075,0.979852,0.941736
Ours (Atlas+AnatDist)__seed597__fold3,1,1,0.250311,0.000000,0.956640,0.955094,0.905452
Ours (Atlas+AnatDist)__seed597__fold3,0,0,0.227277,0.000000,0.945750,0.943409,0.887255
Ours (Atlas+AnatDist)__seed597__fold3,1,1,0.243951,0.000000,0.984241,0.983058,0.944544
Ours (Atlas+AnatDist)__seed597__fold3,0,1,0.239315,0.200000,0.917392,0.914664,0.853330
Ours (Atlas+AnatDist)__seed597__fold3,1,1,0.241801,0.000000,0.987067,0.986563,0.954584
Ours (Atlas+AnatDist)__seed597__fold3,1,1,0.266689,0.000000,0.987444,0.987493,0.962277
Ours (Atlas+AnatDist)__seed597__fold3,1,1,0.201610,0.000000,0.930730,0.927884,0.862059
Ours (Atlas+AnatDist)__seed597__fold3,1,1,0.226918,0.000000,0.981621,0.979916,0.937344
Ours (Atlas+AnatDist)__seed597__fold3,0,0,0.252339,0.000000,0.986144,0.985698,0.954295
Ours (Atlas+AnatDist)__seed597__fold3,0,0,0.241803,0.000000,0.956548,0.954733,0.904530
Ours (Atlas+AnatDist)__seed597__fold3,0,0,0.256210,0.000000,0.986551,0.985827,0.953665
Ours (Atlas+AnatDist)__seed597__fold3,1,0,0.229612,0.000000,0.939454,0.936614,0.886099
Ours (Atlas+AnatDist)__seed597__fold3,2,1,0.245020,0.000000,0.975139,0.973722,0.930443
Ours (Atlas+AnatDist)__seed597__fold3,0,0,0.261578,0.000000,0.989792,0.989822,0.966944
Ours (Atlas+AnatDist)__seed597__fold3,1,0,0.229288,0.000000,0.953387,0.950781,0.895356
Ours (Atlas+AnatDist)__seed597__fold3,1,1,0.223715,0.000000,0.903452,0.899770,0.826619
Ours (Atlas+AnatDist)__seed597__fold3,1,2,0.295114,0.400000,0.978728,0.981658,0.996998
Ours (Atlas+AnatDist)__seed597__fold3,1,2,0.307941,0.400000,0.953380,0.957164,0.984629
Ours (Atlas+AnatDist)__seed597__fold3,1,2,0.301488,0.400000,0.974009,0.977152,0.996157
Ours (Atlas+AnatDist)__seed597__fold3,1,1,0.189720,0.000000,0.865394,0.861900,0.783648
Ours (Atlas+AnatDist)__seed597__fold3,0,0,0.239339,0.000000,0.969640,0.968343,0.924224
Ours (Atlas+AnatDist)__seed597__fold3,2,0,0.235314,0.200000,0.927748,0.926014,0.871861
Ours (Atlas+AnatDist)__seed597__fold3,1,1,0.217879,0.000000,0.933806,0.931327,0.869897
Ours (Atlas+AnatDist)__seed597__fold3,2,2,0.262841,0.200000,0.923846,0.928323,0.957775
Ours (Atlas+AnatDist)__seed597__fold3,1,0,0.265248,0.000000,0.989397,0.989645,0.967205
Ours (Atlas+AnatDist)__seed597__fold3,1,0,0.264149,0.000000,0.995977,0.996234,0.976506
Ours (Atlas+AnatDist)__seed597__fold3,1,1,0.262905,0.200000,0.964465,0.963056,0.920576
Ours (Atlas+AnatDist)__seed597__fold3,1,1,0.242477,0.000000,0.956694,0.954358,0.902339
Ours (Atlas+AnatDist)__seed597__fold3,1,1,0.262550,0.000000,0.995705,0.996797,0.985557
Ours (Atlas+AnatDist)__seed597__fold4,0,1,0.273263,0.200000,0.993839,0.994447,0.984070
Ours (Atlas+AnatDist)__seed597__fold4,0,0,0.243074,0.200000,0.965875,0.963919,0.924696
Ours (Atlas+AnatDist)__seed597__fold4,1,1,0.279972,0.400000,0.979136,0.979440,0.964036
Ours (Atlas+AnatDist)__seed597__fold4,1,0,0.242979,0.000000,0.947649,0.945144,0.902894
Ours (Atlas+AnatDist)__seed597__fold4,1,1,0.247953,0.000000,0.984752,0.984547,0.964531
Ours (Atlas+AnatDist)__seed597__fold4,1,1,0.256573,0.000000,0.991585,0.991575,0.973062
Ours (Atlas+AnatDist)__seed597__fold4,0,0,0.244416,0.000000,0.970029,0.968492,0.932196
Ours (Atlas+AnatDist)__seed597__fold4,2,1,0.264047,0.200000,0.994485,0.994912,0.981936
Ours (Atlas+AnatDist)__seed597__fold4,0,0,0.233101,0.000000,0.947550,0.944477,0.898165
Ours (Atlas+AnatDist)__seed597__fold4,1,1,0.238302,0.000000,0.973442,0.971367,0.930912
Ours (Atlas+AnatDist)__seed597__fold4,2,1,0.239798,0.200000,0.973030,0.970900,0.929573
Ours (Atlas+AnatDist)__seed597__fold4,1,1,0.242956,0.200000,0.977985,0.976479,0.943507
Ours (Atlas+AnatDist)__seed597__fold4,0,0,0.226971,0.200000,0.957794,0.955574,0.909830
Ours (Atlas+AnatDist)__seed597__fold4,1,1,0.220202,0.200000,0.950686,0.948328,0.900304
Ours (Atlas+AnatDist)__seed597__fold4,1,1,0.265934,0.000000,0.985077,0.985025,0.973350
Ours (Atlas+AnatDist)__seed597__fold4,0,0,0.240275,0.000000,0.960550,0.958432,0.917255
Ours (Atlas+AnatDist)__seed597__fold4,1,1,0.226424,0.200000,0.969432,0.967717,0.926861
Ours (Atlas+AnatDist)__seed597__fold4,2,2,0.292365,0.400000,0.982199,0.984697,0.994228
Ours (Atlas+AnatDist)__seed597__fold4,0,1,0.229820,0.000000,0.956893,0.954640,0.909140
Ours (Atlas+AnatDist)__seed597__fold4,0,0,0.238469,0.000000,0.969861,0.967679,0.927619
Ours (Atlas+AnatDist)__seed597__fold4,0,0,0.237977,0.000000,0.966642,0.964918,0.924755
Ours (Atlas+AnatDist)__seed597__fold4,1,1,0.238473,0.200000,0.977692,0.976254,0.938935
Ours (Atlas+AnatDist)__seed597__fold4,0,0,0.240412,0.000000,0.973526,0.971824,0.931953
Ours (Atlas+AnatDist)__seed597__fold4,1,1,0.248634,0.000000,0.974330,0.973744,0.944577
Ours (Atlas+AnatDist)__seed597__fold4,0,1,0.241233,0.000000,0.977716,0.976362,0.948249
Ours (Atlas+AnatDist)__seed597__fold4,1,1,0.256334,0.200000,0.986223,0.985821,0.960669
Ours (Atlas+AnatDist)__seed597__fold4,1,1,0.246311,0.200000,0.982645,0.981580,0.949104
Ours (Atlas+AnatDist)__seed597__fold4,1,1,0.245597,0.000000,0.978108,0.976515,0.949668
Ours (Atlas+AnatDist)__seed597__fold4,1,1,0.273925,0.200000,0.992465,0.992896,0.981921
Ours (Atlas+AnatDist)__seed597__fold4,0,1,0.230603,0.200000,0.965067,0.962972,0.921022
Ours (Atlas+AnatDist)__seed597__fold4,0,0,0.256859,0.000000,0.983548,0.983372,0.963980
Ours (Atlas+AnatDist)__seed597__fold4,0,1,0.272060,0.200000,0.987677,0.988011,0.973541
Ours (Atlas+AnatDist)__seed597__fold4,1,1,0.238515,0.200000,0.978507,0.977442,0.945369
Ours (Atlas+AnatDist)__seed597__fold4,2,2,0.290979,0.200000,0.978460,0.981118,0.994582
Ours (Atlas+AnatDist)__seed597__fold4,0,0,0.242829,0.200000,0.965078,0.963511,0.922005
Ours (Atlas+AnatDist)__seed597__fold4,1,0,0.241247,0.000000,0.965285,0.963811,0.928454
Ours (Atlas+AnatDist)__seed597__fold4,1,0,0.228413,0.000000,0.966074,0.964157,0.920267
Ours (Atlas+AnatDist)__seed597__fold4,1,1,0.231081,0.200000,0.969153,0.966926,0.923316
Ours (Atlas+AnatDist)__seed597__fold4,1,1,0.225611,0.200000,0.964312,0.962162,0.917096
Ours (Atlas+AnatDist)__seed597__fold4,1,0,0.234544,0.200000,0.964352,0.962301,0.916620
Ours (Atlas+AnatDist)__seed597__fold4,1,1,0.232811,0.000000,0.976602,0.974957,0.938233
Ours (Atlas+AnatDist)__seed597__fold4,0,0,0.268231,0.000000,0.993651,0.994376,0.984476
Ours (Atlas+AnatDist)__seed597__fold4,2,2,0.304204,0.400000,0.970947,0.974296,0.995425
Ours (Atlas+AnatDist)__seed597__fold4,1,1,0.251001,0.200000,0.987129,0.986296,0.957607
Ours (Atlas+AnatDist)__seed597__fold4,2,2,0.289152,0.400000,0.983585,0.986030,0.996038
Ours (Atlas+AnatDist)__seed597__fold4,1,1,0.246128,0.200000,0.981849,0.980543,0.945011
Ours (Atlas+AnatDist)__seed597__fold4,1,1,0.272032,0.200000,0.993376,0.993999,0.984925
Ours (Atlas+AnatDist)__seed597__fold4,1,1,0.286267,0.200000,0.980073,0.981782,0.988152
Ours (Atlas+AnatDist)__seed597__fold4,1,1,0.238194,0.000000,0.983882,0.982944,0.958839
Ours (Atlas+AnatDist)__seed597__fold4,1,1,0.277378,0.000000,0.986332,0.987288,0.980923
